radio wave communications
[[[0.3949030339717865, -0.12838616967201233, 0.4764135181903839, 2.0291967391967773, 1.2063158750534058, -0.27485501766204834, -1.937914490699768, -1.1461067199707031, 0.49105799198150635, 1.3491311073303223, 0.5019813179969788, -0.05107593536376953, 0.6961098313331604, -0.4707200527191162, 0.6436534523963928, -1.1128861904144287, -0.025544697418808937, 1.6406502723693848, 0.19389763474464417, -1.3183423280715942, 1.1245170831680298, -0.5588638782501221, -1.0273475646972656, 0.45955193042755127, -0.10856639593839645, -0.001993275247514248, -0.24880966544151306, -1.5676065683364868, 1.3449863195419312, -0.48131826519966125, -0.08801551163196564, -0.2759239077568054, -0.48109036684036255, 0.984137773513794, 1.9767838716506958, -0.45888474583625793, -1.2178974151611328, -0.5160850286483765, -0.12117891758680344, -1.6646991968154907, -0.676612138748169, -2.40604305267334, -1.3758893013000488, -1.1622979640960693, -0.26946279406547546, 0.40294933319091797, 0.720497727394104, -1.7734284400939941, 1.5028555393218994, 0.8100746273994446, -1.4070554971694946, -1.5037710666656494, -0.4557673931121826, -0.5258792638778687, -0.3793472945690155, -0.39967620372772217, 0.4371430277824402, 0.19139991700649261, -0.6317663192749023, 0.7019680142402649, 1.5411378145217896, 0.3367486596107483, 1.8080354928970337, -0.31455108523368835, -0.8757102489471436, -0.9794299602508545, 0.17383921146392822, 0.3876825273036957, 1.0376017093658447, -0.46959400177001953, 0.5646834969520569, -0.0599789135158062, -0.6634414792060852, 0.4112996459007263, 1.936612844467163, 0.7700280547142029, 1.4605185985565186, 0.8782528042793274, 1.9994109869003296, 1.443570613861084, -1.3889029026031494, -1.1439743041992188, 0.8136268854141235, -0.011344202794134617, 0.3850618004798889, 0.5767850279808044, 1.5402060747146606, 0.4474286735057831, 0.8791645765304565, 0.7393644452095032, 0.10286122560501099, 0.5500613451004028, 0.40027618408203125, -0.06988272815942764, -0.5934072136878967, -0.4526052474975586, 0.11462460458278656, 1.8411314487457275, 1.3222428560256958, -0.23050197958946228, -0.0937579944729805, -0.9755532741546631, -0.976257860660553, -0.5452383756637573, -1.5402603149414062, 1.5462626218795776, 1.5218031406402588, 0.7030125260353088, -1.1475028991699219, -1.2444899082183838, -0.3082130253314972, 0.7334274649620056, 0.15144769847393036, -1.743178367614746, -1.1563682556152344, -0.9955401420593262, -2.2930405139923096, -0.19183668494224548, -1.26111900806427, -1.0093610286712646, 0.32032573223114014, 0.6257529854774475, 1.1359466314315796, -0.10227157920598984, -1.0578243732452393, 0.7634202241897583, 0.03466784954071045, -0.13225513696670532]]]

wireless data transfer
[[[-0.053486716002225876, -0.003662392497062683, 1.5846349000930786, 1.1662930250167847, 0.624292254447937, 0.36605289578437805, -2.0395309925079346, -0.3024600148200989, 0.29150670766830444, 0.8641208410263062, -0.34937340021133423, -0.36876794695854187, 0.3565707802772522, -0.7823653817176819, 1.159547209739685, -1.9461040496826172, -0.24045301973819733, 0.6783230900764465, -0.12821343541145325, -0.8513239026069641, 1.5144906044006348, -0.6329233646392822, -1.1995381116867065, 0.046769339591264725, -0.24777410924434662, -0.05473603308200836, 0.2544700801372528, -0.9927492737770081, 0.556865930557251, -0.4758187234401703, 0.09985587745904922, -0.7924956679344177, 0.7243591547012329, 0.882979691028595, 1.7270698547363281, 0.14212004840373993, -0.8590188026428223, -0.5951539278030396, 0.8534139394760132, -1.6376607418060303, 0.07601665705442429, -1.988494634628296, -1.0443646907806396, -0.4465175271034241, -0.23449096083641052, 0.11827276647090912, 0.4293648898601532, -1.552341103553772, 0.28431111574172974, 0.48610973358154297, -1.5490387678146362, -1.3780442476272583, -0.05311688780784607, -0.4409219026565552, -0.38973018527030945, -0.4042091965675354, -0.5060629844665527, 0.4881128668785095, -0.48971620202064514, 1.0560011863708496, 1.7999842166900635, 0.6255772709846497, 0.8646291494369507, 0.965302050113678, 0.4288442134857178, -0.8814144134521484, 0.21614591777324677, 0.5992302894592285, 0.37337127327919006, 0.4014746844768524, 0.3694576621055603, -0.7330490350723267, -1.3178833723068237, 0.8428086638450623, 2.7310681343078613, 0.03936067968606949, 1.240543246269226, 0.4295790195465088, 1.951698899269104, 1.6321377754211426, -1.3620715141296387, -1.1829177141189575, 1.336452841758728, -0.1858300268650055, -0.05878741294145584, -0.33061477541923523, 1.4189774990081787, 0.40813615918159485, 0.6558536291122437, 0.9285091161727905, -0.4458945393562317, 0.5227323770523071, 1.1360710859298706, 0.07674426585435867, -0.4667068421840668, -0.9505317807197571, 1.439926028251648, 2.0771567821502686, 1.4754914045333862, 0.25979432463645935, 0.6287444829940796, -0.9094823598861694, -0.5260342359542847, -0.2810913622379303, -1.8361588716506958, 1.6977283954620361, 1.7189956903457642, 1.368025779724121, -1.2871119976043701, -1.3716100454330444, -0.798363208770752, 0.31557518243789673, -0.4642190635204315, -1.2535704374313354, -2.2391836643218994, -0.7966812252998352, -2.1855483055114746, -0.8561209440231323, -0.7400861978530884, -1.0881750583648682, -0.0010936978505924344, 0.4482705593109131, 0.9559342861175537, -1.0071054697036743, -0.9519368410110474, 0.5038410425186157, -0.3548138737678528, 0.17864876985549927]]]

portable communications
[[[0.0997423306107521, -0.31406623125076294, 0.5835034251213074, 0.6919527649879456, 0.9699352979660034, -0.3624851107597351, -1.5817956924438477, -1.0206764936447144, 0.9745864868164062, 0.900233805179596, -0.10812276601791382, -0.5918155312538147, 0.033752430230379105, -0.6320726871490479, 1.119227647781372, -1.5137220621109009, -0.35345494747161865, 1.2235077619552612, 0.32863572239875793, -1.4851702451705933, 0.8091480135917664, -0.22440987825393677, -1.0972810983657837, 0.3037773668766022, 0.1201401799917221, -0.292954683303833, 0.3861314356327057, -1.8388372659683228, 0.39816227555274963, -0.3391178846359253, -0.5744121074676514, -0.7557669878005981, 0.13725398480892181, 1.1175222396850586, 1.561342477798462, -0.19588109850883484, -1.2742860317230225, 0.3039023280143738, -0.3475303649902344, -1.7217215299606323, 0.3908287286758423, -1.706387996673584, -1.3686078786849976, -1.1866227388381958, 0.06166769564151764, 0.17470794916152954, 0.3720875680446625, -1.429103136062622, 1.3376914262771606, 0.2723109722137451, -1.183048963546753, -2.0807957649230957, -0.36021628975868225, -0.140407994389534, -0.5906692147254944, -0.4140169024467468, 0.6531464457511902, 0.39995309710502625, -0.20090219378471375, 1.0035502910614014, 1.9587292671203613, 1.5625567436218262, 1.7335156202316284, 0.0447390079498291, -0.015150648541748524, -1.0669968128204346, 1.070832371711731, 0.5620402097702026, 0.5665818452835083, -0.20795795321464539, 0.7754338979721069, -1.165178894996643, -0.4300640821456909, 0.7756046056747437, 1.998936414718628, 0.6990854740142822, 1.7631192207336426, 0.07055854052305222, 1.575604796409607, 0.7951123118400574, -1.4166172742843628, -1.420291781425476, 1.1588605642318726, -0.3065668046474457, 0.5656189322471619, -0.07969124615192413, 1.6979825496673584, 0.8472083210945129, 1.3527145385742188, 0.39416882395744324, 0.424943745136261, 0.918164074420929, -0.24580448865890503, 0.4448941648006439, -0.9806156754493713, -0.04379960149526596, 0.8700423836708069, 0.7182844281196594, 1.387221097946167, -0.2321249395608902, 1.4085400104522705, -1.2092633247375488, -0.8567560911178589, -1.2123929262161255, -1.550398588180542, 2.006488084793091, 1.3650193214416504, 1.1354994773864746, -1.358041763305664, -1.910685420036316, -0.47609540820121765, 0.3084951937198639, 0.22498877346515656, -1.4404884576797485, -0.4887230098247528, -0.0719417929649353, -2.3122613430023193, -1.0658483505249023, -0.9291805624961853, -1.1674495935440063, 0.21776096522808075, 0.4086483418941498, 0.9296939969062805, 0.31431204080581665, -1.5355092287063599, 0.44184204936027527, -0.15669062733650208, 0.4167005121707916]]]

communication
[[[-1.1141642332077026, -1.1608530282974243, -0.057837776839733124, 1.1592994928359985, -0.3307594656944275, -0.54405677318573, -0.6221232414245605, -0.4570868909358978, 0.4776264429092407, 1.306572437286377, -0.3579874634742737, -1.4424864053726196, 0.629862904548645, -0.563351035118103, -0.06588490307331085, -0.8558914065361023, -0.998914897441864, 0.9299330711364746, -0.13596194982528687, -2.080040216445923, 0.2117532342672348, 1.137455940246582, -1.3396331071853638, 0.6660423278808594, 0.643929123878479, -1.336667776107788, 1.3426591157913208, -1.1190494298934937, 0.1711147129535675, -1.0529890060424805, -0.7378362417221069, -1.6233638525009155, 0.7956972122192383, 1.294006109237671, 0.6922661662101746, -0.24175886809825897, -0.7394899129867554, 0.41854748129844666, -0.9566550850868225, -0.722027599811554, 0.4441359043121338, -1.352744460105896, -1.2386572360992432, -0.9773436188697815, -0.9186105132102966, -0.9219040870666504, -0.33047935366630554, -1.2156778573989868, 0.8243352174758911, 1.4225194454193115, -0.13996967673301697, -2.2064156532287598, -0.32576984167099, -0.416724294424057, 0.5709023475646973, 0.8611323833465576, 1.1925865411758423, 0.9647042751312256, -2.0581743717193604, 1.2967041730880737, 0.8796683549880981, 1.0001707077026367, 1.6280351877212524, 0.20817813277244568, 0.020485568791627884, -0.04356931522488594, 1.1120938062667847, 1.3967511653900146, 1.3703397512435913, 0.9849070310592651, 0.5134114027023315, -0.07085779309272766, -0.2002285122871399, 1.2386962175369263, 1.8339523077011108, 0.6290966868400574, -0.07520493865013123, 0.31384021043777466, 1.7582393884658813, 0.6396087408065796, -0.817834734916687, -0.1984080821275711, 1.1809405088424683, -0.058052342385053635, -1.115240216255188, -0.8393027186393738, 0.6611854434013367, 0.3235335052013397, -0.329001247882843, -0.5757805109024048, 1.343160629272461, 1.2657806873321533, 0.18805240094661713, -0.34998786449432373, -1.2294141054153442, 0.05256280675530434, 0.7088112831115723, 1.587253451347351, 0.7694710493087769, -0.7596375942230225, 0.12389817088842392, -1.3809596300125122, -0.9774200916290283, -1.8466049432754517, -0.8640637993812561, 2.2854557037353516, 0.7489862442016602, 1.3266024589538574, -1.7734628915786743, -0.7278547286987305, 1.1246474981307983, -0.7914511561393738, 0.07205679267644882, -1.9062238931655884, -0.794368326663971, 0.057727932929992676, -1.4010971784591675, -0.636165976524353, 1.20218825340271, -1.5171456336975098, 1.0288245677947998, 0.5988943576812744, 0.1076216846704483, 0.9333699345588684, -0.3488973379135132, 0.8649446964263916, 0.49704915285110474, 0.35329779982566833]]]

communication
[[[-1.1141642332077026, -1.1608530282974243, -0.057837776839733124, 1.1592994928359985, -0.3307594656944275, -0.54405677318573, -0.6221232414245605, -0.4570868909358978, 0.4776264429092407, 1.306572437286377, -0.3579874634742737, -1.4424864053726196, 0.629862904548645, -0.563351035118103, -0.06588490307331085, -0.8558914065361023, -0.998914897441864, 0.9299330711364746, -0.13596194982528687, -2.080040216445923, 0.2117532342672348, 1.137455940246582, -1.3396331071853638, 0.6660423278808594, 0.643929123878479, -1.336667776107788, 1.3426591157913208, -1.1190494298934937, 0.1711147129535675, -1.0529890060424805, -0.7378362417221069, -1.6233638525009155, 0.7956972122192383, 1.294006109237671, 0.6922661662101746, -0.24175886809825897, -0.7394899129867554, 0.41854748129844666, -0.9566550850868225, -0.722027599811554, 0.4441359043121338, -1.352744460105896, -1.2386572360992432, -0.9773436188697815, -0.9186105132102966, -0.9219040870666504, -0.33047935366630554, -1.2156778573989868, 0.8243352174758911, 1.4225194454193115, -0.13996967673301697, -2.2064156532287598, -0.32576984167099, -0.416724294424057, 0.5709023475646973, 0.8611323833465576, 1.1925865411758423, 0.9647042751312256, -2.0581743717193604, 1.2967041730880737, 0.8796683549880981, 1.0001707077026367, 1.6280351877212524, 0.20817813277244568, 0.020485568791627884, -0.04356931522488594, 1.1120938062667847, 1.3967511653900146, 1.3703397512435913, 0.9849070310592651, 0.5134114027023315, -0.07085779309272766, -0.2002285122871399, 1.2386962175369263, 1.8339523077011108, 0.6290966868400574, -0.07520493865013123, 0.31384021043777466, 1.7582393884658813, 0.6396087408065796, -0.817834734916687, -0.1984080821275711, 1.1809405088424683, -0.058052342385053635, -1.115240216255188, -0.8393027186393738, 0.6611854434013367, 0.3235335052013397, -0.329001247882843, -0.5757805109024048, 1.343160629272461, 1.2657806873321533, 0.18805240094661713, -0.34998786449432373, -1.2294141054153442, 0.05256280675530434, 0.7088112831115723, 1.587253451347351, 0.7694710493087769, -0.7596375942230225, 0.12389817088842392, -1.3809596300125122, -0.9774200916290283, -1.8466049432754517, -0.8640637993812561, 2.2854557037353516, 0.7489862442016602, 1.3266024589538574, -1.7734628915786743, -0.7278547286987305, 1.1246474981307983, -0.7914511561393738, 0.07205679267644882, -1.9062238931655884, -0.794368326663971, 0.057727932929992676, -1.4010971784591675, -0.636165976524353, 1.20218825340271, -1.5171456336975098, 1.0288245677947998, 0.5988943576812744, 0.1076216846704483, 0.9333699345588684, -0.3488973379135132, 0.8649446964263916, 0.49704915285110474, 0.35329779982566833]]]

near field communication
[[[-0.2224678248167038, -0.3417922258377075, 1.182331919670105, 1.5398603677749634, 1.0982502698898315, -1.06935715675354, -1.221523642539978, -1.794605016708374, 0.4727316200733185, 1.3354436159133911, 0.45586296916007996, -0.35039690136909485, 0.6151897311210632, -1.2350435256958008, 1.8401880264282227, -1.3373010158538818, -0.41513705253601074, 1.7230298519134521, -0.18773972988128662, -2.747436285018921, 0.6407204270362854, 0.37007299065589905, -0.30833685398101807, -0.15767575800418854, -0.6188333034515381, -1.2431602478027344, 0.4134531319141388, -0.8809834122657776, 0.6420834064483643, -0.4769916534423828, -0.09785465151071548, -1.8697593212127686, 0.17508788406848907, -0.3215465247631073, 1.3740111589431763, -0.6075249910354614, -1.6512947082519531, -0.31052783131599426, -0.30865079164505005, -1.87078058719635, 0.31693127751350403, -1.9572216272354126, -0.22411569952964783, -0.677844226360321, -0.06954094767570496, 0.27302324771881104, 0.2120695412158966, -1.777142882347107, 0.29174721240997314, 0.24490538239479065, 0.0642266646027565, -0.2775086760520935, -0.5866547226905823, 0.502589762210846, -0.16934537887573242, 0.29548636078834534, 0.43276679515838623, -0.2546556890010834, -0.8737004995346069, 0.30495136976242065, 2.145909547805786, 1.4539859294891357, 1.1312406063079834, 0.13350462913513184, -0.05473782867193222, -0.831372082233429, -0.4839572012424469, 0.9676867127418518, 0.6065438985824585, -0.15000128746032715, 0.9565728902816772, -1.0019958019256592, -0.5010921955108643, 1.7265363931655884, 1.2991641759872437, 0.11670123785734177, 1.2604598999023438, -0.31876736879348755, 2.007131338119507, 0.9529110789299011, -0.6645888686180115, -0.9959404468536377, 0.580718457698822, -0.023900488391518593, 0.645831823348999, 0.4159025549888611, 1.7802610397338867, 1.237952709197998, 0.12415779381990433, 0.24549336731433868, 0.09159689396619797, 1.1841933727264404, 0.2926391065120697, 0.13011154532432556, -0.46169301867485046, 1.0595333576202393, 0.5333117246627808, 1.6820294857025146, 0.7472816705703735, -1.0754848718643188, 1.1489003896713257, -1.6090582609176636, 0.5419609546661377, -0.26976630091667175, -1.6684900522232056, 2.1694812774658203, 1.5802345275878906, 0.5855366587638855, -1.3678563833236694, -1.3332151174545288, -0.5132055878639221, 0.6375081539154053, -1.2566882371902466, -1.3623600006103516, -0.6785399913787842, -0.0672072172164917, -1.3500477075576782, 0.12145376950502396, -1.0799031257629395, -1.4702340364456177, -0.23899294435977936, 0.7298629879951477, 0.6139616370201111, -0.7930010557174683, -1.0492429733276367, 1.0877792835235596, 0.026257621124386787, -0.38352665305137634]]]

phones
[[[-0.9471649527549744, -1.2774897813796997, 0.14407406747341156, 0.9388946294784546, -0.7103757858276367, -0.3706698417663574, -1.016460657119751, -0.6989513635635376, 0.3901991546154022, 0.896087646484375, -0.5463091135025024, -1.741519808769226, 0.9153865575790405, -0.7478939890861511, 0.5601029396057129, -0.7892668843269348, -0.5809664726257324, 1.3868740797042847, 0.1819709837436676, -2.2997400760650635, 0.5499429702758789, 0.854276716709137, -0.9301685094833374, 0.8208852410316467, 0.7452494502067566, -1.2821381092071533, 1.4484493732452393, -1.1245499849319458, 0.20232374966144562, -0.7498998045921326, -0.7945716977119446, -1.9174102544784546, 0.36414965987205505, 1.4511263370513916, 0.35183143615722656, -0.9479230046272278, 0.25334230065345764, 0.142607644200325, -0.9763405919075012, -0.26682963967323303, 0.463492214679718, -1.5218108892440796, -1.1995755434036255, -0.6526556611061096, -0.44494444131851196, -0.8964807987213135, 0.2806969881057739, -1.3036051988601685, 0.9288153648376465, 0.9018951058387756, -0.14482109248638153, -1.8623125553131104, -0.8288559317588806, -0.05600146949291229, 0.4663633704185486, 0.17260441184043884, 0.9640699028968811, 0.8810840845108032, -1.4911261796951294, 1.3237613439559937, 1.3172427415847778, 0.9683797955513, 1.6354418992996216, 0.40925589203834534, 0.14654028415679932, -0.8057047128677368, 1.3005986213684082, 0.8922507166862488, 1.3686732053756714, 0.5910218358039856, 0.44580623507499695, -0.5958247780799866, -0.7940756678581238, 1.0666449069976807, 2.714418649673462, -0.2789303958415985, 0.24086575210094452, 0.7239680886268616, 2.268624782562256, 0.9427642822265625, -0.5861503481864929, -0.5736725926399231, 1.1602476835250854, -0.559418797492981, -1.2538384199142456, -0.650921106338501, 0.896199643611908, 0.9019629955291748, -0.20897580683231354, -0.8822081685066223, 1.1890294551849365, 0.7023465633392334, 0.7756777405738831, -0.008850199170410633, -1.1635242700576782, -0.4448866546154022, 0.9275146126747131, 1.7618746757507324, 1.035439133644104, -0.9627629518508911, 0.054413843899965286, -1.1769813299179077, -0.7125933170318604, -1.9651066064834595, -0.9481816291809082, 1.980230450630188, 1.3204131126403809, 0.9802563786506653, -1.104095458984375, -0.7819653749465942, 0.8466315865516663, -0.86640465259552, -0.42400750517845154, -1.3390742540359497, -0.8919594287872314, -0.22180339694023132, -1.3774967193603516, -0.7930813431739807, 0.7530839443206787, -1.5148963928222656, 0.6499375700950623, 0.6148006916046143, 0.07561137527227402, 0.9586920142173767, -0.3668980002403259, 0.7577908039093018, 0.4365307688713074, 0.5813781023025513]]]

mobile phones
[[[0.1126289889216423, -1.519025444984436, 0.9020416140556335, 1.6870994567871094, -0.050086215138435364, 0.4537246525287628, -2.253085136413574, -0.8487759232521057, -0.24642930924892426, 0.9226395487785339, -0.5461860299110413, -1.2824655771255493, 1.0909403562545776, -1.111115574836731, 0.5455828309059143, -0.3829786777496338, -0.4594106078147888, 1.004438877105713, 0.3007032573223114, -1.4995386600494385, 0.6706491112709045, 0.1450977921485901, -0.5167301893234253, 0.28515103459358215, 0.1979297697544098, -0.8620599508285522, 0.8771765232086182, -1.0924564599990845, 0.20884157717227936, -1.2557777166366577, -1.0721794366836548, -0.5993991494178772, 0.20067086815834045, 1.5809111595153809, 0.6480933427810669, -1.6506662368774414, -0.5046948790550232, 0.36432603001594543, 0.8094334006309509, -0.4684254825115204, 0.2732633650302887, -2.0963590145111084, -1.5305782556533813, 0.009799424558877945, -0.7060214281082153, -0.33794936537742615, -0.37930265069007874, -1.017785906791687, 0.8385088443756104, -0.6949549913406372, -0.5372267961502075, -0.6265194416046143, 0.48059460520744324, -0.5189431309700012, 0.3437351882457733, 0.07070189714431763, 0.4486854672431946, 0.15249581634998322, -0.25159531831741333, -0.06323093920946121, 1.4154682159423828, 0.3017425537109375, 1.5482667684555054, 0.019141262397170067, 0.5050700902938843, -1.5645122528076172, 1.4155302047729492, 0.46131131052970886, 0.6696063876152039, 0.17533724009990692, 0.6559276580810547, -0.6014845967292786, -0.7788379192352295, 1.004036784172058, 2.938760280609131, 0.17263542115688324, 1.438598871231079, 1.057325005531311, 2.577486753463745, 1.5079748630523682, -1.4020060300827026, -1.5640408992767334, 0.9536132216453552, -0.8760241270065308, -1.344921588897705, -1.1414133310317993, 1.3755464553833008, 0.5068483948707581, 1.3604542016983032, -0.2142408937215805, 0.22512517869472504, 0.8195924758911133, 1.6903645992279053, 0.500388503074646, -1.1135555505752563, -0.242085263133049, 0.3357398808002472, 1.7843278646469116, 1.1462517976760864, -0.3782947361469269, -0.03168553486466408, -0.9680545926094055, -0.22766132652759552, -0.9011462330818176, -0.5927175283432007, 2.398677349090576, 2.5734453201293945, -0.6885762214660645, -0.2315627634525299, -0.47001489996910095, -0.06125115230679512, 0.5643617510795593, -1.3793535232543945, -1.2940785884857178, -0.7477868795394897, -0.6071830987930298, -1.1648725271224976, -0.0822359248995781, -0.0715106949210167, -1.615753412246704, 0.24746885895729065, -0.4306056499481201, -0.09058133512735367, 0.36344674229621887, -0.4375323951244354, 0.6990381479263306, -0.17418289184570312, -0.5630565881729126]]]

communication between devices
[[[0.18319696187973022, -0.16931788623332977, 0.3982562720775604, 1.5427289009094238, 0.7423804998397827, 0.4935278296470642, -1.4583476781845093, -1.1345821619033813, 0.2099350541830063, 1.620343804359436, -0.588821530342102, -0.953504741191864, 0.8655288815498352, -0.5863429307937622, 0.9053728580474854, -1.4101811647415161, -0.30644071102142334, 0.7907941341400146, -0.2602289617061615, -1.2795056104660034, 0.5480883717536926, 0.44530579447746277, -1.3665943145751953, 1.6394153833389282, -0.12648114562034607, -0.4558205306529999, 1.661501169204712, -1.8402920961380005, 0.8827593326568604, 0.13121378421783447, -1.2433271408081055, -0.7585854530334473, 0.008901911787688732, -0.1271386742591858, 0.4435141980648041, -0.6302251219749451, -1.1083555221557617, -0.6618067026138306, -0.48996004462242126, -0.8285007476806641, 0.7952600121498108, -0.8291109800338745, -0.6062517166137695, -1.3989136219024658, -0.7189104557037354, 0.006904290989041328, -0.1955205649137497, -2.0142691135406494, 0.3917383849620819, -0.3522162139415741, -0.12580464780330658, -1.0902302265167236, -0.9651057720184326, -0.24855345487594604, -0.4285547733306885, 0.8782589435577393, 0.48859062790870667, -0.010291241109371185, -1.592979073524475, 0.941456139087677, 1.6544281244277954, 1.392507791519165, 0.833056628704071, 0.9358105659484863, 0.4549213945865631, -0.9052760004997253, 0.9340226054191589, 0.709291398525238, 1.8004422187805176, 0.799707293510437, 0.5723859667778015, -0.6810940504074097, -1.287052869796753, 1.6140216588974, 1.5390565395355225, 0.946850061416626, 1.4279205799102783, 0.364455908536911, 1.817288875579834, 0.07700543105602264, -0.3163313567638397, -0.3683444559574127, 1.8800212144851685, 0.3963027596473694, -1.6509125232696533, -0.0973588302731514, 1.3292373418807983, -0.13299256563186646, 1.167217493057251, -0.4746036231517792, -0.6010070443153381, 0.056520506739616394, 1.2476143836975098, 0.19838343560695648, -0.7211092114448547, 0.029107484966516495, 0.5885002017021179, 1.411182165145874, 1.3864445686340332, 0.04123706743121147, 0.582141101360321, -1.6170597076416016, -0.5730197429656982, -0.7031200528144836, -1.4592134952545166, 1.8404337167739868, 1.8284237384796143, 0.693091869354248, -1.1124416589736938, -1.5912460088729858, 1.0417834520339966, -0.2275562435388565, -1.5699100494384766, -0.6910921335220337, -0.4260970950126648, -0.8265734910964966, -2.627913236618042, 0.27853673696517944, -0.9310287833213806, -1.2200580835342407, 0.6668674349784851, 0.23447257280349731, 0.06329174339771271, 0.5319603085517883, -1.5714820623397827, 0.29021695256233215, 0.4937254786491394, -0.4198915362358093]]]

bluetooth
[[[0.2177160233259201, -0.4852348864078522, 0.6002056002616882, 1.518917202949524, 0.5032805800437927, 0.10394012928009033, -1.7128047943115234, -1.0727906227111816, -0.3282340466976166, 1.449607014656067, 0.19214479625225067, -0.730033278465271, -0.14468875527381897, -1.116368293762207, 1.4526182413101196, -0.9863994717597961, -0.7798132300376892, 1.1236249208450317, 0.3656023442745209, -1.5949589014053345, 0.8194601535797119, 0.48900577425956726, -1.752345323562622, 0.423235684633255, 0.37709948420524597, -1.534642219543457, -0.5054186582565308, -1.392117977142334, -0.20888052880764008, -0.16815826296806335, -0.17515073716640472, -1.9125863313674927, 0.588073194026947, 0.7541083693504333, 0.80584317445755, -0.5927574634552002, -0.516275942325592, -0.06712573766708374, -0.4157920777797699, -0.030028125271201134, -0.16428476572036743, -2.4533443450927734, -0.9320054650306702, -0.7961291670799255, -0.13399891555309296, -0.5379867553710938, 0.7414883971214294, -1.0941647291183472, 1.3421998023986816, 0.49456363916397095, -1.8239880800247192, -1.0485482215881348, -0.7168432474136353, 0.3478113114833832, 0.2683276832103729, 0.5867145657539368, -0.051681291311979294, 0.28187283873558044, -0.08615263551473618, 1.3577682971954346, 2.124699354171753, 0.08838728815317154, 0.9836860299110413, -0.3236619532108307, 0.24139156937599182, -1.746893048286438, 0.15355722606182098, 1.0929334163665771, 0.9147577285766602, -0.7682448029518127, 0.9261190891265869, -0.8600348234176636, -0.348397433757782, 0.9677005410194397, 2.4654364585876465, -0.4396042227745056, 0.34104713797569275, -0.2487524300813675, 1.8303148746490479, 1.263741374015808, -0.8429805636405945, -1.4000282287597656, 1.0908271074295044, -0.3283068835735321, 0.5684715509414673, 0.31911998987197876, 2.139542579650879, 0.49861228466033936, -0.356810986995697, -0.15710562467575073, 1.0499765872955322, 0.2161896973848343, 0.650019645690918, 0.8066710829734802, -0.9562862515449524, 0.4713934063911438, 0.8505961298942566, 1.902755856513977, 1.6537622213363647, -0.5852344036102295, 1.2842493057250977, -1.0618599653244019, -0.05984396114945412, -1.4039523601531982, -1.484542727470398, 1.87276029586792, 1.6792118549346924, 0.3933546841144562, -1.6651653051376343, -0.6281707882881165, -0.4864622950553894, 0.4014797508716583, -0.33789879083633423, -0.32006752490997314, -1.6200647354125977, 0.4134606122970581, -1.1830052137374878, -0.10623931884765625, -0.9358654022216797, -2.1600124835968018, 0.5645760297775269, 0.10130631178617477, 0.15538349747657776, 0.5849003791809082, -0.8613801002502441, 0.9374356865882874, 0.2121192216873169, 0.32142728567123413]]]

the address
[[[-0.6228071451187134, -0.0996299609541893, 0.15774530172348022, 1.10408616065979, 0.1749691367149353, -0.26671308279037476, -1.5667436122894287, -0.5320704579353333, 1.0770381689071655, 1.5645387172698975, -0.5352462530136108, -1.5551127195358276, -0.19650688767433167, -1.5357599258422852, 1.2783061265945435, -1.327711820602417, -0.1564105600118637, 1.770585536956787, -0.2737831473350525, -2.218893527984619, 0.37075239419937134, 0.8305413126945496, -1.0940065383911133, 1.3743687868118286, 0.23383232951164246, -0.43716034293174744, 1.3630207777023315, -1.3639426231384277, -0.3214802145957947, -0.17999900877475739, -0.9204937219619751, -1.7227116823196411, 0.6078429222106934, 0.8454999923706055, 0.5509215593338013, 0.28601840138435364, -0.4848249852657318, 0.3537372052669525, -0.4922719895839691, -0.4263552725315094, 0.8385367393493652, -1.6265015602111816, -0.6247096061706543, -0.07916062325239182, -0.4282322824001312, -0.37942516803741455, 0.36810302734375, -1.5129295587539673, -0.07159541547298431, 0.4889247715473175, 0.32499927282333374, -1.5631635189056396, -0.17369405925273895, -0.1279868334531784, 0.13111118972301483, 0.7698359489440918, 0.932869553565979, -0.10281162708997726, -1.1887325048446655, 0.9435383677482605, 1.8156770467758179, 0.4503841996192932, 2.4707963466644287, -0.5473068952560425, -0.6283015012741089, -1.4133288860321045, 1.1045702695846558, 1.279992699623108, 1.8809758424758911, 0.17873139679431915, 0.30095747113227844, -0.28184014558792114, 0.0554710254073143, 0.5930079221725464, 1.6377919912338257, 0.5131733417510986, 0.7619141936302185, 0.1879001259803772, 1.5180301666259766, 0.9932317733764648, -1.1827858686447144, -0.78450608253479, 1.346803069114685, -0.27974238991737366, -1.3523387908935547, -0.08209369331598282, 0.021093230694532394, -0.035606276243925095, 0.5350691080093384, -0.26479199528694153, -0.1800883561372757, 0.6773362159729004, 0.025535600259900093, 0.1712789386510849, -1.756964087486267, -0.21047799289226532, 0.6640885472297668, 1.7919601202011108, 0.6788709759712219, -1.4086782932281494, -0.12337112426757812, -1.0349501371383667, 0.010968197137117386, -0.5004128813743591, -0.8011612892150879, 1.938997507095337, 2.2473220825195312, 0.9954149723052979, -1.7061008214950562, -0.8996120691299438, 0.6195608973503113, -0.8614972233772278, -1.254538655281067, -2.7121076583862305, -1.5881633758544922, 1.014992356300354, -1.3420593738555908, 0.4182669222354889, -0.11583247780799866, -0.28286606073379517, 1.2727710008621216, -0.5400897860527039, -0.05783992260694504, 0.3484306037425995, -0.31171923875808716, 0.5280584692955017, 0.6043100953102112, 0.3552949130535126]]]

a letter head
[[[-1.1265604496002197, -0.4002268612384796, 0.22516338527202606, 1.7108107805252075, -0.9228717684745789, 0.7920202016830444, -1.6004383563995361, -0.1288159340620041, 0.4566401243209839, 1.384252905845642, -0.4325449764728546, -1.4280457496643066, 0.4266727864742279, -0.9017914533615112, 1.608117699623108, -1.768236756324768, -0.232315793633461, 0.25443732738494873, -0.34010931849479675, -2.5805861949920654, -0.5251518487930298, -0.09441949427127838, -0.8361290693283081, 1.336523175239563, -0.3920769989490509, -1.3367890119552612, 0.1719164103269577, -1.2006251811981201, 1.179276704788208, 0.09086669236421585, -0.6569609642028809, -1.6638273000717163, 0.27451908588409424, -0.12163423001766205, 1.720577597618103, 0.05084714666008949, -0.6470783352851868, -0.5064556002616882, -0.40942421555519104, -0.8620398044586182, -0.1386188417673111, -1.3606616258621216, -1.3571664094924927, -0.6268728971481323, -0.9034613966941833, 0.7212182283401489, 0.8477867841720581, -1.3122187852859497, -0.009755908511579037, 0.4121166467666626, -0.7316933870315552, -0.6425967812538147, 0.2564704120159149, -0.46697190403938293, -0.9130035042762756, -0.296233206987381, 1.0950740575790405, 0.24266257882118225, -1.6287819147109985, 0.9122509956359863, 1.4726781845092773, 1.4164844751358032, 1.26041579246521, -0.39507099986076355, 0.4561494290828705, -0.7675576210021973, -0.6594736576080322, 1.3713362216949463, 1.1122406721115112, -0.08796631544828415, -0.5457590222358704, 0.812305212020874, -0.6826710104942322, 0.650702714920044, 1.6067498922348022, 0.26015734672546387, 0.3880184590816498, 1.2332849502563477, 2.0437581539154053, 2.118684768676758, -0.17387022078037262, -0.5577549338340759, 1.6821075677871704, -0.16355349123477936, -0.3978087604045868, 0.061325978487730026, 1.041152834892273, -0.09619209915399551, 0.34425851702690125, -0.07194996625185013, 0.03560476750135422, 0.928724467754364, 0.569937527179718, -0.11642582714557648, -1.3397395610809326, 0.07135569304227829, 0.356743186712265, 1.3701817989349365, 0.6758124828338623, -0.5461166501045227, -0.4409950077533722, -0.7687175869941711, -0.21676447987556458, 0.23667697608470917, -1.3429003953933716, 2.1399452686309814, 1.8411673307418823, 2.415408134460449, -1.785437822341919, -0.4151732921600342, -0.8836142420768738, 0.13181687891483307, -0.9107702970504761, -1.9632643461227417, -1.0623961687088013, 0.030501501634716988, -0.8778207302093506, 0.14061766862869263, -0.49900123476982117, -0.19761280715465546, 1.9686298370361328, -0.13977818191051483, 0.470526784658432, -0.15840187668800354, -1.1438469886779785, 1.5690085887908936, 0.5413848161697388, -0.08448170125484467]]]

space
[[[-1.0944597721099854, -0.811785101890564, -0.11377343535423279, 0.677180290222168, -0.43232473731040955, -0.6200209856033325, -0.4498525559902191, -0.47267693281173706, 0.15510311722755432, 1.6929223537445068, -0.22908227145671844, -1.2912309169769287, 0.7675093412399292, -0.6917575001716614, 0.22858555614948273, -0.7246361374855042, -0.6557134985923767, 1.0225095748901367, 0.3309045433998108, -2.3314666748046875, 0.445831835269928, 0.8137617707252502, -1.4787116050720215, 0.9299941062927246, 0.8903444409370422, -1.4464259147644043, 1.169065237045288, -1.2675659656524658, 0.2009211927652359, -0.8105220794677734, -0.7645473480224609, -1.6561675071716309, 0.5919171571731567, 1.2180461883544922, 0.2549319565296173, -0.18470579385757446, 0.5198694467544556, 0.17579638957977295, -1.150991678237915, 0.018245862796902657, -0.020634330809116364, -1.926946997642517, -1.5560604333877563, -0.18463805317878723, -0.502206563949585, -0.9464479684829712, -0.11116980761289597, -1.1133919954299927, 1.6388310194015503, 0.8942456245422363, -0.30918729305267334, -2.1590523719787598, -0.7347666025161743, -0.1864207535982132, 0.4450443983078003, 0.5793591141700745, 1.2292332649230957, 1.0113999843597412, -1.218153715133667, 1.4526841640472412, 0.7885487079620361, 0.7581402063369751, 1.383150339126587, -0.010166134685277939, 0.028242649510502815, -0.5667750239372253, 0.49429911375045776, 1.2324743270874023, 1.633480429649353, 1.0716824531555176, 0.00031620205845683813, -0.21007338166236877, -0.038577623665332794, 1.118859887123108, 2.224576234817505, -0.13037100434303284, -0.48490670323371887, 0.5469717979431152, 2.4302377700805664, 0.9467019438743591, -1.0673569440841675, -0.8283553719520569, 1.0750046968460083, -0.3939777612686157, -0.865961492061615, -1.4484645128250122, 1.0878480672836304, 0.6614939570426941, -0.007947096601128578, -0.7703481912612915, 1.215123176574707, 1.0765361785888672, 0.7246875166893005, 0.04090297967195511, -1.6846380233764648, -0.22423960268497467, 0.5896658897399902, 1.4705415964126587, 0.6482653617858887, -0.6509751081466675, 0.4921524226665497, -1.276290774345398, -0.8373709321022034, -2.1712112426757812, -0.7721620202064514, 1.9581321477890015, 0.8056846857070923, 0.7127404808998108, -1.1284881830215454, -0.7016936540603638, 0.8473694324493408, -1.3390775918960571, 0.09644956886768341, -1.5687787532806396, -0.7347248196601868, 0.1508600115776062, -1.4957761764526367, -0.8772658705711365, 0.9085708260536194, -0.9934914112091064, 1.1281379461288452, 0.20270149409770966, 0.06342959403991699, 1.427429437637329, -0.34523147344589233, 0.5006975531578064, 0.46496766805648804, 0.9108790755271912]]]

the top left hand corner
[[[-1.178784728050232, -0.3222382664680481, 0.8676586151123047, 1.451056718826294, -0.6999915242195129, 1.692780613899231, -1.2835571765899658, -0.9230759739875793, 0.8704912066459656, 1.0381513833999634, -0.35244542360305786, -1.9463415145874023, 0.5137190222740173, -0.17145422101020813, 0.5420950651168823, -2.093580722808838, 0.4023045301437378, 0.9276708960533142, -1.5169934034347534, -1.7112730741500854, -0.6063611507415771, 0.052896589040756226, -0.005788025911897421, 1.9734464883804321, -0.8552678227424622, 0.6381805539131165, 1.5082257986068726, -1.2343789339065552, 0.4117755591869354, 2.631483316421509, -0.27596911787986755, -0.7152379751205444, 0.5883293151855469, -0.30204862356185913, 1.736075758934021, -0.9210005402565002, -0.4131107032299042, -0.3342275619506836, -1.9478816986083984, -1.589362382888794, 0.5202605724334717, -0.6744668483734131, 0.5835359692573547, 0.2602628767490387, 0.09602060168981552, 0.9366900324821472, 0.2888619899749756, -0.8263250589370728, 0.0985758900642395, 0.1095493957400322, -0.8225224018096924, 0.2770414650440216, 1.1646373271942139, 0.497711181640625, 0.42209798097610474, -0.9567856788635254, -0.1292990744113922, 0.03541770204901695, -1.7479453086853027, -0.4014221131801605, 1.127187967300415, 0.39512911438941956, -0.43494731187820435, 0.6539672017097473, 0.24840717017650604, 0.5536680817604065, -0.26217007637023926, 2.1591529846191406, 0.055130839347839355, 0.10255110263824463, -0.5562508702278137, -1.0435720682144165, -0.7505210638046265, -0.15214283764362335, 2.29359769821167, 1.1079726219177246, 0.956547737121582, 0.2887416481971741, 1.7343051433563232, 2.2557437419891357, -1.795538067817688, -0.43450507521629333, 0.6273589730262756, -0.8796916007995605, -1.7149907350540161, 0.39760905504226685, 0.6809205412864685, 0.7298343181610107, -0.3038211464881897, 0.4143799841403961, -0.9013767242431641, 0.1480748951435089, -0.19831030070781708, -0.03568790853023529, 0.27712535858154297, -0.2702123522758484, -0.1862150877714157, 0.07078573852777481, -0.37658488750457764, 0.10215579718351364, -0.9985417127609253, -0.08336690068244934, -0.46859174966812134, 2.034444570541382, -0.27588266134262085, 1.3724197149276733, 1.2885234355926514, 1.2053723335266113, -0.6316514611244202, -2.1575682163238525, 0.13036826252937317, 0.08845388889312744, -1.5409117937088013, -1.0718493461608887, -0.7191282510757446, 0.48942434787750244, 0.0035975968930870295, 0.17362263798713684, -0.3560561537742615, -0.2932289242744446, 0.9531518816947937, 0.24367797374725342, 0.18124328553676605, -0.3336697816848755, -2.046538829803467, -0.4293699562549591, 1.2418001890182495, -1.261420726776123]]]

salutation
[[[-1.153576374053955, -0.32367321848869324, -0.11245980113744736, 1.3412768840789795, -1.0334173440933228, -0.742477536201477, -1.1256911754608154, -0.8766793012619019, 0.6551066637039185, 1.65675687789917, 0.24959395825862885, -1.421655297279358, 0.4267939329147339, -1.066648006439209, 0.26955777406692505, -0.6682071685791016, -0.819445788860321, 0.7341027855873108, -0.029943587258458138, -2.431436777114868, 0.3337404429912567, 0.090072862803936, -1.3924812078475952, 0.7995221614837646, 0.4204822778701782, -1.774794340133667, 0.9247159957885742, -1.6438837051391602, 1.3226861953735352, -0.7452154159545898, -0.46440261602401733, -0.9036981463432312, 0.7348834276199341, 1.263329029083252, 0.8725255131721497, 0.23009873926639557, -1.3592474460601807, 0.05281927436590195, -0.3724249601364136, -0.40937966108322144, 0.8901636600494385, -0.9092881083488464, -1.2695560455322266, -0.21652752161026, 0.009518920443952084, -0.14015603065490723, 0.43984729051589966, -1.2400102615356445, 0.3299519717693329, 0.750386118888855, -0.343031108379364, -0.668248176574707, -0.8522486686706543, -0.2025291472673416, -0.5025585293769836, 0.8407397270202637, 1.1525923013687134, 0.03717762976884842, -1.2981760501861572, 1.7290149927139282, 1.4028093814849854, 1.3777583837509155, 1.6076549291610718, 0.26854509115219116, 0.40669339895248413, -0.5178261399269104, 0.40056145191192627, 1.7430145740509033, 1.2457901239395142, 0.6073956489562988, 0.3185673654079437, -1.0153735876083374, -0.4354248046875, 0.9724314212799072, 1.7903603315353394, -0.10259414464235306, 0.22751185297966003, 0.3945589065551758, 2.5105366706848145, 2.024095296859741, -0.9363265633583069, -1.0786159038543701, 0.7782291173934937, -0.33502334356307983, -1.152982234954834, -0.48944878578186035, 0.9878571033477783, 0.16974668204784393, -0.19298657774925232, -0.34326666593551636, 0.8493226766586304, 0.5970606803894043, 0.2394806295633316, 0.46966731548309326, -0.827765166759491, 0.10647451132535934, 0.8538404703140259, 1.5476760864257812, 0.5615787506103516, -1.241511344909668, 0.3605960011482239, -0.6996757388114929, -0.34281784296035767, -1.6365842819213867, -1.3492863178253174, 2.7493371963500977, 0.884482741355896, 1.0374752283096313, -1.1697185039520264, -0.1040075421333313, 0.3255116641521454, -1.0621718168258667, 0.13463294506072998, -2.351372718811035, -1.867074966430664, -0.21888850629329681, -1.4384651184082031, -0.01123339869081974, 0.12815304100513458, -1.0112261772155762, 1.3088562488555908, 0.25560057163238525, -0.19063524901866913, 0.2924610674381256, -1.374030590057373, 0.7750921845436096, 0.22408847510814667, 0.5165408849716187]]]

the letter head
[[[-0.8566039204597473, -0.21123267710208893, 0.6171777248382568, 1.2395325899124146, -0.6233600378036499, 0.8700907230377197, -1.9798004627227783, 0.15090709924697876, 1.1050416231155396, 1.936392068862915, -0.1683206558227539, -1.843040943145752, -0.003884807927533984, -1.3592100143432617, 1.4685407876968384, -1.6318225860595703, -0.5702291131019592, 0.2588927149772644, -0.7324714064598083, -2.4195425510406494, -0.6013399362564087, 0.4807352125644684, -1.248088002204895, 1.6885730028152466, -0.07068528234958649, -0.43120232224464417, 1.1194912195205688, -0.8829053044319153, 1.105341911315918, 0.3133799731731415, -0.5630930066108704, -1.1263296604156494, 0.10302601754665375, 0.03808087483048439, 1.6068685054779053, 0.02615860104560852, -1.2020635604858398, -0.2366187423467636, -0.6238287091255188, -1.2754509449005127, 0.11139903217554092, -0.9623940587043762, -1.7669628858566284, -0.07250717282295227, -0.47746410965919495, 0.5104143619537354, 0.4857768416404724, -1.880960464477539, -0.22578361630439758, 0.38433030247688293, -0.029298434033989906, -0.833076536655426, 0.3021969497203827, 0.08726579695940018, -0.8481744527816772, -0.264433890581131, 0.7689034938812256, -0.20022693276405334, -1.5951433181762695, 0.9431356191635132, 1.4867686033248901, 1.4180036783218384, 1.9444429874420166, -0.27974969148635864, -0.05492541193962097, -0.6029683351516724, -0.3500644564628601, 1.2791682481765747, 1.2075937986373901, 0.33659636974334717, -0.10309131443500519, 0.5730361342430115, -0.7002102136611938, 0.288955420255661, 1.2205978631973267, 1.1124149560928345, 0.6814980506896973, 0.7847099304199219, 1.6319010257720947, 1.2349739074707031, -1.1476786136627197, -0.3464645445346832, 1.637228012084961, 0.154257670044899, -0.4304538369178772, 0.4610583186149597, 0.5232025384902954, -0.5164605975151062, 0.2582070827484131, 0.4691486358642578, -0.9092292785644531, 0.49373406171798706, -0.10898344218730927, -0.578284740447998, -0.6512451171875, -0.5718709826469421, 0.18258172273635864, 1.2066707611083984, 0.6179180145263672, -0.5564637184143066, -0.8563327789306641, -0.6448822021484375, 0.02019624039530754, 0.28810662031173706, -0.9833866953849792, 2.248394250869751, 2.1186234951019287, 2.0876543521881104, -1.374078392982483, -0.2541499137878418, 0.25377407670021057, 0.16413822770118713, -1.0733282566070557, -2.377319574356079, -2.142875909805298, 0.3274306058883667, -0.8486542701721191, 0.2701331377029419, -0.6558740139007568, -0.03191709518432617, 1.9798989295959473, -0.3329988718032837, 0.9371728301048279, -0.28825294971466064, -0.7944363951683044, 0.9729580879211426, 0.09224282950162888, -0.3028613328933716]]]

its height
[[[-1.3801017999649048, -1.3302375078201294, 0.3513910472393036, 0.3176875710487366, -0.20484404265880585, 0.8468350172042847, -0.9290828704833984, -0.17963020503520966, 0.358742892742157, 1.17766273021698, -0.5170196890830994, -1.6892895698547363, 0.008221638388931751, -0.8189578652381897, 0.6719920635223389, -0.6209125518798828, -1.1722092628479004, 0.566171407699585, 0.4292307198047638, -1.963922142982483, 0.8298499584197998, 1.4915388822555542, -0.9245977997779846, 0.5414555668830872, 0.49726665019989014, -0.7934760451316833, 1.6637635231018066, -1.4898548126220703, 0.0986313447356224, 0.3619859218597412, -1.0327024459838867, -1.3140884637832642, 0.44391492009162903, 1.1571376323699951, 0.3317038416862488, -0.496447890996933, -0.4088156521320343, -0.4274711608886719, -0.355732262134552, -0.596224308013916, 0.941753625869751, -1.2295112609863281, -0.9063500761985779, -0.7815018892288208, -0.6071084141731262, -0.20319804549217224, -0.3943078815937042, -1.6948375701904297, 0.4226773977279663, 0.836685061454773, -0.06120241805911064, -1.3502604961395264, -1.3714858293533325, 0.006114558316767216, 0.027528736740350723, -0.3367641866207123, 1.1275169849395752, 0.14895199239253998, -0.4440082311630249, 1.6296803951263428, 1.4505786895751953, 1.0177888870239258, 2.316866874694824, 0.49568840861320496, -0.8121793270111084, -1.4700998067855835, -0.3996516466140747, 0.3066873550415039, 0.9491779208183289, 0.9678727388381958, 0.5537128448486328, 0.6066606640815735, -1.025846242904663, 1.549883484840393, 2.500908851623535, 0.3941054940223694, 1.106745719909668, 0.38267844915390015, 2.376882314682007, 1.1147667169570923, -1.0987428426742554, -0.888767421245575, 1.9472284317016602, 0.07458986341953278, -0.6438734531402588, -0.598223090171814, 0.6910982131958008, 0.15655100345611572, 0.7246858477592468, -0.42077401280403137, 0.40548157691955566, 0.6812416315078735, 0.08600964397192001, 0.005763303954154253, -0.6896503567695618, -0.3550500273704529, 0.5273444652557373, 1.8467153310775757, 1.0444799661636353, -0.9193553328514099, -0.2527136206626892, -1.7418553829193115, -0.7504763603210449, -0.4826260507106781, -0.5713911652565002, 1.9956332445144653, 1.3130587339401245, 0.7837055921554565, -1.473517894744873, -0.20402109622955322, 0.7069150805473328, -0.7694088816642761, -0.7441737651824951, -1.9666856527328491, -2.41556453704834, 0.29345524311065674, -0.9476571083068848, -0.8665822148323059, 0.3946704566478729, -1.2221882343292236, 1.4810200929641724, 0.26620543003082275, -0.02725224569439888, 0.43327295780181885, -0.7295942902565002, 1.0700056552886963, 0.3467155992984772, -0.13886721432209015]]]

the capital
[[[-0.7255895733833313, -0.3031547963619232, 0.7556992173194885, 0.9694830179214478, -0.5043845772743225, -0.1907620131969452, -1.6490641832351685, -0.6531417369842529, 1.061951756477356, 1.4566006660461426, -0.20477604866027832, -2.247832775115967, 0.4693034291267395, -0.7705410122871399, 0.7664271593093872, -1.12247896194458, -0.3882920742034912, 0.1541586071252823, 0.08976822346448898, -1.2207151651382446, 0.5892410278320312, -0.04111630469560623, -1.3368754386901855, 1.3458846807479858, 0.26349109411239624, -0.9495359063148499, 1.502962589263916, -1.2238315343856812, -0.45746880769729614, -0.2991235852241516, -0.2567463219165802, -1.2544138431549072, 0.2547089457511902, 0.46668559312820435, 1.360085368156433, 0.34904080629348755, -1.1371031999588013, -0.056766122579574585, -0.40095055103302, -0.8336114883422852, 1.1105889081954956, -1.2786918878555298, -0.8437651991844177, -0.26978978514671326, 0.36491677165031433, -0.48590943217277527, -0.3139626383781433, -1.6430410146713257, 0.1907195895910263, 0.3702085316181183, -0.6459442973136902, -1.1432149410247803, -0.5384164452552795, -0.1428687423467636, 0.2525274455547333, 0.6224006414413452, 1.0678455829620361, 0.28890085220336914, -0.9568763971328735, 1.940627098083496, 1.7867085933685303, 0.7093662023544312, 1.545892596244812, 0.24704819917678833, -0.11376064270734787, -0.8626554608345032, 0.5256879329681396, 1.2011770009994507, 1.5927358865737915, 0.9143285751342773, 0.37605324387550354, -0.6476194858551025, -0.12666578590869904, 1.260033369064331, 1.4180718660354614, 0.4448191821575165, 0.8713781833648682, 0.7321702837944031, 2.4317739009857178, 0.797652006149292, -0.6781988143920898, -0.4217817485332489, 1.6686385869979858, 0.20852254331111908, -0.6273602843284607, -0.43127989768981934, 0.9931243062019348, -0.3744323253631592, -0.0173930786550045, -1.1112332344055176, -0.511526346206665, 0.9901334047317505, 0.1107625663280487, 0.446514368057251, -2.36075496673584, -0.053686968982219696, 0.38465091586112976, 1.2087898254394531, 0.3162184953689575, -1.448266863822937, -0.18737909197807312, -1.1720513105392456, -0.7394887208938599, -0.8245134949684143, -0.8870055079460144, 2.4485793113708496, 1.2648593187332153, 1.6998282670974731, -1.4725265502929688, -0.5354991555213928, 0.4966146945953369, -0.6555788516998291, -0.9820495843887329, -2.4104163646698, -1.2879849672317505, 0.30872806906700134, -1.586539626121521, -0.1515779346227646, -0.3421408236026764, -0.860217273235321, 2.111431360244751, -0.24187763035297394, 0.06425242125988007, 0.5787118673324585, -1.5374051332473755, 1.1725994348526, 0.2417239397764206, 0.5178190469741821]]]

the tail
[[[-0.7932800054550171, -0.5135524272918701, 0.6455107927322388, 0.619834840297699, -0.5027905702590942, 0.9194763898849487, -1.473077654838562, -0.5222726464271545, 0.8283799886703491, 1.015557885169983, 0.35410889983177185, -2.0151188373565674, 0.24935266375541687, -0.6936871409416199, 1.0115702152252197, -1.2951507568359375, -0.7761897444725037, 0.2700732350349426, 0.2677610218524933, -2.1193346977233887, 0.13627836108207703, 1.0531797409057617, -1.899519443511963, 1.2756445407867432, -0.14576856791973114, -1.6367522478103638, 1.8990092277526855, -1.3618751764297485, 0.5143387913703918, -0.7360121607780457, -0.7765804529190063, -0.5498738288879395, -0.5305608510971069, 1.1004477739334106, 0.9996876120567322, 0.08707916736602783, -0.21964462101459503, -0.09768406301736832, -1.0611042976379395, -0.10259728878736496, 0.7158440351486206, -1.9545059204101562, -1.5640504360198975, -0.33809518814086914, -0.017599351704120636, -0.07981649041175842, -0.22755540907382965, -0.7475990056991577, 0.7588710784912109, 1.356837272644043, -0.6736467480659485, -1.6231354475021362, -0.9733856320381165, -0.15155014395713806, 0.6856514811515808, -0.12494020164012909, 1.5004526376724243, -0.08197008818387985, -0.6177650690078735, 1.892039179801941, 1.9176677465438843, 1.0322809219360352, 2.00395131111145, 0.26290005445480347, -0.6303504109382629, -1.0270988941192627, -0.35880210995674133, 1.1969218254089355, 0.6173739433288574, 0.43874937295913696, 0.5803776383399963, -0.13217923045158386, -0.7947273254394531, 1.7542451620101929, 1.667462944984436, 0.7302987575531006, 0.14464782178401947, 1.148834466934204, 1.930078387260437, 0.9446425437927246, -0.6427938938140869, -0.6584932804107666, 1.7278327941894531, 0.0655696839094162, -0.5428141951560974, -0.28782355785369873, 1.3889042139053345, -0.537983238697052, 0.34325188398361206, 0.05867189168930054, 0.3567005693912506, 0.5406762361526489, 0.5180342197418213, -0.2645092010498047, -1.4182031154632568, 0.12203310430049896, 0.29072457551956177, 0.9607186913490295, 0.911623477935791, -1.0456775426864624, -0.2412157654762268, -1.6848262548446655, -0.5876388549804688, -0.8941149711608887, -1.1928588151931763, 1.5863878726959229, 0.6980150938034058, 1.0016859769821167, -1.556902527809143, -0.5425601005554199, 0.4843638241291046, -0.3988833427429199, -0.31757044792175293, -2.404000759124756, -1.8641728162765503, 0.4525625705718994, -1.3505237102508545, -0.29305300116539, 0.2343742847442627, -0.3612125813961029, 1.69407057762146, -0.16507816314697266, 0.6013780236244202, 0.4904962480068207, -1.1348291635513306, 0.6939182877540588, 0.45551174879074097, 0.12401286512613297]]]

the space between the capital letter and the lower case letter
[[[-0.5305991768836975, -0.3336210250854492, 0.7180699110031128, 1.0659269094467163, 0.4515216052532196, 0.2851049304008484, -0.8032917976379395, -0.001396205392666161, 0.34513381123542786, 1.0795376300811768, 0.14787240326404572, -0.8195291757583618, -1.3371555805206299, 0.08239546418190002, 0.9351212382316589, -2.6130452156066895, 0.9937552809715271, 0.912150502204895, -2.041949987411499, -1.1865031719207764, 0.29771921038627625, -0.1712062805891037, -0.038703128695487976, 0.20470279455184937, -0.9033642411231995, -0.7562189102172852, 2.4966824054718018, -0.10526148229837418, 1.1180329322814941, 0.5691074132919312, -0.22874099016189575, 0.08823331445455551, 1.17525315284729, -0.39396947622299194, 3.5734543800354004, 1.2627232074737549, 0.14574739336967468, -0.16119296848773956, -0.5743276476860046, -1.0416533946990967, -0.13129675388336182, -0.7572439312934875, 0.39931178092956543, -0.10577418655157089, -0.7326637506484985, 1.6035033464431763, 0.49009251594543457, -1.6064565181732178, -0.4987733066082001, 0.36304184794425964, -1.5289570093154907, -0.4107203185558319, -1.0260788202285767, 0.05257833003997803, 1.16592276096344, -0.10203167796134949, 0.11958656460046768, -1.422581434249878, -0.599371612071991, 0.9049177169799805, 1.3591541051864624, -0.4026716351509094, 0.035624850541353226, 0.21015675365924835, 0.39988693594932556, 0.13197889924049377, 1.297641396522522, 0.645152747631073, 0.2543705105781555, -0.06887063384056091, 0.1278519481420517, -1.1059842109680176, -0.3240439295768738, -0.24616359174251556, 0.9352788329124451, -0.30163952708244324, 1.0360350608825684, 0.6860026121139526, -0.008478310890495777, 1.707756757736206, -0.2908420264720917, -0.3585301637649536, 0.6657394170761108, -0.13772521913051605, -1.4680547714233398, 0.13622909784317017, 0.08345483243465424, -1.2747244834899902, -0.49519625306129456, 1.0074396133422852, -0.7991890907287598, 0.24171042442321777, -1.2946546077728271, 0.9582065343856812, -1.126116156578064, -0.3633473813533783, 0.5575850009918213, 0.6797146201133728, 0.039088208228349686, -0.7077562808990479, -1.7044217586517334, -0.28642502427101135, -0.3356255888938904, 1.6644530296325684, -2.0340192317962646, 2.4722607135772705, 1.746004581451416, 0.9551820755004883, 0.6744599342346191, -1.3904427289962769, -1.0289928913116455, -0.3867862820625305, -0.9068419337272644, -0.19596946239471436, -2.0998308658599854, 0.09104620665311813, -2.1450259685516357, 0.3235311508178711, 0.38617631793022156, 1.1913444995880127, 0.8309540152549744, -0.37716323137283325, 1.6885323524475098, -0.6319574117660522, -0.8423672318458557, 0.34920352697372437, 0.4202827215194702, -0.933154821395874]]]

count of russia and les mizhi
[[[-2.3019325733184814, -0.7143681049346924, 0.6778361797332764, 0.12091445177793503, 0.6352269053459167, 1.191760540008545, -1.5427987575531006, 0.3940441906452179, -0.697448194026947, 1.442044734954834, -0.01762220449745655, -1.315165400505066, -0.8316745162010193, -0.001723823486827314, -0.09521915018558502, -0.6795415878295898, 0.38644275069236755, 0.41747888922691345, 0.028025712817907333, -1.6292576789855957, -0.210933119058609, -0.9760144948959351, -1.6695417165756226, 1.0884796380996704, 0.6218196153640747, -0.19598224759101868, 3.1749770641326904, -0.6544221043586731, 0.8513355255126953, 0.8274198174476624, -1.3664969205856323, -0.2403617948293686, 0.870913565158844, -0.25980550050735474, 1.8591333627700806, 2.0755321979522705, 0.18088677525520325, 0.02786324732005596, -0.24640724062919617, -0.9410071969032288, 0.18880698084831238, -1.1621959209442139, 0.51685631275177, -0.34584441781044006, 0.7702598571777344, 1.6108646392822266, 1.0632541179656982, -0.8682472109794617, -0.2572084665298462, -0.6072077751159668, -1.0332404375076294, 0.8621684908866882, -1.5660016536712646, 0.10465991497039795, 0.5624457597732544, -0.7287536859512329, -0.1578628569841385, 0.09846705198287964, -0.2112821489572525, 0.6858348250389099, 0.6413626074790955, 0.6289786100387573, 0.5144279599189758, 0.28388625383377075, -0.5895023345947266, 0.4899563491344452, -0.5557647347450256, 0.9335348010063171, 1.6766082048416138, -0.4018043577671051, 0.03144563362002373, -0.4009302258491516, -0.7241843342781067, 0.14740173518657684, 1.400841236114502, -1.2837175130844116, 1.2379668951034546, -0.27720338106155396, 1.3764396905899048, 1.0079761743545532, -1.7260737419128418, -0.5716878771781921, 0.3139650821685791, -0.2389066070318222, -1.3359893560409546, -0.2487844079732895, 1.5263543128967285, -0.3687189221382141, 0.03584437817335129, -0.15381872653961182, 0.03877172991633415, -0.42037877440452576, -0.15100963413715363, -0.5912685394287109, -0.915729284286499, -0.14225807785987854, 0.5964507460594177, 1.6270532608032227, -0.09635873138904572, -0.5779842138290405, 0.10306067019701004, 0.03257922828197479, -0.5062196850776672, 0.9237955212593079, -1.5691837072372437, 1.265880823135376, 1.9296776056289673, 0.5556588768959045, -0.1328352838754654, -0.2868437170982361, -0.10488808900117874, 1.1739634275436401, -1.5803122520446777, -1.0962042808532715, -1.7431970834732056, -1.6652191877365112, -1.5532187223434448, 0.24738630652427673, -0.35600072145462036, 1.2077258825302124, 2.48323917388916, -0.8666723370552063, 0.422076940536499, 0.3646683394908905, -2.661682367324829, 0.7712794542312622, 0.6282520294189453, -0.5341442823410034]]]

lord of the rings
[[[-0.8619052767753601, -1.2761871814727783, 1.3604650497436523, -0.4022923707962036, -0.06776468455791473, 1.1789730787277222, -1.9588559865951538, -0.5993551015853882, 0.7427058219909668, 1.004678726196289, -0.07713006436824799, -1.4998140335083008, -1.1033451557159424, -0.6467480659484863, -0.2647060453891754, -1.1737196445465088, -0.07144257426261902, 0.610168993473053, 0.8736690282821655, -1.5856815576553345, 1.1243295669555664, -0.485444575548172, -1.5650691986083984, 0.8674314618110657, 0.6189761161804199, -0.5920001864433289, 1.6781821250915527, -2.0695338249206543, 0.955374002456665, 0.5780532956123352, -0.2744694948196411, -0.0977792963385582, 0.1726454347372055, 0.14658798277378082, 2.048811197280884, 0.05244339630007744, 0.17723551392555237, 0.006238296162337065, -0.23557288944721222, -0.702512264251709, 1.037975788116455, -1.1285758018493652, -1.5045212507247925, 0.12681299448013306, 1.0839742422103882, 1.119621753692627, 0.20564447343349457, -1.6831254959106445, -0.15409131348133087, -0.08814679831266403, -1.1685614585876465, -0.15983588993549347, -2.034494638442993, 0.3663597106933594, 0.5184786319732666, -1.5081639289855957, 0.10855776071548462, 0.7250685095787048, -0.2565011978149414, 0.9517228603363037, 0.7444313764572144, 1.216247320175171, 0.5137537121772766, 0.7392724752426147, 0.49545812606811523, -0.5624843239784241, -0.6437645554542542, -0.08924367278814316, 1.0793776512145996, -0.1289890557527542, 0.40817299485206604, -0.010549638420343399, -1.4870078563690186, 1.0311002731323242, 2.761934280395508, -0.6690712571144104, 1.6387178897857666, 0.670029878616333, 1.2207133769989014, 1.583099126815796, -0.9194915890693665, -1.0985888242721558, 1.5659964084625244, 0.21749432384967804, -0.3220171332359314, -0.31523460149765015, 1.1797020435333252, -0.00791199505329132, 0.3950231671333313, -0.34946736693382263, -0.1486394703388214, 0.5745958685874939, -1.212701678276062, 0.022485775873064995, 0.029793985188007355, -0.8398887515068054, 0.8979669213294983, 2.056969404220581, 1.027063250541687, -0.060326047241687775, 0.10161595791578293, -0.6291487216949463, -0.2510514259338379, -0.7786023616790771, -0.38593941926956177, 0.67681485414505, 1.2990872859954834, 1.407837152481079, -0.877562403678894, -0.1932925283908844, -0.02568773739039898, 0.7025768160820007, -0.7394423484802246, -1.6367653608322144, -2.3636748790740967, -1.088332176208496, -2.073056936264038, -0.5155854225158691, 0.10611224174499512, -0.00035217529512010515, 2.0986955165863037, 0.5757718086242676, -0.15386593341827393, 0.09946640580892563, -1.7201052904129028, 0.8204134106636047, 0.05818439647555351, -0.8619750738143921]]]

Ivan Turgenev's Fathers and Sons
[[[-1.2871261835098267, 0.12074264138936996, 1.1837842464447021, 1.2222753763198853, 0.8858961462974548, 0.9665430784225464, -1.6332471370697021, -0.36105719208717346, -0.863950788974762, -0.46773985028266907, 0.3322890102863312, -1.6303114891052246, -0.1517605185508728, -0.7596098184585571, 2.0480852127075195, -0.9360566139221191, 0.3752705156803131, 0.14803823828697205, -0.9304430484771729, -1.537207007408142, -0.024312051013112068, -0.050394587218761444, -0.7640215158462524, 1.3951630592346191, -0.2752457559108734, 0.08057459443807602, 1.3927481174468994, -1.0975583791732788, 1.3392221927642822, -0.7907341718673706, -0.4725821614265442, -0.7419030666351318, 0.29913103580474854, 0.09852384775876999, 1.7959232330322266, -0.5937049984931946, 0.484499454498291, -0.4312233030796051, -1.5276706218719482, -0.14228077232837677, -0.6982370615005493, -1.0785408020019531, -0.9625546336174011, -0.5008507370948792, 0.8657838106155396, 0.8033714890480042, -0.14143715798854828, 0.686535120010376, -0.1450866460800171, 0.85508793592453, -2.2032992839813232, -0.9084383845329285, 0.7792872190475464, -1.0287394523620605, -0.5258597731590271, -0.3524009585380554, 1.2458982467651367, -0.049097467213869095, -1.95730459690094, -0.011862271465361118, 1.6214059591293335, 0.6337136030197144, -0.4237736463546753, 0.5578984022140503, -0.4984898567199707, 0.45971593260765076, -0.1617187261581421, -0.10590701550245285, -0.1147395521402359, -1.142627239227295, -0.9939136505126953, -0.751181960105896, 0.2632003426551819, -0.7570679187774658, 0.49964144825935364, -0.380192369222641, 0.42277389764785767, 0.3557735085487366, 1.3740612268447876, 1.4822460412979126, 0.6553600430488586, -1.4666450023651123, 0.8198711276054382, -0.11863883584737778, -1.4065606594085693, 1.0629929304122925, 2.346395254135132, 0.33946114778518677, -0.16436317563056946, 0.37552958726882935, -0.07737713307142258, -0.9229469299316406, -0.32693278789520264, -0.02237045392394066, -2.2048346996307373, 0.443646103143692, 0.7527453303337097, 0.6707298159599304, -0.5177488923072815, 0.8893223404884338, 0.3922429382801056, -0.5266366004943848, -0.9009807109832764, 1.28343665599823, -0.06927351653575897, 1.9635696411132812, 1.6651840209960938, 1.2345508337020874, -0.6687325239181519, -1.5381919145584106, -1.632217288017273, -0.23517842590808868, -1.517079472541809, -0.387958288192749, 0.035269007086753845, 1.1908499002456665, -1.935542345046997, 0.15405219793319702, 0.3615571856498718, 1.7769709825515747, 0.8087875247001648, 0.6333590745925903, 1.3552260398864746, 2.035604953765869, -1.649730920791626, 1.0489732027053833, 0.8898106217384338, -0.6072007417678833]]]

war and peace
[[[-0.5908742547035217, -0.40111246705055237, 1.1232432126998901, 2.1453821659088135, 0.0359104722738266, 0.996698260307312, -1.521571159362793, -0.6150751709938049, 0.0627317875623703, 1.2838560342788696, -0.71379554271698, -1.11105215549469, 0.7461981177330017, -0.19684535264968872, -0.8249182105064392, -1.1371936798095703, 0.035185858607292175, 0.3801562190055847, -0.478546142578125, -0.7431033253669739, 0.16644366085529327, -0.13260523974895477, -1.1662135124206543, 1.172014832496643, 0.0397663488984108, -0.7136188745498657, 1.3008594512939453, -1.4254473447799683, 0.22405613958835602, 0.12291266769170761, -0.21776555478572845, -0.5657604932785034, 0.21016213297843933, 0.10047343373298645, 1.0790672302246094, 0.08290467411279678, -0.07987508922815323, 0.6264848709106445, -0.6290010213851929, -0.387961208820343, 0.8260728120803833, -0.8431308269500732, -1.1291619539260864, 0.09971408545970917, 0.00819924846291542, -0.09454558789730072, -0.2405233532190323, -1.724329948425293, 1.0358208417892456, 1.4552503824234009, -1.6502268314361572, -0.8015026450157166, -0.3572271466255188, 0.07085712254047394, 0.5632867813110352, 0.4208751916885376, 0.8799452185630798, 0.4742368459701538, -1.0790246725082397, 0.6410647630691528, 1.1426002979278564, -0.4861299395561218, 0.5614746809005737, 0.9150972366333008, -0.7427747249603271, -0.24115748703479767, -0.5943738222122192, 0.5341919660568237, 1.2605414390563965, 0.4630056321620941, 0.1956266313791275, 0.010555424727499485, -0.6074337363243103, 1.1872552633285522, 2.2684519290924072, -0.100435271859169, 1.5133726596832275, 1.2771997451782227, 1.7641807794570923, 0.6340062618255615, -0.6716022491455078, -1.5681127309799194, 1.3020936250686646, 0.9124757647514343, -1.5164982080459595, 0.07208388298749924, 0.9912765026092529, -0.18459348380565643, 1.161948561668396, -1.1946724653244019, -0.9840867519378662, -0.49116769433021545, 0.7853848934173584, -0.14585457742214203, -1.5638105869293213, 0.41711780428886414, 0.7577993273735046, 2.114511251449585, 0.05920760706067085, -0.6664623618125916, -0.5462354421615601, -1.1222654581069946, -1.0919055938720703, -0.7597554922103882, -1.1392264366149902, 1.8869401216506958, 2.0049617290496826, 1.0799601078033447, -1.0642361640930176, -1.9549410343170166, 0.6106124520301819, 0.19979028403759003, -2.268946647644043, -1.5721099376678467, -1.7706516981124878, -0.31528303027153015, -2.541342258453369, 1.1739364862442017, -0.3624442219734192, -0.768032431602478, 1.0225486755371094, 0.4130154848098755, -0.2960400879383087, 0.5996885299682617, -1.2682228088378906, 0.9760622978210449, 1.378804087638855, 0.11520497500896454]]]

war and peace
[[[-0.5908742547035217, -0.40111246705055237, 1.1232432126998901, 2.1453821659088135, 0.0359104722738266, 0.996698260307312, -1.521571159362793, -0.6150751709938049, 0.0627317875623703, 1.2838560342788696, -0.71379554271698, -1.11105215549469, 0.7461981177330017, -0.19684535264968872, -0.8249182105064392, -1.1371936798095703, 0.035185858607292175, 0.3801562190055847, -0.478546142578125, -0.7431033253669739, 0.16644366085529327, -0.13260523974895477, -1.1662135124206543, 1.172014832496643, 0.0397663488984108, -0.7136188745498657, 1.3008594512939453, -1.4254473447799683, 0.22405613958835602, 0.12291266769170761, -0.21776555478572845, -0.5657604932785034, 0.21016213297843933, 0.10047343373298645, 1.0790672302246094, 0.08290467411279678, -0.07987508922815323, 0.6264848709106445, -0.6290010213851929, -0.387961208820343, 0.8260728120803833, -0.8431308269500732, -1.1291619539260864, 0.09971408545970917, 0.00819924846291542, -0.09454558789730072, -0.2405233532190323, -1.724329948425293, 1.0358208417892456, 1.4552503824234009, -1.6502268314361572, -0.8015026450157166, -0.3572271466255188, 0.07085712254047394, 0.5632867813110352, 0.4208751916885376, 0.8799452185630798, 0.4742368459701538, -1.0790246725082397, 0.6410647630691528, 1.1426002979278564, -0.4861299395561218, 0.5614746809005737, 0.9150972366333008, -0.7427747249603271, -0.24115748703479767, -0.5943738222122192, 0.5341919660568237, 1.2605414390563965, 0.4630056321620941, 0.1956266313791275, 0.010555424727499485, -0.6074337363243103, 1.1872552633285522, 2.2684519290924072, -0.100435271859169, 1.5133726596832275, 1.2771997451782227, 1.7641807794570923, 0.6340062618255615, -0.6716022491455078, -1.5681127309799194, 1.3020936250686646, 0.9124757647514343, -1.5164982080459595, 0.07208388298749924, 0.9912765026092529, -0.18459348380565643, 1.161948561668396, -1.1946724653244019, -0.9840867519378662, -0.49116769433021545, 0.7853848934173584, -0.14585457742214203, -1.5638105869293213, 0.41711780428886414, 0.7577993273735046, 2.114511251449585, 0.05920760706067085, -0.6664623618125916, -0.5462354421615601, -1.1222654581069946, -1.0919055938720703, -0.7597554922103882, -1.1392264366149902, 1.8869401216506958, 2.0049617290496826, 1.0799601078033447, -1.0642361640930176, -1.9549410343170166, 0.6106124520301819, 0.19979028403759003, -2.268946647644043, -1.5721099376678467, -1.7706516981124878, -0.31528303027153015, -2.541342258453369, 1.1739364862442017, -0.3624442219734192, -0.768032431602478, 1.0225486755371094, 0.4130154848098755, -0.2960400879383087, 0.5996885299682617, -1.2682228088378906, 0.9760622978210449, 1.378804087638855, 0.11520497500896454]]]

War and Peace
[[[-0.5408143997192383, -0.23944513499736786, 0.6163689494132996, 2.633589267730713, 0.31104034185409546, 0.08754231035709381, -1.5292096138000488, -0.6102274656295776, -0.28209272027015686, 0.6557950377464294, 0.3395123779773712, -0.9139112830162048, 1.497951626777649, -0.6237826943397522, 0.8216900825500488, -1.4689314365386963, 0.20181511342525482, 0.4222446382045746, -1.0559977293014526, -1.089152216911316, 0.1894424855709076, -0.32145941257476807, -0.8170729875564575, 1.4704785346984863, -0.2009078562259674, -0.14717885851860046, 0.627781867980957, -1.9576951265335083, -0.37858718633651733, -0.016634611412882805, -0.08511713147163391, -0.8728695511817932, 0.6084913611412048, -0.16249558329582214, 0.8884718418121338, -0.737186849117279, 0.17284861207008362, 0.6698628067970276, -0.7094901204109192, -0.8355817198753357, 0.08507943898439407, 0.13250283896923065, 0.021780043840408325, -0.3728594481945038, -0.6649827361106873, -0.309659868478775, -0.19461789727210999, -1.026589274406433, 0.2453806847333908, 1.807072401046753, -1.872230052947998, -1.3755556344985962, -0.7976527214050293, 0.01102528441697359, -0.35430145263671875, 0.7655789256095886, 0.9353207349777222, 0.1053430512547493, -1.8730254173278809, 0.4259771406650543, 1.1366724967956543, -0.09676070511341095, 0.30451977252960205, 1.0389543771743774, -0.08519508689641953, -0.1570426970720291, -0.33115050196647644, 1.1957588195800781, 1.2502673864364624, 0.24184203147888184, -0.22658415138721466, -0.16217531263828278, -0.6901634335517883, 0.7136659026145935, 1.024906039237976, -0.1538929045200348, 0.8284092545509338, 1.3977582454681396, 1.403000831604004, -0.2131834626197815, 0.6233806014060974, -1.391462802886963, 1.2873773574829102, 0.465295672416687, -0.41883617639541626, 1.085633397102356, 0.8823707699775696, 0.5271212458610535, 0.29411113262176514, -0.49671491980552673, 0.13249851763248444, -0.4129854738712311, -0.32122474908828735, -0.01334354467689991, -2.3952372074127197, 1.1885675191879272, 0.9139258861541748, 1.7113374471664429, 0.16364753246307373, -0.21792323887348175, 0.850986897945404, -1.5227904319763184, -1.511866569519043, -0.6678693890571594, -0.9240712523460388, 2.082716226577759, 2.174173355102539, 1.184172511100769, -1.3207827806472778, -2.0593507289886475, 0.16513225436210632, -0.27809980511665344, -1.8431425094604492, -1.2518044710159302, -0.9444357752799988, 0.23864981532096863, -1.9836996793746948, 1.6386919021606445, -1.61318838596344, -1.0185805559158325, 0.8891658186912537, 1.4358186721801758, -0.08342398703098297, 1.3553454875946045, -1.1178250312805176, 1.6023809909820557, 0.9504854679107666, -0.7666046023368835]]]

war and peace
[[[-0.5908742547035217, -0.40111246705055237, 1.1232432126998901, 2.1453821659088135, 0.0359104722738266, 0.996698260307312, -1.521571159362793, -0.6150751709938049, 0.0627317875623703, 1.2838560342788696, -0.71379554271698, -1.11105215549469, 0.7461981177330017, -0.19684535264968872, -0.8249182105064392, -1.1371936798095703, 0.035185858607292175, 0.3801562190055847, -0.478546142578125, -0.7431033253669739, 0.16644366085529327, -0.13260523974895477, -1.1662135124206543, 1.172014832496643, 0.0397663488984108, -0.7136188745498657, 1.3008594512939453, -1.4254473447799683, 0.22405613958835602, 0.12291266769170761, -0.21776555478572845, -0.5657604932785034, 0.21016213297843933, 0.10047343373298645, 1.0790672302246094, 0.08290467411279678, -0.07987508922815323, 0.6264848709106445, -0.6290010213851929, -0.387961208820343, 0.8260728120803833, -0.8431308269500732, -1.1291619539260864, 0.09971408545970917, 0.00819924846291542, -0.09454558789730072, -0.2405233532190323, -1.724329948425293, 1.0358208417892456, 1.4552503824234009, -1.6502268314361572, -0.8015026450157166, -0.3572271466255188, 0.07085712254047394, 0.5632867813110352, 0.4208751916885376, 0.8799452185630798, 0.4742368459701538, -1.0790246725082397, 0.6410647630691528, 1.1426002979278564, -0.4861299395561218, 0.5614746809005737, 0.9150972366333008, -0.7427747249603271, -0.24115748703479767, -0.5943738222122192, 0.5341919660568237, 1.2605414390563965, 0.4630056321620941, 0.1956266313791275, 0.010555424727499485, -0.6074337363243103, 1.1872552633285522, 2.2684519290924072, -0.100435271859169, 1.5133726596832275, 1.2771997451782227, 1.7641807794570923, 0.6340062618255615, -0.6716022491455078, -1.5681127309799194, 1.3020936250686646, 0.9124757647514343, -1.5164982080459595, 0.07208388298749924, 0.9912765026092529, -0.18459348380565643, 1.161948561668396, -1.1946724653244019, -0.9840867519378662, -0.49116769433021545, 0.7853848934173584, -0.14585457742214203, -1.5638105869293213, 0.41711780428886414, 0.7577993273735046, 2.114511251449585, 0.05920760706067085, -0.6664623618125916, -0.5462354421615601, -1.1222654581069946, -1.0919055938720703, -0.7597554922103882, -1.1392264366149902, 1.8869401216506958, 2.0049617290496826, 1.0799601078033447, -1.0642361640930176, -1.9549410343170166, 0.6106124520301819, 0.19979028403759003, -2.268946647644043, -1.5721099376678467, -1.7706516981124878, -0.31528303027153015, -2.541342258453369, 1.1739364862442017, -0.3624442219734192, -0.768032431602478, 1.0225486755371094, 0.4130154848098755, -0.2960400879383087, 0.5996885299682617, -1.2682228088378906, 0.9760622978210449, 1.378804087638855, 0.11520497500896454]]]

the 3rd book of the "Gogol" trilogy "The Inspector General"
[[[-0.648553729057312, 0.309898316860199, 1.3859854936599731, 0.2945600152015686, 0.03374272957444191, 1.5817335844039917, -2.35371470451355, 0.02077496610581875, -0.011218278668820858, -0.4466839134693146, 0.5610145926475525, -1.453052282333374, -0.9974071383476257, -0.9642872214317322, 2.1332952976226807, 0.012060614302754402, 0.04903174564242363, -0.255636602640152, -1.4520583152770996, -1.9025582075119019, 0.06733648478984833, 0.18670909106731415, -1.0154709815979004, 0.5729799270629883, -1.0591752529144287, -0.13314223289489746, 0.9105252623558044, -0.37486356496810913, 1.3803696632385254, -0.48125749826431274, -1.162196159362793, -1.650095820426941, 1.15062415599823, 0.5048954486846924, 3.3546838760375977, -0.022530492395162582, -0.5751641392707825, 0.23284855484962463, -0.4245178699493408, -0.7122741937637329, 1.3477104902267456, -2.2197258472442627, -0.6350986957550049, -0.8291356563568115, 0.8917965292930603, 1.1535917520523071, -0.505411684513092, -0.12579429149627686, 0.014966743998229504, 0.9535107612609863, -1.7488782405853271, -0.30821993947029114, 0.35317492485046387, -0.2844564914703369, 0.45450034737586975, -0.8863581418991089, -0.17694345116615295, -0.593231737613678, -0.16076086461544037, 0.5670612454414368, 1.095048189163208, 0.06661027669906616, 0.7343061566352844, -0.26850664615631104, 0.45235589146614075, 0.7535536289215088, -0.5406087636947632, 0.09823790192604065, -0.5908078551292419, -0.17476335167884827, 0.8197553753852844, -0.4391489028930664, -0.5029252767562866, 0.27919527888298035, 0.4407058656215668, -0.22234520316123962, 0.10524795949459076, 0.5378260016441345, 0.7645439505577087, 1.6532566547393799, 0.5006823539733887, -0.5456368923187256, 0.11021058261394501, -0.08715740591287613, -1.6261783838272095, 1.383795976638794, 2.803076982498169, 0.02600923180580139, -0.29551786184310913, 0.09018855541944504, 0.10607664287090302, -0.2120072841644287, -1.147751808166504, 0.7326730489730835, 0.7746188640594482, 0.4029521048069, 0.26800161600112915, -0.09002874791622162, -0.017754340544342995, -0.9693413972854614, -0.5347286462783813, -0.34858715534210205, -0.36602577567100525, 1.4373853206634521, -1.2571606636047363, 1.749354600906372, 1.475669264793396, 0.2161915898323059, -0.5687932372093201, 0.06754546612501144, -1.0329946279525757, 1.6665527820587158, -2.0940983295440674, -1.5653363466262817, -2.3962764739990234, 1.1222563982009888, -1.0044883489608765, 0.25823327898979187, -0.036881159991025925, 1.339837908744812, 1.178846836090088, -0.48774194717407227, 1.793543815612793, 0.13874368369579315, -1.1015585660934448, 0.2961809039115906, -0.09903904050588608, -1.0245893001556396]]]

war and peace
[[[-0.5908742547035217, -0.40111246705055237, 1.1232432126998901, 2.1453821659088135, 0.0359104722738266, 0.996698260307312, -1.521571159362793, -0.6150751709938049, 0.0627317875623703, 1.2838560342788696, -0.71379554271698, -1.11105215549469, 0.7461981177330017, -0.19684535264968872, -0.8249182105064392, -1.1371936798095703, 0.035185858607292175, 0.3801562190055847, -0.478546142578125, -0.7431033253669739, 0.16644366085529327, -0.13260523974895477, -1.1662135124206543, 1.172014832496643, 0.0397663488984108, -0.7136188745498657, 1.3008594512939453, -1.4254473447799683, 0.22405613958835602, 0.12291266769170761, -0.21776555478572845, -0.5657604932785034, 0.21016213297843933, 0.10047343373298645, 1.0790672302246094, 0.08290467411279678, -0.07987508922815323, 0.6264848709106445, -0.6290010213851929, -0.387961208820343, 0.8260728120803833, -0.8431308269500732, -1.1291619539260864, 0.09971408545970917, 0.00819924846291542, -0.09454558789730072, -0.2405233532190323, -1.724329948425293, 1.0358208417892456, 1.4552503824234009, -1.6502268314361572, -0.8015026450157166, -0.3572271466255188, 0.07085712254047394, 0.5632867813110352, 0.4208751916885376, 0.8799452185630798, 0.4742368459701538, -1.0790246725082397, 0.6410647630691528, 1.1426002979278564, -0.4861299395561218, 0.5614746809005737, 0.9150972366333008, -0.7427747249603271, -0.24115748703479767, -0.5943738222122192, 0.5341919660568237, 1.2605414390563965, 0.4630056321620941, 0.1956266313791275, 0.010555424727499485, -0.6074337363243103, 1.1872552633285522, 2.2684519290924072, -0.100435271859169, 1.5133726596832275, 1.2771997451782227, 1.7641807794570923, 0.6340062618255615, -0.6716022491455078, -1.5681127309799194, 1.3020936250686646, 0.9124757647514343, -1.5164982080459595, 0.07208388298749924, 0.9912765026092529, -0.18459348380565643, 1.161948561668396, -1.1946724653244019, -0.9840867519378662, -0.49116769433021545, 0.7853848934173584, -0.14585457742214203, -1.5638105869293213, 0.41711780428886414, 0.7577993273735046, 2.114511251449585, 0.05920760706067085, -0.6664623618125916, -0.5462354421615601, -1.1222654581069946, -1.0919055938720703, -0.7597554922103882, -1.1392264366149902, 1.8869401216506958, 2.0049617290496826, 1.0799601078033447, -1.0642361640930176, -1.9549410343170166, 0.6106124520301819, 0.19979028403759003, -2.268946647644043, -1.5721099376678467, -1.7706516981124878, -0.31528303027153015, -2.541342258453369, 1.1739364862442017, -0.3624442219734192, -0.768032431602478, 1.0225486755371094, 0.4130154848098755, -0.2960400879383087, 0.5996885299682617, -1.2682228088378906, 0.9760622978210449, 1.378804087638855, 0.11520497500896454]]]

war and peace
[[[-0.5908742547035217, -0.40111246705055237, 1.1232432126998901, 2.1453821659088135, 0.0359104722738266, 0.996698260307312, -1.521571159362793, -0.6150751709938049, 0.0627317875623703, 1.2838560342788696, -0.71379554271698, -1.11105215549469, 0.7461981177330017, -0.19684535264968872, -0.8249182105064392, -1.1371936798095703, 0.035185858607292175, 0.3801562190055847, -0.478546142578125, -0.7431033253669739, 0.16644366085529327, -0.13260523974895477, -1.1662135124206543, 1.172014832496643, 0.0397663488984108, -0.7136188745498657, 1.3008594512939453, -1.4254473447799683, 0.22405613958835602, 0.12291266769170761, -0.21776555478572845, -0.5657604932785034, 0.21016213297843933, 0.10047343373298645, 1.0790672302246094, 0.08290467411279678, -0.07987508922815323, 0.6264848709106445, -0.6290010213851929, -0.387961208820343, 0.8260728120803833, -0.8431308269500732, -1.1291619539260864, 0.09971408545970917, 0.00819924846291542, -0.09454558789730072, -0.2405233532190323, -1.724329948425293, 1.0358208417892456, 1.4552503824234009, -1.6502268314361572, -0.8015026450157166, -0.3572271466255188, 0.07085712254047394, 0.5632867813110352, 0.4208751916885376, 0.8799452185630798, 0.4742368459701538, -1.0790246725082397, 0.6410647630691528, 1.1426002979278564, -0.4861299395561218, 0.5614746809005737, 0.9150972366333008, -0.7427747249603271, -0.24115748703479767, -0.5943738222122192, 0.5341919660568237, 1.2605414390563965, 0.4630056321620941, 0.1956266313791275, 0.010555424727499485, -0.6074337363243103, 1.1872552633285522, 2.2684519290924072, -0.100435271859169, 1.5133726596832275, 1.2771997451782227, 1.7641807794570923, 0.6340062618255615, -0.6716022491455078, -1.5681127309799194, 1.3020936250686646, 0.9124757647514343, -1.5164982080459595, 0.07208388298749924, 0.9912765026092529, -0.18459348380565643, 1.161948561668396, -1.1946724653244019, -0.9840867519378662, -0.49116769433021545, 0.7853848934173584, -0.14585457742214203, -1.5638105869293213, 0.41711780428886414, 0.7577993273735046, 2.114511251449585, 0.05920760706067085, -0.6664623618125916, -0.5462354421615601, -1.1222654581069946, -1.0919055938720703, -0.7597554922103882, -1.1392264366149902, 1.8869401216506958, 2.0049617290496826, 1.0799601078033447, -1.0642361640930176, -1.9549410343170166, 0.6106124520301819, 0.19979028403759003, -2.268946647644043, -1.5721099376678467, -1.7706516981124878, -0.31528303027153015, -2.541342258453369, 1.1739364862442017, -0.3624442219734192, -0.768032431602478, 1.0225486755371094, 0.4130154848098755, -0.2960400879383087, 0.5996885299682617, -1.2682228088378906, 0.9760622978210449, 1.378804087638855, 0.11520497500896454]]]

Joseph Goebbels
[[[0.4047951400279999, -0.3676420748233795, 1.1514981985092163, 0.5862563252449036, -1.0688188076019287, 0.36475473642349243, -1.449664831161499, -1.1529490947723389, -0.22553515434265137, 0.5397644639015198, -0.11441841721534729, -1.961066484451294, -0.5318008661270142, -1.3243129253387451, 1.9532979726791382, -0.07550287246704102, -0.7097926735877991, 0.9773553609848022, 0.3247188329696655, -1.852828025817871, -0.4258553385734558, -0.17042092978954315, -0.39404061436653137, 0.7779495716094971, -0.15876182913780212, -0.8444806337356567, 0.7550180554389954, -2.101141929626465, 0.8058071136474609, -0.9310998916625977, 0.6115888953208923, -1.7725753784179688, 0.5591026544570923, 0.7423357367515564, 2.7640018463134766, -1.3233721256256104, -0.7362815737724304, 0.13506463170051575, -1.3448642492294312, -1.2259773015975952, -0.014204343780875206, -1.2718273401260376, -1.4259692430496216, -0.5504485368728638, -0.013725895434617996, 1.0231205224990845, -0.3880612850189209, -0.3184027373790741, 0.7251344323158264, 1.57793390750885, -0.6701730489730835, 0.20517656207084656, -0.15342777967453003, 0.1766526699066162, -0.5038833022117615, -0.2331734150648117, 0.5359553098678589, -0.003166941925883293, -2.139458417892456, 1.5998294353485107, 1.1935036182403564, 0.9490777254104614, -0.16182240843772888, 0.7472782731056213, 0.42561566829681396, -0.24481980502605438, 0.10060085356235504, 0.7536174654960632, -0.23099294304847717, -1.4710168838500977, 0.34684818983078003, -0.81748366355896, 0.010635103099048138, 2.1811277866363525, 0.7836809754371643, -1.0116406679153442, 0.048113517463207245, -0.14055868983268738, 0.6563361287117004, 0.9335269331932068, 0.14822617173194885, -0.5899957418441772, 0.19753384590148926, 0.6818487644195557, -0.3356306850910187, 0.44950345158576965, 2.128206968307495, 1.379337191581726, -0.9577233195304871, -0.891949474811554, 0.3054702579975128, 0.3935193121433258, 0.6094237565994263, -0.24641583859920502, -2.155385971069336, 1.7125803232192993, 1.0150721073150635, 1.882426142692566, 0.2754158675670624, 0.1314525306224823, 0.7429232597351074, -0.4697904586791992, -0.9346472024917603, -0.6060702204704285, -0.9193978905677795, 1.987318992614746, 0.8954938650131226, 1.5468673706054688, -2.083157777786255, 0.05878201872110367, -0.6749687194824219, 0.4839801788330078, -1.809772253036499, -0.7041816115379333, -1.1532319784164429, 1.4645620584487915, -0.5501893758773804, 0.6243894696235657, -0.07377438247203827, -0.4326176941394806, 1.49345064163208, -0.06228022649884224, 0.3912576735019684, -0.24474138021469116, -0.5990679860115051, 0.9066727757453918, 0.5030466318130493, -0.3133854269981384]]]

joachim stiehl
[[[-0.792805552482605, -0.3790186643600464, -0.2004844695329666, -0.10605084896087646, 0.22761555016040802, 1.302839994430542, -1.1817823648452759, -1.1433887481689453, -1.467079520225525, 0.40976643562316895, -0.4003961980342865, -1.9924077987670898, -0.034924499690532684, -0.17171475291252136, 1.8105634450912476, -1.100036382675171, -0.6775007247924805, 0.9987136125564575, 0.05935734882950783, -1.258410096168518, -1.20131254196167, -0.021698826923966408, -1.5688135623931885, 0.8307731747627258, -0.09040237218141556, -1.1256057024002075, 1.1984212398529053, -1.1839773654937744, 0.19825437664985657, 0.6796031594276428, -0.1276531219482422, -2.3133089542388916, 0.8224677443504333, -0.34722575545310974, 1.1043477058410645, -0.1907484233379364, 0.16728614270687103, -0.24256068468093872, -0.8435857892036438, 0.46950656175613403, 0.45360323786735535, -1.186199426651001, 0.31355923414230347, -0.28489211201667786, 0.019435275346040726, 1.3154687881469727, -0.024324195459485054, -0.7550631165504456, 0.275408536195755, 0.6135231256484985, -0.9383944869041443, 1.0858842134475708, -2.072474718093872, 0.3758287727832794, 0.18686352670192719, 0.023747988045215607, 0.514396071434021, -0.3852968215942383, -0.6082931160926819, 1.1301120519638062, 1.6743597984313965, 0.9123746156692505, 0.03894086927175522, 0.656082808971405, 0.7456962466239929, -1.7181994915008545, 0.17861242592334747, 1.200566053390503, 0.48435479402542114, -1.0633653402328491, 1.4755619764328003, -0.23691001534461975, -0.419334352016449, 0.3297683298587799, 2.0328803062438965, -0.8521204590797424, -0.7672863006591797, 0.0010685082525014877, 1.4946812391281128, 0.1413297802209854, -0.8350440859794617, -0.4541127681732178, 1.7183383703231812, 0.18053953349590302, 0.02047823742032051, 0.393436461687088, 1.9236901998519897, 0.9191184639930725, 0.20521590113639832, -2.014500141143799, 0.6023286581039429, -0.19436779618263245, -1.178057312965393, 0.39486825466156006, -1.1248656511306763, 0.4588884711265564, -1.0334739685058594, 1.0834985971450806, 0.15440616011619568, -0.8773806691169739, 1.001383900642395, -0.18286971747875214, 0.10350245982408524, 0.1742793768644333, -0.21888647973537445, 2.087442636489868, 2.5400044918060303, 0.6631537079811096, -1.8690561056137085, -0.9945561289787292, -0.2005312740802765, 1.0049142837524414, -2.424140453338623, -0.04056347534060478, -0.8632776737213135, 0.745476245880127, -0.18100766837596893, 0.34378519654273987, -1.2382473945617676, -0.3241068124771118, 1.9118356704711914, -0.08361375331878662, 0.5286234617233276, 0.13308656215667725, -1.9853246212005615, 1.2563128471374512, 1.3340214490890503, -0.04322488605976105]]]

Josef Goebbels
[[[0.46479514241218567, -0.36072856187820435, 1.0314279794692993, 1.220563292503357, -0.36240118741989136, 0.4202022850513458, -1.4527314901351929, -1.4094563722610474, -1.1294859647750854, 1.2124626636505127, -0.3520081639289856, -1.9102802276611328, -0.510208010673523, -0.988426923751831, 2.0841474533081055, -0.38807377219200134, -0.3423473536968231, 1.2905051708221436, 0.2761000990867615, -1.4436570405960083, -1.4316978454589844, -0.8445864319801331, -0.0005207451758906245, 0.8825410604476929, -0.4813437759876251, 0.014986361376941204, 0.4294014275074005, -2.0291833877563477, 0.5397965312004089, -0.8458161950111389, -0.12887538969516754, -1.5034971237182617, 0.24079838395118713, 0.9094817638397217, 3.0971925258636475, -1.508967638015747, -0.978299081325531, -0.2899499237537384, -1.5583512783050537, -0.6861905455589294, -0.5893408060073853, -0.42552152276039124, -1.0383780002593994, -0.1917991191148758, 0.2336561232805252, 1.0488780736923218, -0.6762728095054626, -0.9191162586212158, 0.05858051776885986, 1.2848670482635498, -0.3171113431453705, 0.8607011437416077, -0.23757654428482056, 0.6627447009086609, -0.715000331401825, -0.1931825876235962, 0.19502945244312286, -0.3877872824668884, -1.6301782131195068, 1.3881597518920898, 1.211944341659546, 0.5827605128288269, -0.04507468268275261, 0.8658394813537598, 0.42597824335098267, -0.22763191163539886, -0.004421911668032408, 0.6800165176391602, 0.35889843106269836, -2.152758836746216, 0.18750838935375214, -0.8460740447044373, -0.46251702308654785, 1.8357237577438354, -0.45937463641166687, -0.39690515398979187, 0.1257597804069519, -0.8090677857398987, 0.16623850166797638, 1.159328818321228, -0.027996424585580826, -0.24921971559524536, 0.3079630732536316, 1.1541796922683716, -1.4230947494506836, 0.873970627784729, 2.2952561378479004, 1.0238913297653198, -0.533795177936554, -0.623988151550293, -0.39563196897506714, -0.1865864396095276, 0.12584654986858368, -0.4061204791069031, -1.9242353439331055, 2.217643976211548, 0.5621681809425354, 1.591126561164856, 0.18347059190273285, 0.16961365938186646, 1.2106943130493164, -0.6490330696105957, -0.3085552155971527, 0.43598243594169617, -0.3709283471107483, 1.6655702590942383, 1.3667200803756714, 1.927180528640747, -1.54753839969635, -1.0084547996520996, -0.062169235199689865, 0.5863012671470642, -1.1642041206359863, -0.42737287282943726, -1.4085888862609863, 1.3402433395385742, -1.0994505882263184, 0.5154684782028198, 0.01210937649011612, -0.34734246134757996, 0.9524805545806885, 0.23598918318748474, 0.3663341701030731, -0.12437256425619125, -1.0942952632904053, 1.2557679414749146, 0.8504962921142578, 0.3716646432876587]]]

joseph goebbels
[[[-0.4214092195034027, -0.40487515926361084, 0.9236236214637756, -0.13878969848155975, -0.537727415561676, 0.8195781707763672, -0.7836121916770935, -0.1606469750404358, -1.3024966716766357, 1.6633684635162354, -0.7858856916427612, -2.0179221630096436, -0.9532693028450012, -0.5268523097038269, 0.3133072257041931, -0.19307032227516174, -0.4015488624572754, 0.7318629622459412, 1.4210233688354492, -0.9111427068710327, -0.2486426830291748, -0.5689439177513123, 0.20344278216362, 1.5696799755096436, -0.057303011417388916, -0.6735368371009827, -0.5432966947555542, -2.393810987472534, 0.9807375073432922, -0.9698804020881653, 0.06124886870384216, -0.9389928579330444, 0.9283251166343689, 0.7108657360076904, 2.342454195022583, -0.9051921963691711, -0.37630707025527954, -0.3170515298843384, -0.8268429040908813, -0.612177312374115, -0.7514086365699768, -1.4322996139526367, -0.6974607706069946, -0.5133572220802307, -0.6121508479118347, 1.2613414525985718, 1.2304282188415527, -1.2414137125015259, 1.3095009326934814, 1.2928919792175293, -1.0413875579833984, -0.675737202167511, -1.5262442827224731, 0.03703555837273598, 1.028743863105774, -0.29272398352622986, 0.18765369057655334, 0.5257713198661804, -1.4904069900512695, 1.0217561721801758, 0.113963782787323, 0.10619490593671799, -0.09047211706638336, 0.09350711107254028, 0.4146578013896942, -0.522936224937439, 0.168212890625, 1.6595549583435059, 0.6591224670410156, -1.7430599927902222, 1.1893049478530884, -1.2304627895355225, -0.6346434950828552, 1.4558042287826538, 0.37202537059783936, -1.142906904220581, 1.1328890323638916, -0.6388489603996277, 0.9624877572059631, 2.052635669708252, -0.9052417874336243, -0.47876235842704773, 0.12500548362731934, -0.33114394545555115, 0.82479327917099, 0.5091881155967712, 2.3043761253356934, 0.6965052485466003, -1.164136528968811, -0.8885495662689209, -0.06569409370422363, -0.025239409878849983, 0.28761395812034607, -0.2954493463039398, -0.9657635688781738, 0.25801053643226624, 0.6759063601493835, 1.538317084312439, 1.2432265281677246, 0.4809833765029907, 0.21656976640224457, -0.8214245438575745, -0.9781227111816406, -0.407329261302948, -0.250480592250824, 2.062732696533203, 1.2981520891189575, 2.21968674659729, -1.9320812225341797, 0.47673898935317993, -1.823516845703125, 1.2398940324783325, -2.147413730621338, 0.09429191052913666, -1.0313700437545776, 0.7694863677024841, -0.5292642712593079, 0.7795701622962952, -0.11427982151508331, 0.006781848147511482, 1.5693389177322388, -0.6478191614151001, -0.09211445599794388, 0.47470661997795105, -0.9323856830596924, 0.5571114420890808, 0.5255476236343384, -0.10280726850032806]]]

Goebbels
[[[0.3099195659160614, -0.5080469846725464, 0.5239171385765076, 0.9248124957084656, -0.40936893224716187, 0.004989961162209511, -2.1309006214141846, -0.5529943108558655, -0.5467668175697327, 1.0576800107955933, 0.36545780301094055, -1.392342448234558, -0.24963738024234772, -1.3125487565994263, 0.9671714901924133, -0.508752167224884, -0.7596330642700195, 1.7795422077178955, 0.5508718490600586, -1.0495190620422363, 0.14207199215888977, -0.837450385093689, -0.3641153573989868, 0.08246400207281113, 0.0706086978316307, -0.6959070563316345, -0.1600174605846405, -1.6538738012313843, 0.6624635457992554, -1.3267775774002075, 0.0520491898059845, -1.8276923894882202, 0.8249257206916809, 0.9224154353141785, 1.972943663597107, -0.8201150298118591, -0.3503357470035553, -0.45161333680152893, -0.7627889513969421, -0.6911764740943909, -0.35928916931152344, -0.7196575403213501, -0.6857523322105408, -1.1178455352783203, -0.7772870659828186, 1.2108427286148071, 0.39359381794929504, -2.2755653858184814, 0.407088965177536, 1.5248979330062866, -0.37849608063697815, 0.17736758291721344, -1.0764192342758179, 0.46319717168807983, -0.23658916354179382, -0.6062666773796082, -0.282635897397995, -0.387055367231369, -1.528339147567749, 1.1103097200393677, 0.6768832206726074, 0.7712237238883972, 0.3076181411743164, 0.8027547597885132, 1.0520083904266357, -1.5707356929779053, -0.25810593366622925, 0.7068507671356201, 0.17416618764400482, -1.4869441986083984, 1.313833236694336, -0.324008047580719, -0.43140822649002075, 2.399648666381836, 0.9823110103607178, -1.2931312322616577, 0.00369151565246284, -0.5073009133338928, 0.5449923872947693, 0.6244989633560181, 0.25415679812431335, -0.8353346586227417, 0.4466347098350525, 0.6287028193473816, -0.05584156513214111, 0.9352728128433228, 1.981199860572815, 1.049881100654602, -0.22581128776073456, -0.9268057942390442, 0.9203009605407715, 0.25211086869239807, 0.010649841278791428, -0.01964898593723774, -1.3540663719177246, 1.2879447937011719, 0.25822117924690247, 2.039747714996338, 1.8179237842559814, -0.0890284925699234, 1.2511684894561768, -0.5897511839866638, -0.8363662362098694, -1.0193336009979248, -0.7514187097549438, 1.754841685295105, 1.7874470949172974, 1.8133296966552734, -2.174844980239868, -0.046702515333890915, -0.4006134271621704, 1.0224575996398926, -1.0879062414169312, -0.6921005845069885, -1.9228687286376953, 0.6798731684684753, -1.3772326707839966, 0.6476587653160095, 0.24049201607704163, -0.8362240195274353, 1.4527019262313843, 0.3124408721923828, -0.06017407029867172, -0.683925211429596, -0.3991956114768982, 1.843565583229065, 0.45910215377807617, 0.04049147665500641]]]

josef goebbels
[[[-0.3995249569416046, -0.44282039999961853, 0.8562859892845154, -0.03380296751856804, -0.47165703773498535, 0.8982742428779602, -1.4807173013687134, -0.2425062656402588, -1.411882758140564, 1.6126359701156616, -0.27303141355514526, -1.524869680404663, -0.7615043520927429, -0.643561840057373, 0.8605294823646545, -0.5256936550140381, -0.6572651863098145, 0.7498907446861267, 0.955960750579834, -1.586112380027771, -0.2316516488790512, -0.7452185153961182, -0.5028075575828552, 1.3592463731765747, 0.03567071259021759, -0.9505932331085205, -0.22129391133785248, -2.160227060317993, 1.189577579498291, -1.0238595008850098, -0.07750602066516876, -1.112823486328125, 1.017081618309021, 0.6818724870681763, 2.348106622695923, -0.6979358792304993, -0.29692012071609497, -0.6391191482543945, -0.6167116761207581, -0.2310035675764084, -0.7961045503616333, -1.3137013912200928, -0.7086899876594543, -0.36201271414756775, -0.38470301032066345, 1.22386634349823, 0.9225766658782959, -1.141777753829956, 1.240504264831543, 1.6841894388198853, -1.0447067022323608, -0.5040780305862427, -1.9715118408203125, -0.10388650000095367, 0.7921543717384338, -0.09280027449131012, 0.3931644558906555, -0.027147086337208748, -1.3436905145645142, 0.9071934223175049, 0.5234615206718445, 0.10907018929719925, 0.07313527166843414, 0.140025794506073, 0.6653677821159363, -1.0837212800979614, -0.00701389042660594, 1.2779457569122314, 0.5344617962837219, -1.927081823348999, 1.2383379936218262, -0.918766438961029, -0.5349326729774475, 1.6721097230911255, 0.3048461377620697, -0.9516026377677917, 0.7131897211074829, -0.8252890110015869, 0.8346855044364929, 1.8681788444519043, -0.9754580855369568, -0.5948732495307922, -0.16868102550506592, 0.04661622643470764, 0.40083128213882446, 0.45837417244911194, 2.6144449710845947, 0.5684320330619812, -0.9135088920593262, -0.9471523761749268, 0.031188426539301872, 0.022700661793351173, 0.1584548056125641, -0.09734141081571579, -1.4059056043624878, 0.9902307391166687, 0.6273676156997681, 1.167947769165039, 1.6324000358581543, 0.7850273251533508, 0.7303764820098877, -0.6558041572570801, -0.9894031286239624, -0.5330302119255066, -0.4455520510673523, 2.1549489498138428, 1.5271737575531006, 1.9100980758666992, -1.7554916143417358, 0.3421900272369385, -1.3869985342025757, 1.4183777570724487, -1.893844485282898, 0.3872119188308716, -1.4667339324951172, 0.8806442618370056, -0.8016269207000732, 0.8451207876205444, -0.3324430286884308, -0.04301951080560684, 1.2646515369415283, -0.27380961179733276, 0.29228973388671875, 0.43443840742111206, -0.977810800075531, 0.6148360371589661, 0.47963473200798035, 0.19471928477287292]]]

martin bormann
[[[-1.7092729806900024, -0.761350691318512, 0.27911126613616943, 0.21009714901447296, -0.4356022775173187, 1.64649498462677, -1.6657947301864624, -0.7886425852775574, -0.8685024976730347, 1.044237732887268, 0.07396051287651062, -1.0815578699111938, 0.8629017472267151, -0.07419592142105103, 0.5598190426826477, -1.1272413730621338, -1.2011600732803345, 0.8765184879302979, 0.9538185596466064, -2.0515239238739014, -0.15781310200691223, -1.1417344808578491, -1.4715509414672852, 0.9098448157310486, -0.0035645272582769394, -1.175498366355896, 0.16248683631420135, -1.626686930656433, 0.29808318614959717, -0.3743608593940735, -0.983277440071106, -0.7714359760284424, 0.871318519115448, 0.5566736459732056, 0.9043440818786621, -0.054116975516080856, -0.1397225707769394, -0.29830873012542725, 0.231087788939476, -0.11232782155275345, -0.6973994374275208, -1.0816234350204468, 0.21324972808361053, -0.23315396904945374, 0.09853030741214752, 1.1257864236831665, 0.8521683812141418, 0.22800526022911072, 0.49420464038848877, 0.6585556268692017, -1.2605931758880615, 0.12902550399303436, -1.5513263940811157, -0.13762083649635315, 0.4903065860271454, -0.46913084387779236, 0.2510184347629547, 0.6866549849510193, -0.51054447889328, 0.10115858912467957, 0.5630959868431091, 0.2572706937789917, 0.16099384427070618, 0.536448061466217, 0.10295319557189941, -0.8212277293205261, -0.9289489388465881, 0.7106143832206726, 0.558086097240448, -1.1057707071304321, 0.8037133812904358, -0.3962951898574829, -1.1842962503433228, 1.2438420057296753, 1.3566484451293945, -0.8429253697395325, -0.1456618309020996, 0.26698365807533264, 2.351867437362671, 1.6960943937301636, -1.3882941007614136, -1.4103633165359497, 0.4809994399547577, -0.06562978774309158, -0.20484666526317596, 0.1308833211660385, 2.6450624465942383, 1.2174831628799438, 0.024827029556035995, -1.9589974880218506, 1.4273443222045898, 0.4474962651729584, 1.0212525129318237, -0.10726538300514221, -1.1163709163665771, 0.41418400406837463, 0.25163543224334717, 1.5498682260513306, 1.2421305179595947, -0.4509728252887726, 0.8407912254333496, 0.020625879988074303, -0.5635529160499573, -0.25650638341903687, -0.025023765861988068, 1.5877070426940918, 2.1307942867279053, 1.6838791370391846, -1.5418437719345093, 0.435880571603775, -0.5452074408531189, 1.486833095550537, -1.8004904985427856, -0.4210681915283203, -1.580377459526062, -0.01236575748771429, -0.9436978697776794, 0.2931937277317047, -1.1433601379394531, -0.709200382232666, 2.396514892578125, -0.08927343785762787, 0.2568223178386688, -0.4959815442562103, -2.231840133666992, 1.6979211568832397, 0.08098258078098297, 0.3611067831516266]]]

Adolf Hitler
[[[-0.3837498426437378, -0.5702773928642273, 0.5886871218681335, 1.2188630104064941, 0.3253098726272583, -0.3655868172645569, -2.112074136734009, -0.87285977602005, -0.8721031546592712, 0.6524715423583984, -0.48343175649642944, -1.0942347049713135, 0.3337055742740631, -1.3526794910430908, 1.9873629808425903, 0.03955017402768135, -0.5241456031799316, 0.4983612298965454, 0.904001772403717, -2.702247142791748, -0.7509195804595947, 0.1339191049337387, -0.26653432846069336, 0.8405749201774597, 0.5963075757026672, -1.0530153512954712, 0.9378445744514465, -0.9888998866081238, 0.43723446130752563, -0.6982095241546631, 0.42134353518486023, -1.658947229385376, 0.5634292960166931, 0.9744852185249329, 1.4974937438964844, -1.273116111755371, -0.48413321375846863, 0.13415375351905823, -1.1702853441238403, -1.3109675645828247, 0.7117695808410645, -1.0892798900604248, -1.1286801099777222, 0.07374688982963562, -0.01652330346405506, -0.32461056113243103, 0.5202696919441223, -1.3889760971069336, 0.734455406665802, 1.5916954278945923, -0.8380517363548279, -0.6359970569610596, 0.18682977557182312, -0.35085034370422363, -0.31641095876693726, -0.49666860699653625, 2.236710786819458, -0.6933711171150208, -1.738511085510254, 1.160526156425476, 2.0877323150634766, 1.364619255065918, 1.237602710723877, 0.29356351494789124, -0.4911027252674103, -0.5989891290664673, 0.3064001500606537, 1.5773200988769531, 0.3062204122543335, -0.279602587223053, 1.3285523653030396, -0.7035269737243652, 0.11265907436609268, 0.8838068842887878, 1.2474125623703003, -0.27404463291168213, 1.388146162033081, 0.03951667621731758, 0.9098312258720398, 1.2708702087402344, -1.1172215938568115, -0.8318334817886353, 0.9090346693992615, -0.3975555896759033, 0.009406662546098232, 0.24353887140750885, 1.6831772327423096, 0.5801118612289429, 0.09146780520677567, -0.9867624044418335, -0.10786425322294235, 1.2068413496017456, -1.0416436195373535, -0.5577412247657776, -2.018609046936035, 1.294527530670166, 0.7462488412857056, 0.734001100063324, -0.35498136281967163, -0.42356857657432556, 1.066910982131958, -1.8640813827514648, -0.9404330849647522, -1.4561480283737183, -0.5668802857398987, 1.971879005432129, 1.320494294166565, 0.5736904144287109, -1.5767030715942383, -0.6061508059501648, 1.0194756984710693, 0.943288266658783, -0.8734883069992065, -1.2176222801208496, -1.1991840600967407, 0.7712067365646362, -1.4972574710845947, 0.8892356753349304, 0.319933146238327, -0.5949316620826721, 0.5687357783317566, -0.16665789484977722, 0.9469999074935913, 0.9145854115486145, -0.6441375613212585, 0.2831290364265442, -0.1190008819103241, -0.22920502722263336]]]

goebbels
[[[0.41331520676612854, 0.09829577058553696, 0.5352428555488586, 0.5213772654533386, -0.7930380702018738, 0.5308546423912048, -2.2897679805755615, -0.45222213864326477, -0.19060549139976501, 1.6301687955856323, -0.23508675396442413, -1.6036152839660645, -0.497872918844223, -1.3336677551269531, 1.0889341831207275, -0.6948274374008179, -0.5377231240272522, 1.450386643409729, 0.5424100756645203, -1.9633055925369263, 0.5964859127998352, -0.7130226492881775, -0.8722137808799744, 1.022895336151123, 0.15360325574874878, -0.8403056263923645, -0.1540212631225586, -1.5964747667312622, 0.47505712509155273, -0.6823509335517883, -0.11750289797782898, -1.6298038959503174, 1.0401544570922852, 0.6957146525382996, 2.006988286972046, -0.6797727346420288, -0.3465004861354828, -0.39238592982292175, -0.19160804152488708, -0.4804981052875519, -0.245523139834404, -0.6289283037185669, -0.6619300246238708, -1.0485308170318604, -0.7420145869255066, 0.5325450897216797, 0.8329863548278809, -2.172635078430176, 0.19608516991138458, 0.848450243473053, -0.8807645440101624, -0.09182661026716232, -1.243963360786438, 0.6502376198768616, 0.23897944390773773, 0.03829140588641167, -0.5056041479110718, 0.030445454642176628, -1.2748669385910034, 0.9171890020370483, 0.8537185788154602, 0.5133692622184753, -0.04617851972579956, 0.4382149279117584, 1.6962367296218872, -0.9995414018630981, -0.3700411021709442, 1.1094658374786377, 1.1014093160629272, -1.2152334451675415, 0.9546253085136414, -0.6824586391448975, -0.5892293453216553, 2.5372555255889893, 1.0431586503982544, -1.196042776107788, 0.39771464467048645, 0.11488959938287735, 0.46658751368522644, 0.7061018943786621, -0.2136061191558838, -1.3709677457809448, 0.46706604957580566, 0.09789719432592392, 0.10553032159805298, 0.8246896862983704, 1.9351567029953003, 1.4765104055404663, -0.3860436677932739, -1.0157127380371094, 0.6380111575126648, 0.7568603754043579, 1.0467638969421387, 0.4040946066379547, -1.4071483612060547, 0.7690313458442688, 0.7769719362258911, 2.0251922607421875, 1.428100347518921, -0.47348615527153015, 0.600212037563324, -0.6345391869544983, -0.916688859462738, -1.1122254133224487, -1.1983591318130493, 1.4293078184127808, 1.6700159311294556, 1.941201090812683, -1.9310331344604492, 0.3644280433654785, -1.1286534070968628, 0.9178639650344849, -1.4137665033340454, -0.45135757327079773, -1.554047703742981, 0.674927294254303, -1.4034191370010376, 0.0842316523194313, 0.10291271656751633, -1.0006452798843384, 1.7096918821334839, -0.6459030508995056, -0.08555535227060318, -0.7930797338485718, -0.16447915136814117, 1.0799728631973267, 0.33682966232299805, 0.5009109377861023]]]

joachim stahlecker
[[[-1.4240705966949463, -1.1392252445220947, -0.3100877106189728, -0.30492910742759705, 0.7259761691093445, 0.4552811086177826, -0.8900603652000427, -0.8457595705986023, -1.8984287977218628, 0.2846813201904297, -0.4869191348552704, -1.8963289260864258, -0.38749125599861145, -0.30508047342300415, 1.2092313766479492, -0.4254368841648102, -0.7104438543319702, 1.16525399684906, 0.2177412360906601, -0.9327535033226013, -1.2245234251022339, -0.03892720863223076, -1.2574520111083984, 0.10058633983135223, 0.04134972020983696, -0.5699353218078613, 0.6467294692993164, -1.6045887470245361, 0.37490975856781006, -0.05834052339196205, 0.16657792031764984, -2.100336790084839, 1.7178432941436768, 0.43086618185043335, 1.889007329940796, 0.8269050717353821, 0.037576884031295776, 0.12899312376976013, -0.6621865034103394, 0.48303037881851196, 0.2486078143119812, -0.8275968432426453, 0.3164973556995392, 0.21370834112167358, -0.8034183382987976, 1.917709231376648, 0.9787331223487854, -0.28048399090766907, 0.8316554427146912, 0.5791798233985901, -1.3754268884658813, 0.7965846657752991, -1.5211468935012817, -0.4386860132217407, 1.640225887298584, -0.4397018849849701, 0.48264363408088684, -0.42470666766166687, -1.0762741565704346, -0.024548335000872612, 1.7084903717041016, 0.6533807516098022, -0.0880454033613205, 0.6504889726638794, 0.20118650794029236, -0.7022509574890137, 0.566228985786438, 2.091224431991577, 0.0731278732419014, -1.8956714868545532, 0.7807397246360779, -0.6707630157470703, -0.41471073031425476, 0.0937577411532402, 0.7247528433799744, -0.4488600492477417, -0.17195363342761993, -0.20169490575790405, 1.5814777612686157, -0.039943546056747437, -0.9715725779533386, -0.6454866528511047, 1.1381993293762207, -0.48054879903793335, -0.6808977723121643, -0.06502985954284668, 2.119880437850952, 0.9291183352470398, -0.2557183802127838, -1.6016806364059448, 0.5328994989395142, -0.47369495034217834, -0.9780373573303223, -0.08992701023817062, -1.2000445127487183, 0.3588186204433441, -0.042815931141376495, 0.9219449758529663, 0.3809431493282318, -0.8093172311782837, 1.1487799882888794, -0.2639153301715851, 0.07120879739522934, 0.011723305098712444, 0.336315393447876, 1.962227463722229, 2.1935651302337646, 1.2670665979385376, -1.6430418491363525, -0.6916010975837708, -1.3751212358474731, 1.2785066366195679, -2.509345293045044, 0.13572514057159424, -0.8392007350921631, 0.8531819581985474, -0.29749611020088196, 0.6039149761199951, -1.1383908987045288, 0.09184423089027405, 2.021829128265381, 0.097360759973526, 1.662680745124817, 0.13336580991744995, -1.9522581100463867, 1.4797289371490479, 0.3432243764400482, 0.21733872592449188]]]

new york
[[[-1.248746633529663, -0.12146515399217606, 0.6535659432411194, 0.7134802341461182, 0.7696973085403442, 0.7204384207725525, -1.3203383684158325, -1.015615701675415, 0.27316635847091675, 1.7922072410583496, -0.20498070120811462, -2.454353094100952, 0.05012138932943344, -0.5374883413314819, 0.8259602785110474, -0.5581257939338684, -0.7918304204940796, 1.0526354312896729, 0.7459876537322998, -2.1815879344940186, 0.5253932476043701, 0.3748439848423004, -1.6155668497085571, 0.8977201581001282, 0.07826636731624603, -0.8436360955238342, 0.8382654190063477, -0.8825498819351196, 0.3687952160835266, -0.5688644051551819, -0.5111972093582153, -2.265505790710449, -0.27514180541038513, 0.17143842577934265, 0.27380773425102234, -0.3609790503978729, 0.05331092327833176, 0.8031054735183716, -1.1467458009719849, -0.628202497959137, 0.78400057554245, -1.8813178539276123, -1.3364429473876953, -0.04576314985752106, -0.3233754336833954, 0.15384630858898163, 0.14960643649101257, -1.8030411005020142, 0.2644745707511902, 0.5783230066299438, -0.5040860772132874, -1.254840612411499, -0.8513302803039551, -0.25306516885757446, 0.26403290033340454, -0.14551232755184174, 0.09949221462011337, 0.8539068102836609, -1.0366709232330322, 0.7982730865478516, 2.267679452896118, 0.7397896647453308, 1.227136492729187, -0.34748387336730957, -0.48859265446662903, -0.28629061579704285, -0.6250638365745544, 1.0457721948623657, 1.421425700187683, 0.4180859923362732, 0.5280885696411133, 0.7118823528289795, -0.6209325194358826, 2.1871910095214844, 1.4140492677688599, 0.6334555149078369, 0.5663995742797852, 0.5885050892829895, 2.419464111328125, 1.0144281387329102, -0.978013813495636, -0.9051729440689087, 1.2202661037445068, 0.1526230275630951, -0.6328386664390564, 0.4646618366241455, 1.3582462072372437, 0.6622573137283325, 0.048174161463975906, -0.8222207427024841, 0.7578640580177307, 0.8501623272895813, 1.1347569227218628, -0.18889139592647552, 0.5680689811706543, -0.45618849992752075, 0.9311352372169495, 1.0869433879852295, 0.9486950039863586, -1.4442164897918701, -0.32021263241767883, -0.8766122460365295, -0.7795141935348511, -0.39949825406074524, -0.6602937579154968, 0.329849511384964, 0.901199460029602, 2.056128978729248, -2.1457064151763916, -0.33816689252853394, 0.4584425985813141, 0.787821888923645, -0.9708895683288574, -2.1380012035369873, -1.6017100811004639, 0.17925257980823517, -1.3458517789840698, 0.4447251856327057, -0.7779293656349182, -0.8047177791595459, 2.173217535018921, -0.9477260708808899, -0.4542451500892639, 0.7174012660980225, -1.0450154542922974, 0.7002696394920349, 0.006346465554088354, 0.32033678889274597]]]

dublin
[[[-0.327192097902298, 0.2187805324792862, 0.4990819990634918, 1.4045579433441162, -0.465618759393692, 0.2039216011762619, -1.357720136642456, -1.2728650569915771, 0.2147698551416397, 1.1097562313079834, 0.24344214797019958, -1.5947848558425903, 0.22543689608573914, -0.7311456203460693, 1.9781771898269653, -0.6793409585952759, -0.7034431099891663, 0.7765828371047974, -0.008605663664638996, -1.635514497756958, 1.0933266878128052, -0.6841486692428589, -2.3524510860443115, 0.7772712707519531, 0.5623928308486938, -1.1639277935028076, 0.7311896085739136, -1.6388732194900513, 0.4433940649032593, -0.9769178032875061, -0.20166903734207153, -2.1155946254730225, 0.5605634450912476, 0.8364726305007935, 0.586365282535553, -1.115604043006897, -0.6834818720817566, 0.9367281198501587, -1.155921220779419, -0.2691287696361542, 1.3565828800201416, -0.88020920753479, -0.9869850277900696, 0.11211222410202026, 0.5027140974998474, -0.576567530632019, 0.5752782225608826, -1.2144935131072998, 0.5423678159713745, 0.4894493818283081, -0.786292552947998, -0.062059078365564346, -0.9477548599243164, 0.6549928188323975, -0.8930841088294983, 1.4130617380142212, 0.03169761970639229, 0.25360170006752014, -0.09032931923866272, 1.828806757926941, 1.682394027709961, 1.0291171073913574, 0.7896308898925781, 0.6697688102722168, 0.45600244402885437, -0.8504462838172913, -0.7038835287094116, 0.5644470453262329, 1.5983860492706299, -0.009203425608575344, 0.1506454199552536, -0.7937015295028687, -0.9817844033241272, 1.1579238176345825, 1.2870697975158691, -1.102360486984253, -0.8429029583930969, 0.22801998257637024, 1.0666146278381348, 0.6587472558021545, -0.8738976716995239, -1.7167710065841675, 0.22297465801239014, 0.3338785767555237, 0.41900187730789185, 1.0732817649841309, 1.1149413585662842, 0.2709338366985321, -0.7824870944023132, -0.9847620129585266, 1.0155507326126099, 1.1082121133804321, 0.9063503742218018, 1.070986270904541, -0.8156834244728088, 0.35347679257392883, 0.9262875318527222, 1.0546467304229736, 1.1066588163375854, -1.7396749258041382, 1.7459582090377808, -0.7818225622177124, -0.14408232271671295, -1.1296749114990234, -1.1086164712905884, 1.2276453971862793, 1.6339658498764038, 1.2531477212905884, -1.9571120738983154, -0.21151426434516907, 0.39695045351982117, 0.5365357995033264, -0.45487865805625916, -0.8419880867004395, -1.7591078281402588, 0.18358027935028076, -1.7827461957931519, 0.3410525918006897, -1.2352670431137085, -1.707070231437683, 1.1624186038970947, -0.7789344191551208, 0.1287066787481308, 0.5436676144599915, -1.2190994024276733, 0.7509465217590332, 0.18375709652900696, 1.314042568206787]]]

paris
[[[-1.42158842086792, -0.8251062631607056, 0.5795297026634216, 0.5392152667045593, -0.03808107227087021, 0.06541131436824799, -1.2161701917648315, -0.6661791801452637, 0.31865641474723816, 1.8452186584472656, 0.2192000299692154, -1.6969654560089111, 0.6752535700798035, -0.3668849468231201, 0.9838053584098816, -0.8245328664779663, -0.7096055746078491, 0.6431679129600525, 0.3582065999507904, -2.049197196960449, 0.45763006806373596, 0.3656347990036011, -1.9507371187210083, 1.63884699344635, 0.5603688955307007, -1.4303538799285889, 1.4874649047851562, -1.319272756576538, 0.1332508623600006, -0.2234172224998474, -0.4762868881225586, -1.6122761964797974, 1.0501365661621094, -0.11190322786569595, 0.24038131535053253, -0.3479154407978058, -0.3681811988353729, 0.2130405157804489, -0.87570720911026, 0.0711628720164299, 0.7408497929573059, -1.3546600341796875, -0.6899774670600891, -0.46066442131996155, -0.14046742022037506, 0.09004785120487213, 0.1747928112745285, -1.2583212852478027, 0.78215491771698, 0.5110885500907898, -0.6107343435287476, -1.1292951107025146, -1.1073495149612427, 0.03085368126630783, 0.12568846344947815, 0.855841875076294, 0.3348558843135834, 0.5997726917266846, -0.273154616355896, 1.2801618576049805, 1.3405412435531616, 0.6845385432243347, 1.1384047269821167, 0.288776695728302, 0.25818076729774475, -1.126907467842102, -0.3888982832431793, 0.8225655555725098, 2.138921022415161, 0.7316255569458008, 0.4952946901321411, -0.14990365505218506, -0.3451017737388611, 1.3406476974487305, 1.845657467842102, -0.7391777038574219, -0.9785181879997253, 0.5234603881835938, 2.2371013164520264, 0.9630962014198303, -0.9408066868782043, -0.8940708041191101, 1.2827385663986206, -0.1293782740831375, -0.8001295924186707, -0.1342749297618866, 1.286399006843567, 0.9720383882522583, -0.022760864347219467, -1.422991394996643, 0.8172351717948914, 0.991834819316864, 0.650518000125885, 0.12754862010478973, -0.7767467498779297, 0.3241197168827057, 0.3749747574329376, 1.989681363105774, 0.6440331339836121, -1.1934103965759277, 0.6650108695030212, -1.1628599166870117, -0.6823924779891968, -1.1142234802246094, -0.8474695086479187, 1.8224369287490845, 1.5023431777954102, 1.215167760848999, -1.3364243507385254, -0.30008453130722046, 0.5335502624511719, -1.1812243461608887, -0.8715459108352661, -1.7088531255722046, -1.9702506065368652, -0.3225959241390228, -1.6860545873641968, 0.053859371691942215, -0.6177475452423096, -1.1016279458999634, 1.6075094938278198, -0.3820405602455139, -0.5286283493041992, 0.6658372282981873, -1.6651670932769775, 1.9962574243545532, 0.6093775629997253, 0.16427676379680634]]]

NEW YORK
[[[-0.7743539810180664, -0.6964072585105896, -0.3265034258365631, 2.028907299041748, 0.36940038204193115, -0.17802461981773376, -0.9524371027946472, -1.366719126701355, 0.28452858328819275, 1.2605122327804565, -0.19456985592842102, -2.0076663494110107, 0.4784226715564728, -0.4201143682003021, 1.1824625730514526, 0.6025794744491577, -1.1328279972076416, 0.38661086559295654, 0.5359275937080383, -1.7833296060562134, 0.20451834797859192, 0.23614603281021118, -1.8868440389633179, -0.3335292637348175, 0.6902479529380798, -0.24939388036727905, 0.4125031530857086, 0.3081839084625244, 0.3483370840549469, -1.465983271598816, -0.6730861067771912, -2.511044502258301, 0.06011130288243294, 1.2766648530960083, 0.7015935182571411, -0.8096102476119995, -1.0783969163894653, 1.6469810009002686, -0.8674830198287964, 0.14982734620571136, 0.856712818145752, -1.3507907390594482, -1.1753774881362915, -0.46974122524261475, -0.5100871920585632, -1.5526423454284668, -0.058654721826314926, -1.6827619075775146, 0.7851080298423767, 1.1219093799591064, -0.7968419790267944, -1.7182061672210693, 0.45974200963974, -1.053756594657898, -0.6816248297691345, 0.20472800731658936, 0.9857562780380249, 0.36668094992637634, -1.2215989828109741, 1.3840101957321167, 1.4765855073928833, 1.4469894170761108, 1.778650164604187, 0.18139608204364777, 0.3310389518737793, -0.7962846159934998, -0.06174955144524574, 0.8432044386863708, 0.4528813362121582, 0.10556134581565857, 0.17143000662326813, 0.4302096366882324, 0.4693514108657837, 1.4701515436172485, 0.8411011099815369, 0.5045907497406006, -1.1434919834136963, -0.532889723777771, 1.9721843004226685, 0.6737850308418274, -0.019400686025619507, -0.4569597840309143, 0.3581675589084625, -0.5604870915412903, -0.7422351837158203, 0.4627988636493683, 1.1385246515274048, 0.643523633480072, -0.6752515435218811, -0.35393470525741577, 1.6518052816390991, 0.4970698058605194, -0.5207947492599487, -0.12722671031951904, -0.5809452533721924, 0.3248700797557831, 0.7795481085777283, 1.8938591480255127, 0.489065557718277, -1.5939139127731323, 1.0258746147155762, -1.5075883865356445, -0.8005169034004211, -1.5318597555160522, -0.08799965679645538, 1.4860608577728271, 1.1938841342926025, 1.218022346496582, -1.9752923250198364, -0.9424908757209778, 0.7690873146057129, -0.5412970781326294, -0.4619857668876648, -1.4674482345581055, -0.3276959955692291, 0.9428061246871948, -1.3851091861724854, 0.15678583085536957, 0.7791542410850525, -0.5446866154670715, 1.6109485626220703, -0.5613574981689453, 0.061427876353263855, 1.3884831666946411, -0.6507387161254883, 1.5492362976074219, -0.44007769227027893, 0.4728916585445404]]]

london
[[[-0.5597798228263855, -1.4644851684570312, -0.2744525671005249, 1.2787196636199951, 0.029254959896206856, 0.3676148056983948, -0.7966412305831909, -1.1885719299316406, 0.20775921642780304, 2.103633165359497, -0.735224723815918, -1.6422029733657837, 0.03939834609627724, -0.9236294627189636, 0.9764777421951294, -0.8004922270774841, -0.9438933730125427, 0.8301499485969543, 0.5189886689186096, -1.2013370990753174, -0.09602253884077072, 0.5300315022468567, -1.7280410528182983, 1.786481261253357, -0.08201976120471954, -0.7059491872787476, 1.000139594078064, -1.3387305736541748, -0.6089552044868469, -0.44957539439201355, -1.123910665512085, -1.359423041343689, 0.11231447011232376, 0.9184978008270264, 0.03406733646988869, -0.21107050776481628, -0.468639075756073, 1.0638154745101929, -0.09306208044290543, -0.41205593943595886, 0.432963490486145, -1.3158832788467407, -1.0186870098114014, -0.19666829705238342, -0.3661789894104004, -1.7249747514724731, -0.23444630205631256, -1.2570171356201172, 0.33751094341278076, 0.2038411647081375, 0.020829325541853905, -1.328292965888977, -0.18462368845939636, -0.24067635834217072, 0.37847164273262024, 1.0138472318649292, 0.6993622183799744, 1.024502158164978, -1.3443118333816528, 1.4860985279083252, 0.8352631330490112, 0.5457819104194641, 1.367132306098938, -0.6398444175720215, -0.19460992515087128, -0.461066335439682, -0.03574604168534279, 0.7157639861106873, 1.7358225584030151, 1.380780816078186, 0.08099646866321564, -0.09517361223697662, -0.21686777472496033, 1.9126527309417725, 1.948030710220337, 0.45533883571624756, 0.6159175038337708, 0.07167431712150574, 2.188103199005127, 0.6077539920806885, -1.4177958965301514, -0.770778477191925, 1.5324407815933228, -0.23435655236244202, -0.8471240997314453, -0.2926943302154541, 0.5248656868934631, 0.855750560760498, -0.17153364419937134, -0.713607132434845, 1.0612010955810547, 1.5733939409255981, 1.131727933883667, 0.3468594551086426, -0.6544658541679382, -0.3470873534679413, 0.7542997002601624, 1.7235244512557983, 0.5150991082191467, -1.3964729309082031, 0.08692027628421783, -1.7068898677825928, -0.7905527949333191, -1.2405527830123901, -0.12082096934318542, 1.9601997137069702, 1.8478888273239136, 1.1469429731369019, -1.1993887424468994, -0.22109873592853546, 1.109129786491394, -0.8754975199699402, -1.4178515672683716, -1.9010299444198608, -0.9966463446617126, 0.23367318511009216, -1.1787251234054565, -0.3145194351673126, -0.38294073939323425, -1.4154671430587769, 1.9866201877593994, -0.14611750841140747, -0.6648869514465332, 0.6096295118331909, -1.1588183641433716, 0.9892433881759644, 0.22336693108081818, 0.5723950862884521]]]

rome
[[[-1.1488533020019531, -0.9883014559745789, -0.6586481332778931, 1.4776661396026611, -0.7704677581787109, -0.24244393408298492, -0.6290251016616821, -0.3033272325992584, -0.7210224866867065, 1.0422316789627075, 0.2976577579975128, -1.5578372478485107, 1.1386640071868896, -0.4012407064437866, 0.11504068970680237, -0.5944416522979736, -0.9850929379463196, 1.1741679906845093, -0.530676543712616, -2.370401382446289, 0.17586594820022583, 0.5242883563041687, -1.000688910484314, 0.5800597667694092, 0.9179480075836182, -0.8309149146080017, 0.6605188846588135, -0.8182756900787354, 0.01677437499165535, -1.3573726415634155, -0.859646201133728, -1.4186969995498657, 1.2952169179916382, 1.5162510871887207, 0.7201318144798279, -0.011053682304918766, 0.6806270480155945, 0.08095065504312515, -0.7215757966041565, -0.5529592037200928, -0.32643696665763855, -1.5135853290557861, -0.9264618754386902, -0.9214600920677185, -0.9489220976829529, -0.9426568150520325, 0.4662574529647827, -0.7312352061271667, 0.5866312980651855, 1.306716799736023, -0.39930260181427, -1.8263962268829346, -0.29231390357017517, -0.4134597182273865, 0.4805816411972046, 0.551996111869812, 0.7489014863967896, 1.1423189640045166, -1.968347191810608, 1.2304847240447998, 0.085500068962574, 0.6902484893798828, 1.3486305475234985, 0.16204264760017395, 0.33427584171295166, 0.44814229011535645, 0.9925901889801025, 1.110466718673706, 0.9089072346687317, 1.1222220659255981, -0.31098583340644836, 0.5458680987358093, -0.8827330470085144, 0.6363073587417603, 1.6592659950256348, -0.24643602967262268, -0.963130533695221, 0.5394774079322815, 2.0497639179229736, 1.1480792760849, -0.5196577310562134, -0.5811291933059692, 0.829778790473938, -0.577849805355072, -1.2120366096496582, -1.5390878915786743, 0.9981938600540161, 0.5750722289085388, -0.16317525506019592, -0.4009177088737488, 2.1694061756134033, 0.9637293815612793, 0.06379489600658417, -0.37433940172195435, -2.199963331222534, -0.1779773086309433, 1.021366834640503, 1.7293237447738647, 0.7814314365386963, -0.9730255603790283, 0.20401166379451752, -1.0271837711334229, -1.3581554889678955, -1.9030721187591553, -0.4710957407951355, 2.313133955001831, 0.6168050765991211, 1.4618867635726929, -1.6346136331558228, -0.9042235612869263, 0.5805725455284119, -1.2006776332855225, 0.5150610208511353, -1.1020073890686035, -0.6576668620109558, 0.8326597213745117, -1.1118072271347046, -0.6128280758857727, 0.9239170551300049, -0.8610779643058777, 1.4307500123977661, 0.8959181904792786, 0.10020659863948822, 0.7826283574104309, -0.16911092400550842, 1.3427448272705078, 0.5919663310050964, 0.38541001081466675]]]

new york
[[[-1.248746633529663, -0.12146515399217606, 0.6535659432411194, 0.7134802341461182, 0.7696973085403442, 0.7204384207725525, -1.3203383684158325, -1.015615701675415, 0.27316635847091675, 1.7922072410583496, -0.20498070120811462, -2.454353094100952, 0.05012138932943344, -0.5374883413314819, 0.8259602785110474, -0.5581257939338684, -0.7918304204940796, 1.0526354312896729, 0.7459876537322998, -2.1815879344940186, 0.5253932476043701, 0.3748439848423004, -1.6155668497085571, 0.8977201581001282, 0.07826636731624603, -0.8436360955238342, 0.8382654190063477, -0.8825498819351196, 0.3687952160835266, -0.5688644051551819, -0.5111972093582153, -2.265505790710449, -0.27514180541038513, 0.17143842577934265, 0.27380773425102234, -0.3609790503978729, 0.05331092327833176, 0.8031054735183716, -1.1467458009719849, -0.628202497959137, 0.78400057554245, -1.8813178539276123, -1.3364429473876953, -0.04576314985752106, -0.3233754336833954, 0.15384630858898163, 0.14960643649101257, -1.8030411005020142, 0.2644745707511902, 0.5783230066299438, -0.5040860772132874, -1.254840612411499, -0.8513302803039551, -0.25306516885757446, 0.26403290033340454, -0.14551232755184174, 0.09949221462011337, 0.8539068102836609, -1.0366709232330322, 0.7982730865478516, 2.267679452896118, 0.7397896647453308, 1.227136492729187, -0.34748387336730957, -0.48859265446662903, -0.28629061579704285, -0.6250638365745544, 1.0457721948623657, 1.421425700187683, 0.4180859923362732, 0.5280885696411133, 0.7118823528289795, -0.6209325194358826, 2.1871910095214844, 1.4140492677688599, 0.6334555149078369, 0.5663995742797852, 0.5885050892829895, 2.419464111328125, 1.0144281387329102, -0.978013813495636, -0.9051729440689087, 1.2202661037445068, 0.1526230275630951, -0.6328386664390564, 0.4646618366241455, 1.3582462072372437, 0.6622573137283325, 0.048174161463975906, -0.8222207427024841, 0.7578640580177307, 0.8501623272895813, 1.1347569227218628, -0.18889139592647552, 0.5680689811706543, -0.45618849992752075, 0.9311352372169495, 1.0869433879852295, 0.9486950039863586, -1.4442164897918701, -0.32021263241767883, -0.8766122460365295, -0.7795141935348511, -0.39949825406074524, -0.6602937579154968, 0.329849511384964, 0.901199460029602, 2.056128978729248, -2.1457064151763916, -0.33816689252853394, 0.4584425985813141, 0.787821888923645, -0.9708895683288574, -2.1380012035369873, -1.6017100811004639, 0.17925257980823517, -1.3458517789840698, 0.4447251856327057, -0.7779293656349182, -0.8047177791595459, 2.173217535018921, -0.9477260708808899, -0.4542451500892639, 0.7174012660980225, -1.0450154542922974, 0.7002696394920349, 0.006346465554088354, 0.32033678889274597]]]

new york
[[[-1.248746633529663, -0.12146515399217606, 0.6535659432411194, 0.7134802341461182, 0.7696973085403442, 0.7204384207725525, -1.3203383684158325, -1.015615701675415, 0.27316635847091675, 1.7922072410583496, -0.20498070120811462, -2.454353094100952, 0.05012138932943344, -0.5374883413314819, 0.8259602785110474, -0.5581257939338684, -0.7918304204940796, 1.0526354312896729, 0.7459876537322998, -2.1815879344940186, 0.5253932476043701, 0.3748439848423004, -1.6155668497085571, 0.8977201581001282, 0.07826636731624603, -0.8436360955238342, 0.8382654190063477, -0.8825498819351196, 0.3687952160835266, -0.5688644051551819, -0.5111972093582153, -2.265505790710449, -0.27514180541038513, 0.17143842577934265, 0.27380773425102234, -0.3609790503978729, 0.05331092327833176, 0.8031054735183716, -1.1467458009719849, -0.628202497959137, 0.78400057554245, -1.8813178539276123, -1.3364429473876953, -0.04576314985752106, -0.3233754336833954, 0.15384630858898163, 0.14960643649101257, -1.8030411005020142, 0.2644745707511902, 0.5783230066299438, -0.5040860772132874, -1.254840612411499, -0.8513302803039551, -0.25306516885757446, 0.26403290033340454, -0.14551232755184174, 0.09949221462011337, 0.8539068102836609, -1.0366709232330322, 0.7982730865478516, 2.267679452896118, 0.7397896647453308, 1.227136492729187, -0.34748387336730957, -0.48859265446662903, -0.28629061579704285, -0.6250638365745544, 1.0457721948623657, 1.421425700187683, 0.4180859923362732, 0.5280885696411133, 0.7118823528289795, -0.6209325194358826, 2.1871910095214844, 1.4140492677688599, 0.6334555149078369, 0.5663995742797852, 0.5885050892829895, 2.419464111328125, 1.0144281387329102, -0.978013813495636, -0.9051729440689087, 1.2202661037445068, 0.1526230275630951, -0.6328386664390564, 0.4646618366241455, 1.3582462072372437, 0.6622573137283325, 0.048174161463975906, -0.8222207427024841, 0.7578640580177307, 0.8501623272895813, 1.1347569227218628, -0.18889139592647552, 0.5680689811706543, -0.45618849992752075, 0.9311352372169495, 1.0869433879852295, 0.9486950039863586, -1.4442164897918701, -0.32021263241767883, -0.8766122460365295, -0.7795141935348511, -0.39949825406074524, -0.6602937579154968, 0.329849511384964, 0.901199460029602, 2.056128978729248, -2.1457064151763916, -0.33816689252853394, 0.4584425985813141, 0.787821888923645, -0.9708895683288574, -2.1380012035369873, -1.6017100811004639, 0.17925257980823517, -1.3458517789840698, 0.4447251856327057, -0.7779293656349182, -0.8047177791595459, 2.173217535018921, -0.9477260708808899, -0.4542451500892639, 0.7174012660980225, -1.0450154542922974, 0.7002696394920349, 0.006346465554088354, 0.32033678889274597]]]

abu dhabi
[[[-1.1290231943130493, -0.5448399782180786, 0.12131176143884659, 1.5647653341293335, -0.5869311690330505, -0.45262816548347473, -1.2596025466918945, -0.22406883537769318, 0.3102380931377411, 1.3695495128631592, 0.5859180688858032, -1.4271349906921387, 0.04649192839860916, -0.366860955953598, 0.666349470615387, -1.0112394094467163, -0.5853034853935242, 0.4463692903518677, 0.23784573376178741, -2.624333620071411, 0.4640125632286072, -0.5955483913421631, -1.5544203519821167, 0.07586341351270676, 0.003211711999028921, -1.4362611770629883, 0.34273701906204224, -1.1065784692764282, 0.5079383254051208, -0.7604920268058777, 0.0831160843372345, -0.8308363556861877, 0.012364020571112633, 1.4357352256774902, 0.42055055499076843, 0.525787889957428, -0.17860737442970276, -0.4927588701248169, -0.26767608523368835, -0.32806622982025146, -0.5275286436080933, -1.1826956272125244, -0.44229212403297424, -0.7214674353599548, -0.5290141701698303, 1.3170994520187378, 1.4842454195022583, -1.4131662845611572, 0.27661654353141785, 0.4120802581310272, -0.5707084536552429, -0.09000406414270401, -0.7387183904647827, 1.202696681022644, -0.6403883099555969, 0.6881700158119202, 0.7033033967018127, -0.38424742221832275, -1.529175043106079, 0.5012038946151733, 2.2577714920043945, 1.8398019075393677, 1.0350667238235474, 1.0401182174682617, 0.5629648566246033, -1.461160659790039, -0.7682600021362305, 0.4591047465801239, 0.903734564781189, -0.951115071773529, -0.22257132828235626, -0.43663012981414795, -0.25141897797584534, 0.811690092086792, 2.0006906986236572, -1.5295614004135132, -0.7830820679664612, -0.322374165058136, 2.3493194580078125, 1.05726957321167, -0.9373941421508789, -0.7991546392440796, 0.16716580092906952, -0.15111291408538818, 0.38061466813087463, 0.32582032680511475, 1.9254155158996582, 0.21534463763237, -0.6922884583473206, -0.1842215359210968, 1.4405730962753296, 0.1605205535888672, 0.46653491258621216, 0.3243117332458496, -0.8835627436637878, 0.5872827172279358, 0.6657116413116455, 2.0657646656036377, 1.6325180530548096, -0.3554660379886627, 0.8276730179786682, -0.8091043829917908, -0.13626709580421448, -0.05347920209169388, -0.6638825535774231, 1.564440131187439, 1.9768184423446655, 1.4169495105743408, -1.961171269416809, -0.42811623215675354, -1.1113131046295166, 0.8433750867843628, -1.1430264711380005, -0.9288915395736694, -1.6115508079528809, 0.4150363504886627, -1.592866063117981, 0.13065436482429504, -0.36681896448135376, -0.9070378541946411, 2.0871927738189697, 0.7165185809135437, 0.026216380298137665, -0.22228044271469116, -1.9530917406082153, 1.1282676458358765, -0.33875876665115356, -0.12417580187320709]]]

toledo
[[[-1.1497719287872314, -0.8914405703544617, 0.8722836375236511, 1.4555065631866455, -0.26673415303230286, -0.16099199652671814, -1.4527238607406616, -1.1579293012619019, -0.12156309187412262, 1.7147912979125977, 0.36054563522338867, -1.4946461915969849, 0.3083386719226837, -0.8192144632339478, 0.328226238489151, -0.6262757182121277, -0.7973366975784302, 1.1690199375152588, 0.26668107509613037, -2.978663206100464, 0.7348398566246033, 0.3284069895744324, -1.495810866355896, 0.8961775898933411, 0.5616103410720825, -0.981045663356781, 1.0084238052368164, -1.4073506593704224, 0.5072564482688904, -0.5386309623718262, -0.9056382775306702, -1.4631586074829102, -0.19110417366027832, 1.2607802152633667, 1.031362771987915, -0.13688130676746368, 0.07413192093372345, -0.07588605582714081, -1.294371485710144, -0.5895434021949768, 0.11231120675802231, -1.4084978103637695, -1.5273911952972412, -0.5150556564331055, 0.08949758857488632, -0.4831961691379547, 0.07242626696825027, -0.6782745718955994, 0.529259443283081, 1.409764051437378, -0.6716128587722778, -1.2114372253417969, 0.272398978471756, -0.08920918405056, -0.6714600324630737, 0.5671684741973877, 0.21400344371795654, 0.4789782166481018, -0.7913539409637451, 1.1470922231674194, 1.0818579196929932, 0.7989510297775269, 1.23125422000885, 0.5726032257080078, -0.12277045100927353, -1.1449404954910278, -0.6741774678230286, 0.46946436166763306, 1.0381922721862793, 0.35363417863845825, 0.40564975142478943, 0.09385546296834946, -0.3362081050872803, 1.5250340700149536, 1.8395196199417114, 0.1180030032992363, 0.3226585388183594, 0.0011554023949429393, 1.997387170791626, 1.9952424764633179, -1.5918580293655396, -1.7282205820083618, 0.408020555973053, 0.12106199562549591, -0.25155699253082275, -0.21323591470718384, 1.5065500736236572, 0.49361592531204224, -0.3182707130908966, -0.577235996723175, 1.4724903106689453, 1.3680329322814941, 0.8012921214103699, 0.06654048711061478, -0.95317542552948, -0.4509338140487671, 0.9415577054023743, 1.1042602062225342, 0.9452431797981262, -0.6632691025733948, 0.48250874876976013, -1.228561282157898, -0.9816274046897888, -0.5682581663131714, -0.35695400834083557, 1.6310131549835205, 2.033400535583496, 0.8558559417724609, -2.0083696842193604, -0.2724403440952301, 0.5479682683944702, 0.39298510551452637, -0.5730111002922058, -1.5916646718978882, -1.8673557043075562, 0.08077409863471985, -1.086889386177063, 0.05297452211380005, -0.23093698918819427, -1.6052615642547607, 2.248684883117676, 0.9304236173629761, -0.12795083224773407, 0.594327986240387, -1.2722220420837402, 0.799476683139801, -0.12620067596435547, 0.472954124212265]]]

elizabeth II
[[[-1.1164076328277588, -0.6126151084899902, 0.8969042897224426, 0.2704007923603058, 0.6613247990608215, 0.6136510968208313, -0.8653591275215149, -0.5400169491767883, 0.7622047066688538, 1.9948982000350952, -0.2250748723745346, -2.077075719833374, -1.1002899408340454, -1.3363999128341675, 1.305320382118225, -0.8942104578018188, -0.44743263721466064, 0.2295839786529541, 0.7722508907318115, -2.4648561477661133, 0.26324865221977234, 0.7332858443260193, -1.635951042175293, 2.1794064044952393, 0.3246329128742218, -1.1003257036209106, 2.062479019165039, -1.2864131927490234, -0.07982156425714493, 0.9581552147865295, -0.039737071841955185, -1.2365416288375854, 0.2341753989458084, 0.09106389433145523, 0.8802945613861084, 0.534374475479126, -0.2877177894115448, 0.32937198877334595, -0.4479885697364807, -0.5616899132728577, 0.6282115578651428, -1.7179280519485474, -1.4896814823150635, -1.0081069469451904, 0.26843953132629395, 0.08865243941545486, 0.012341541238129139, -1.7154229879379272, 0.2339455634355545, -0.3785455822944641, -0.913824737071991, -1.2276296615600586, -0.4085198938846588, 0.35224464535713196, -0.511298418045044, -0.09851506352424622, 0.5503451824188232, 0.526991069316864, -0.8242509365081787, 2.0432610511779785, 2.2070305347442627, 1.1016228199005127, 1.2848150730133057, -0.1756560504436493, -0.8459467887878418, -0.6135842204093933, -0.7663147449493408, 0.5566446185112, 0.5567194223403931, 0.6737116575241089, 0.13909126818180084, -0.402632474899292, -0.3688969314098358, 1.4808502197265625, 2.049741268157959, 0.2586677670478821, 0.6039087772369385, 0.08403775095939636, 2.1234381198883057, 1.2412523031234741, -1.4344372749328613, -0.5347149968147278, 1.5942074060440063, 0.24737860262393951, 0.13231351971626282, 0.028951499611139297, 1.084084391593933, 0.30127739906311035, 0.6264618635177612, -0.6182987689971924, 0.23909245431423187, 0.016416773200035095, 0.4733085334300995, -0.9896218776702881, -0.07152540236711502, -0.6419141292572021, 1.42262601852417, 1.0160309076309204, 0.44670337438583374, -0.6619462966918945, -0.1825525164604187, -1.2692612409591675, -0.8133487105369568, -0.8996046185493469, -1.1295660734176636, 1.4846792221069336, 0.9563640356063843, 0.6416568756103516, -0.6720623970031738, 0.6420027017593384, 0.7220454812049866, -0.776357114315033, -1.1455591917037964, -2.0273966789245605, -1.9321539402008057, 0.10875985026359558, -1.8807368278503418, -0.25660139322280884, -0.12142925709486008, 0.4329544007778168, 2.041295289993286, -0.2209826558828354, -0.013242784887552261, 0.18182742595672607, -0.9608407020568848, 0.5325605869293213, 0.16666080057621002, 0.3741844892501831]]]

prince wales
[[[-1.3063563108444214, -0.6350972056388855, 0.45847243070602417, 0.40114009380340576, -0.7031567692756653, 1.8653590679168701, -1.298818826675415, -0.7207594513893127, -0.18452803790569305, 1.9836738109588623, 0.4673614203929901, -0.4445061981678009, 0.5499901175498962, -0.5842098593711853, 0.5576021075248718, -2.3910980224609375, -0.46257027983665466, 0.9827263355255127, -0.03163778781890869, -1.6381138563156128, -0.2008257955312729, -0.6971232295036316, -2.0866141319274902, 1.5928313732147217, -0.3754258155822754, -0.6087313890457153, 0.30419638752937317, -1.8235783576965332, -0.23294126987457275, -0.18383869528770447, -0.8338757753372192, -1.198790431022644, 0.552926242351532, -0.0983474925160408, 1.182390570640564, 0.05187022313475609, 1.5977503061294556, 0.2286296784877777, -0.3110576868057251, 0.07139820605516434, -0.6932793855667114, -1.3048261404037476, 0.01052605826407671, -0.13037367165088654, 0.8368160724639893, 0.6076037287712097, 0.8947376012802124, -0.5701277256011963, 0.6682891249656677, 0.30741339921951294, -1.1946784257888794, -0.2573690116405487, -1.3925594091415405, 0.6022143959999084, -0.010605142451822758, -0.0613037645816803, 0.21867462992668152, 1.3756691217422485, -0.4540115296840668, 0.44061821699142456, 0.7559021711349487, 0.34025838971138, 0.5806185007095337, -0.4564072787761688, -0.5479283332824707, -0.7838442325592041, -1.3284411430358887, 0.4706602394580841, 1.0894135236740112, 0.4820438623428345, 0.1035451889038086, -0.13127917051315308, -0.41862159967422485, 0.8157889246940613, 2.286170721054077, -0.6942059993743896, -0.1965884417295456, 0.8724095821380615, 2.1598448753356934, 2.040423631668091, -1.3536123037338257, -1.0087997913360596, 1.0847581624984741, 0.3247097432613373, -0.04264248535037041, -0.13816611468791962, 2.086751937866211, 0.7589214444160461, 1.0788532495498657, -1.449096918106079, 1.339261770248413, -0.09278092533349991, 0.5368073582649231, 0.5960546135902405, -1.0336140394210815, -0.2727028727531433, -0.19546657800674438, 1.3057316541671753, 0.6703199148178101, -0.8562102317810059, 0.03546850010752678, -0.4819389283657074, -0.21905386447906494, 0.06863309442996979, 0.06782984733581543, 1.083414912223816, 1.791922688484192, 1.1593302488327026, -1.0937756299972534, -0.24401693046092987, -0.10312708467245102, 1.1705440282821655, -1.3138407468795776, -1.4043002128601074, -2.1498806476593018, -0.2864011824131012, -1.4529997110366821, 0.30373844504356384, -1.474766492843628, -0.26766958832740784, 1.7704272270202637, -0.23210860788822174, -0.33609479665756226, 0.290277898311615, -2.5371835231781006, 1.2107138633728027, 1.0656065940856934, -0.8893340826034546]]]

prince william and Kate middleton
[[[-1.2339924573898315, -0.11455710232257843, 1.8819001913070679, 0.8910247683525085, -1.2532744407653809, 0.14472146332263947, -2.334080696105957, -0.38369643688201904, -0.9221529364585876, 0.6626436114311218, 1.1733787059783936, -1.7961283922195435, -1.1979472637176514, -0.4939063787460327, 0.6083366870880127, -0.636472761631012, -0.38117673993110657, 0.42537376284599304, 0.2283635288476944, -2.425642490386963, -0.39455607533454895, 0.140339657664299, -0.6982210278511047, 1.7012438774108887, -0.2394949495792389, -1.62664794921875, 0.6672117710113525, -0.9788246154785156, 0.8955890536308289, -1.21515691280365, -1.210764765739441, -1.1151349544525146, 1.0140503644943237, -0.4125198721885681, 1.1841126680374146, 0.6056613922119141, -0.35318729281425476, -0.3811300992965698, 0.7377252578735352, 1.0538036823272705, -1.5408321619033813, -1.4669654369354248, -0.0367288663983345, -0.3991990089416504, 1.8242526054382324, 1.252288818359375, 0.9791763424873352, 0.5169045329093933, -0.2535836100578308, 0.3974754512310028, -1.1476863622665405, 0.02449832297861576, -0.12889498472213745, -0.1714271605014801, 0.6304517984390259, -0.3138066530227661, -0.3383193612098694, 0.31038185954093933, 0.23175260424613953, 1.4670780897140503, 0.9247015118598938, 0.5049526691436768, -0.3549462556838989, 0.2861967384815216, -0.8018248081207275, -0.030267708003520966, -0.6972543001174927, 1.2142066955566406, 0.7383020520210266, -1.2668569087982178, 0.005368235521018505, 0.391840398311615, -0.44001010060310364, -0.43028926849365234, -0.16371050477027893, -0.7205607891082764, 1.3196309804916382, 0.5041095614433289, 0.45194217562675476, 2.575533866882324, -0.7823804020881653, -0.23776569962501526, 1.4379452466964722, 0.22673924267292023, -1.8082249164581299, 0.5965726971626282, 2.5463881492614746, -1.0875155925750732, 0.2574816942214966, -0.9127435088157654, 0.5925537347793579, -1.1378989219665527, 0.8510081768035889, -0.3867109417915344, -0.2729588747024536, 0.039342280477285385, 1.212712287902832, 0.3082856237888336, 0.4922971725463867, 0.7562350630760193, 0.4938807189464569, -0.0022747251205146313, -1.3173547983169556, 0.9008549451828003, -0.1643315702676773, 1.3865852355957031, 0.6068880558013916, 1.8584301471710205, -0.9360112547874451, 0.677778959274292, -0.8946957588195801, 1.3772095441818237, -1.359337568283081, -0.488543301820755, -1.4321954250335693, 0.3644598722457886, -2.314809799194336, -0.3764253854751587, -0.9679247736930847, -0.04606485739350319, 1.8652864694595337, -0.6714205145835876, -0.14771175384521484, 0.2584952414035797, -0.6702497601509094, 1.7523086071014404, 0.27576249837875366, -0.7846456170082092]]]

william
[[[-0.9423542022705078, -0.6999362111091614, -0.09112037718296051, 0.9393340945243835, -0.4695327877998352, -0.08156092464923859, -1.3213554620742798, -0.7365685701370239, 0.8482308983802795, 1.2987052202224731, -0.04942112788558006, -1.4908933639526367, 0.28428107500076294, -0.9907171130180359, 1.227272629737854, -0.728922963142395, -1.0399714708328247, 1.3515822887420654, 0.32443591952323914, -2.3895936012268066, 0.3943246901035309, 0.412073016166687, -1.171233057975769, 0.7310466766357422, 1.2646942138671875, -1.334486484527588, 0.5821177363395691, -0.7072743773460388, 0.5950303077697754, -0.507709801197052, -0.6857282519340515, -2.0893187522888184, 0.5348671078681946, 0.5129824280738831, 0.014352803118526936, 0.08183885365724564, -0.3768658936023712, 0.441768616437912, -0.6092029213905334, 0.33085617423057556, 0.8088237047195435, -1.1775245666503906, -1.0111967325210571, 0.22720038890838623, 0.013242712244391441, -0.4596029818058014, 0.16431690752506256, -1.8317102193832397, 0.3096042573451996, 0.7553303241729736, -0.498536616563797, -1.5443897247314453, -0.47001221776008606, 0.09616787731647491, -0.18304979801177979, 0.8086804747581482, 1.2078332901000977, 1.0774142742156982, -0.8405437469482422, 0.897251546382904, 1.2961421012878418, 1.5719130039215088, 1.9709813594818115, -0.4120037257671356, -0.8508036732673645, -0.5619350075721741, -0.08735251426696777, 0.8532938361167908, 1.7284865379333496, 0.5447921752929688, 0.3605532646179199, -0.12405083328485489, 0.4249776601791382, 1.2286055088043213, 1.4056607484817505, -0.3626067042350769, 0.2110218107700348, -0.8494780659675598, 1.7726870775222778, 1.3141820430755615, -1.089884877204895, -0.7173659801483154, 1.0109806060791016, -0.02224135212600231, -1.21495521068573, 0.22947025299072266, 0.6602156758308411, 0.47867879271507263, -0.15140129625797272, -0.6829825043678284, 1.68886137008667, 1.2537779808044434, 0.46522003412246704, 0.2090480476617813, -1.727899432182312, -0.19653989374637604, 0.6509193778038025, 1.2724570035934448, 0.49480772018432617, -0.9459914565086365, 0.6589556932449341, -0.9796158671379089, -0.5639088153839111, -1.7385116815567017, -1.514033555984497, 1.8595105409622192, 2.10493803024292, 1.3588570356369019, -1.4921138286590576, -0.41705647110939026, 0.9031952619552612, -0.7017413377761841, -0.935465395450592, -1.5036954879760742, -1.6245814561843872, 0.7511821389198303, -2.0536251068115234, -0.913520336151123, 0.25864237546920776, -1.8184235095977783, 0.8437311053276062, -0.14292363822460175, 0.40771424770355225, 0.4002343416213989, -0.818958044052124, 0.9226752519607544, 1.061885118484497, 0.5810853242874146]]]

william
[[[-0.9423542022705078, -0.6999362111091614, -0.09112037718296051, 0.9393340945243835, -0.4695327877998352, -0.08156092464923859, -1.3213554620742798, -0.7365685701370239, 0.8482308983802795, 1.2987052202224731, -0.04942112788558006, -1.4908933639526367, 0.28428107500076294, -0.9907171130180359, 1.227272629737854, -0.728922963142395, -1.0399714708328247, 1.3515822887420654, 0.32443591952323914, -2.3895936012268066, 0.3943246901035309, 0.412073016166687, -1.171233057975769, 0.7310466766357422, 1.2646942138671875, -1.334486484527588, 0.5821177363395691, -0.7072743773460388, 0.5950303077697754, -0.507709801197052, -0.6857282519340515, -2.0893187522888184, 0.5348671078681946, 0.5129824280738831, 0.014352803118526936, 0.08183885365724564, -0.3768658936023712, 0.441768616437912, -0.6092029213905334, 0.33085617423057556, 0.8088237047195435, -1.1775245666503906, -1.0111967325210571, 0.22720038890838623, 0.013242712244391441, -0.4596029818058014, 0.16431690752506256, -1.8317102193832397, 0.3096042573451996, 0.7553303241729736, -0.498536616563797, -1.5443897247314453, -0.47001221776008606, 0.09616787731647491, -0.18304979801177979, 0.8086804747581482, 1.2078332901000977, 1.0774142742156982, -0.8405437469482422, 0.897251546382904, 1.2961421012878418, 1.5719130039215088, 1.9709813594818115, -0.4120037257671356, -0.8508036732673645, -0.5619350075721741, -0.08735251426696777, 0.8532938361167908, 1.7284865379333496, 0.5447921752929688, 0.3605532646179199, -0.12405083328485489, 0.4249776601791382, 1.2286055088043213, 1.4056607484817505, -0.3626067042350769, 0.2110218107700348, -0.8494780659675598, 1.7726870775222778, 1.3141820430755615, -1.089884877204895, -0.7173659801483154, 1.0109806060791016, -0.02224135212600231, -1.21495521068573, 0.22947025299072266, 0.6602156758308411, 0.47867879271507263, -0.15140129625797272, -0.6829825043678284, 1.68886137008667, 1.2537779808044434, 0.46522003412246704, 0.2090480476617813, -1.727899432182312, -0.19653989374637604, 0.6509193778038025, 1.2724570035934448, 0.49480772018432617, -0.9459914565086365, 0.6589556932449341, -0.9796158671379089, -0.5639088153839111, -1.7385116815567017, -1.514033555984497, 1.8595105409622192, 2.10493803024292, 1.3588570356369019, -1.4921138286590576, -0.41705647110939026, 0.9031952619552612, -0.7017413377761841, -0.935465395450592, -1.5036954879760742, -1.6245814561843872, 0.7511821389198303, -2.0536251068115234, -0.913520336151123, 0.25864237546920776, -1.8184235095977783, 0.8437311053276062, -0.14292363822460175, 0.40771424770355225, 0.4002343416213989, -0.818958044052124, 0.9226752519607544, 1.061885118484497, 0.5810853242874146]]]

princess charlotte
[[[-1.2910840511322021, 0.06014040857553482, 1.1718807220458984, -0.4059501588344574, -0.867048978805542, 0.8900160789489746, -1.3715935945510864, -0.9194412231445312, 0.2720298767089844, 1.4909573793411255, -0.8847050666809082, -1.30681574344635, -0.6997537016868591, -0.3478986322879791, 0.36536651849746704, -1.1936081647872925, -0.36917439103126526, 0.2695164084434509, 0.9608296155929565, -1.2572851181030273, -0.33699890971183777, -0.7895334362983704, -1.4203174114227295, 2.301264762878418, -0.5525789856910706, -0.9041913151741028, 0.5540992617607117, -1.9000521898269653, -0.6533236503601074, -0.1796407699584961, -0.1541067510843277, -0.6359111070632935, 1.0045721530914307, 0.42528778314590454, 1.4208974838256836, 0.18961255252361298, 0.4527057111263275, 0.24798469245433807, 0.09783897548913956, -0.21889910101890564, -0.762372612953186, -0.3977919816970825, 0.9115895628929138, -0.6372358202934265, 0.7228018045425415, 0.6223657727241516, 0.9319637417793274, -0.48410114645957947, 1.2331435680389404, 0.9981675744056702, -1.8840628862380981, -0.12779276072978973, -1.970636248588562, -0.8810831904411316, 1.369455337524414, -0.3843173682689667, 0.4291617274284363, 0.9640171527862549, -0.7911785244941711, 0.5216394662857056, 0.2736087143421173, 0.5661377906799316, 0.13235342502593994, -0.9645734429359436, 0.877825140953064, 0.05375194922089577, -0.30977949500083923, 1.370982050895691, 0.6326135396957397, 0.4450836479663849, 0.037131424993276596, 0.12331530451774597, -0.6678993105888367, 0.6924161314964294, 0.9996715784072876, -0.7156202793121338, 0.742266833782196, 0.8048064112663269, 1.7429988384246826, 2.0338032245635986, -1.4453855752944946, -0.23837263882160187, 1.0361772775650024, -0.50007164478302, -1.7056365013122559, -0.06124104931950569, 2.2082860469818115, 0.350972443819046, 0.22428931295871735, -0.8295819759368896, 0.590232253074646, 0.31677505373954773, 1.034425139427185, 0.6466652154922485, -0.8164239525794983, -0.19623172283172607, 1.524758219718933, 0.06417503952980042, -0.5974481701850891, 0.5310648083686829, -0.1180608794093132, -0.16079726815223694, -1.2320221662521362, -0.04740157723426819, 0.35710442066192627, 1.7169277667999268, 1.0653733015060425, 1.7756211757659912, -0.7345224618911743, 1.5910730361938477, -0.8265703320503235, 0.24384041130542755, -2.2136545181274414, -1.144365668296814, -1.6662676334381104, -0.5476793050765991, -1.546258807182312, -0.7563756704330444, -1.2189967632293701, 0.4956209063529968, 2.2053303718566895, -0.9391891360282898, -0.741558849811554, 0.09347117692232132, -1.4012514352798462, 1.9873065948486328, 0.34823325276374817, -1.4920718669891357]]]

wales
[[[-1.060173749923706, -0.9840136766433716, 0.13706815242767334, 0.9116377830505371, -0.7834944128990173, 0.194651797413826, -1.8302500247955322, -0.7708245515823364, -0.08722931146621704, 1.6219209432601929, -0.1607491374015808, -1.4078832864761353, 0.9755642414093018, -0.7343087196350098, 0.857405424118042, -0.9285584092140198, -0.23675405979156494, 0.8948264122009277, 0.032801080495119095, -1.8517708778381348, 0.5038350224494934, 0.531259298324585, -1.5892049074172974, 1.2856464385986328, 0.16765744984149933, -0.5990502238273621, 0.6206557154655457, -1.370113492012024, 0.2330378144979477, -1.2584748268127441, -1.2557346820831299, -1.1369431018829346, -0.3718363344669342, 1.3059052228927612, -0.12807728350162506, -0.4554760754108429, 0.5019170641899109, 0.09884180873632431, -0.162878155708313, -0.4230702221393585, -0.35169517993927, -1.5465933084487915, -1.1598036289215088, -0.3827125132083893, 0.19708186388015747, -0.8206356167793274, 0.5710393190383911, -1.0909287929534912, 0.29140469431877136, 0.4401148557662964, -0.25881531834602356, -1.3958072662353516, -0.6174125075340271, -0.150766059756279, 0.28215643763542175, 0.19246603548526764, 0.20211584866046906, 0.7537654638290405, -1.003769874572754, 1.1731640100479126, 1.2479195594787598, 0.7170496582984924, 1.7440052032470703, -0.005235962104052305, -0.21867205202579498, -0.7606024742126465, -0.04296794906258583, 0.685672402381897, 1.3407161235809326, 1.0674843788146973, 0.018127955496311188, 0.2046087086200714, -0.82330721616745, 1.3403152227401733, 2.557816982269287, -0.21249857544898987, -0.1988513022661209, 0.24170653522014618, 2.3684937953948975, 1.299628496170044, -0.8429139256477356, -1.278353214263916, 1.5974409580230713, -0.32780370116233826, -1.0429232120513916, -0.4401845932006836, 1.1097776889801025, 0.5527340769767761, 0.4090169072151184, -0.7617834806442261, 1.407997488975525, 1.3278213739395142, 1.0947911739349365, 0.9420263171195984, -1.0465490818023682, -0.1507454216480255, 0.62422776222229, 1.9001015424728394, 0.9765008091926575, -0.855238139629364, 0.356021910905838, -0.6129130721092224, -1.1008832454681396, -0.8353103399276733, -0.2916891872882843, 1.9218645095825195, 2.006683588027954, 1.5873547792434692, -0.5207853317260742, -0.9662019610404968, 0.8962035179138184, -0.8876128792762756, -0.1535109430551529, -2.1349611282348633, -2.076554298400879, 0.33712637424468994, -1.862109899520874, -0.2756073772907257, -0.660744309425354, -1.220127820968628, 1.1683861017227173, 0.08061155676841736, -0.36119547486305237, 0.27273276448249817, -1.1499879360198975, 1.351261019706726, 0.6142429709434509, 0.13822434842586517]]]

prince william
[[[-1.3446931838989258, -0.11032985895872116, 0.9354532957077026, 0.8519114851951599, -0.7626990675926208, 1.2916419506072998, -1.8526318073272705, -0.40748897194862366, 0.1686076521873474, 0.9870762825012207, 0.6545665860176086, -0.7011683583259583, -0.09780572354793549, -1.1571924686431885, 0.9919093251228333, -1.320304274559021, -0.6319317817687988, 1.1036468744277954, 0.01653815619647503, -2.719170331954956, 0.5351566076278687, -0.8074396252632141, -1.7229336500167847, 0.9130523204803467, 0.6841435432434082, -1.5883452892303467, 0.330212265253067, -1.4632997512817383, 0.6794340014457703, 0.3063594102859497, -0.20335382223129272, -1.9309624433517456, 1.183385968208313, 0.045196566730737686, 1.0797083377838135, 0.42233511805534363, 0.47733578085899353, 0.42748764157295227, -0.17891423404216766, -0.08446478843688965, 0.36156851053237915, -1.5452617406845093, -0.9261912107467651, 0.4905104637145996, 0.553943395614624, 0.8496618270874023, 0.6542270183563232, -0.989149272441864, 0.3017682731151581, 0.4305831789970398, -1.7309976816177368, -1.0151035785675049, -0.8429946899414062, 0.8931336402893066, -0.08871717751026154, 0.2652958035469055, 0.8200318813323975, 0.8745163083076477, -0.46741676330566406, 0.16176998615264893, 1.323258876800537, 1.2851754426956177, 0.9894862174987793, -0.23695652186870575, -0.4536278247833252, -0.8714720010757446, -0.5770718455314636, 0.9580185413360596, 0.5799424648284912, -0.08161655068397522, -0.08885722607374191, -0.3609965741634369, 0.15142260491847992, 0.47998711466789246, 1.4659485816955566, -0.5758476853370667, 0.8621389865875244, 0.4713972806930542, 1.9274578094482422, 2.92134952545166, -1.4718883037567139, -1.074213981628418, 0.7794956564903259, -0.05531647801399231, -0.9177241921424866, 0.4947095513343811, 1.8736168146133423, 0.0873236432671547, 0.79881751537323, -1.2260671854019165, 1.175690770149231, -0.035110801458358765, 0.2351127713918686, 0.32166510820388794, -1.1740912199020386, -0.3595449924468994, 0.719651460647583, 0.6673536896705627, 0.43359437584877014, -0.8058220148086548, 0.6424492001533508, -0.7581720948219299, -0.1842098832130432, -0.23949548602104187, -0.5600586533546448, 1.3609938621520996, 1.9795987606048584, 0.896084189414978, -1.1753312349319458, 0.11024446040391922, -0.6398051977157593, 1.3012058734893799, -1.993392825126648, -0.9181004166603088, -2.0954325199127197, 0.1500273197889328, -1.9180986881256104, -0.11509796231985092, -0.9771739840507507, -0.4682208299636841, 1.9321221113204956, -0.30554431676864624, 0.5896633863449097, 0.21809452772140503, -1.8981751203536987, 0.5517215132713318, 0.28051435947418213, -0.45400962233543396]]]

william
[[[-0.9423542022705078, -0.6999362111091614, -0.09112037718296051, 0.9393340945243835, -0.4695327877998352, -0.08156092464923859, -1.3213554620742798, -0.7365685701370239, 0.8482308983802795, 1.2987052202224731, -0.04942112788558006, -1.4908933639526367, 0.28428107500076294, -0.9907171130180359, 1.227272629737854, -0.728922963142395, -1.0399714708328247, 1.3515822887420654, 0.32443591952323914, -2.3895936012268066, 0.3943246901035309, 0.412073016166687, -1.171233057975769, 0.7310466766357422, 1.2646942138671875, -1.334486484527588, 0.5821177363395691, -0.7072743773460388, 0.5950303077697754, -0.507709801197052, -0.6857282519340515, -2.0893187522888184, 0.5348671078681946, 0.5129824280738831, 0.014352803118526936, 0.08183885365724564, -0.3768658936023712, 0.441768616437912, -0.6092029213905334, 0.33085617423057556, 0.8088237047195435, -1.1775245666503906, -1.0111967325210571, 0.22720038890838623, 0.013242712244391441, -0.4596029818058014, 0.16431690752506256, -1.8317102193832397, 0.3096042573451996, 0.7553303241729736, -0.498536616563797, -1.5443897247314453, -0.47001221776008606, 0.09616787731647491, -0.18304979801177979, 0.8086804747581482, 1.2078332901000977, 1.0774142742156982, -0.8405437469482422, 0.897251546382904, 1.2961421012878418, 1.5719130039215088, 1.9709813594818115, -0.4120037257671356, -0.8508036732673645, -0.5619350075721741, -0.08735251426696777, 0.8532938361167908, 1.7284865379333496, 0.5447921752929688, 0.3605532646179199, -0.12405083328485489, 0.4249776601791382, 1.2286055088043213, 1.4056607484817505, -0.3626067042350769, 0.2110218107700348, -0.8494780659675598, 1.7726870775222778, 1.3141820430755615, -1.089884877204895, -0.7173659801483154, 1.0109806060791016, -0.02224135212600231, -1.21495521068573, 0.22947025299072266, 0.6602156758308411, 0.47867879271507263, -0.15140129625797272, -0.6829825043678284, 1.68886137008667, 1.2537779808044434, 0.46522003412246704, 0.2090480476617813, -1.727899432182312, -0.19653989374637604, 0.6509193778038025, 1.2724570035934448, 0.49480772018432617, -0.9459914565086365, 0.6589556932449341, -0.9796158671379089, -0.5639088153839111, -1.7385116815567017, -1.514033555984497, 1.8595105409622192, 2.10493803024292, 1.3588570356369019, -1.4921138286590576, -0.41705647110939026, 0.9031952619552612, -0.7017413377761841, -0.935465395450592, -1.5036954879760742, -1.6245814561843872, 0.7511821389198303, -2.0536251068115234, -0.913520336151123, 0.25864237546920776, -1.8184235095977783, 0.8437311053276062, -0.14292363822460175, 0.40771424770355225, 0.4002343416213989, -0.818958044052124, 0.9226752519607544, 1.061885118484497, 0.5810853242874146]]]

prince wiliam
[[[-1.7334890365600586, -0.7364484071731567, 0.441072553396225, 0.19947420060634613, -0.677119255065918, 1.339536428451538, -1.5318412780761719, -0.07322908192873001, 0.6003327369689941, 1.5076677799224854, -0.00273271300829947, -0.6658353805541992, 0.014548315666615963, -0.7456423044204712, 1.0298733711242676, -1.28981351852417, -0.24536889791488647, 0.4854615032672882, 0.4401134252548218, -1.566860556602478, 0.3046013116836548, -0.5895625948905945, -2.830474376678467, 1.2644699811935425, 0.5248414278030396, -1.2624784708023071, 0.8496060967445374, -0.8573648929595947, 0.10508552193641663, 0.3638257682323456, -0.6810023784637451, -1.8099184036254883, 1.193975806236267, -0.08319273591041565, 0.4476010501384735, 0.14986826479434967, 0.1310507208108902, 0.09162385016679764, 0.5857251286506653, -0.5755038261413574, 0.6394939422607422, -1.3946479558944702, -0.013089385814964771, 0.034692175686359406, 0.36231374740600586, 0.5976260304450989, 0.3990972638130188, -0.5694986581802368, -0.26476988196372986, 0.7276561260223389, -1.0586767196655273, -0.1792123168706894, -1.116648554801941, 0.5008759498596191, 0.03920263797044754, 0.7351241111755371, 0.7873562574386597, 1.1264461278915405, -0.06800293177366257, 0.5698676705360413, 0.7572156190872192, 1.0502474308013916, 1.0623447895050049, -0.8258068561553955, -1.049464464187622, -0.4687574803829193, 0.1942368447780609, 1.1233747005462646, 2.1138811111450195, 0.197642982006073, -0.2250760793685913, -0.23205570876598358, 0.3577871322631836, 0.43606215715408325, 1.7867151498794556, -0.6878575086593628, 0.568094789981842, -0.16521722078323364, 1.4569964408874512, 2.4264681339263916, -1.669180989265442, -0.6475228071212769, 0.8318207859992981, -0.5222899317741394, -1.697605013847351, -0.3728684186935425, 1.470151662826538, 0.2628241777420044, 1.0110427141189575, -0.9419434070587158, 1.5777456760406494, 0.2533230781555176, 0.7502002120018005, 0.14150646328926086, -1.5003613233566284, 0.26628759503364563, 0.16699153184890747, 1.0558077096939087, 0.34086447954177856, -1.0913867950439453, 0.779910683631897, -1.1646884679794312, -0.07322435081005096, -0.1469002664089203, -0.9558534622192383, 1.639733076095581, 2.418850898742676, 0.8750690221786499, -1.605429768562317, -0.003468508832156658, -0.3542151153087616, 1.5190032720565796, -2.088829755783081, -1.0826386213302612, -1.7441798448562622, 0.03323090821504593, -1.5650094747543335, -0.1281670778989792, -0.2414873242378235, -0.5612620711326599, 1.381248116493225, -1.1252033710479736, 0.5031018257141113, 0.5010083913803101, -2.4613523483276367, 0.5640101432800293, 0.13637423515319824, -0.5795550346374512]]]

the walt disney story book
[[[-1.136017918586731, 0.0018257808405905962, 1.453053593635559, 0.6806027889251709, 0.5390143990516663, 1.97714102268219, -2.3334808349609375, -0.8110463619232178, 0.1409374177455902, 0.2658311128616333, 0.3115200698375702, -1.3451508283615112, -0.7716601490974426, -0.7531105279922485, 0.8938086032867432, -1.629213809967041, -0.12936224043369293, 0.8467716574668884, -0.5350409746170044, -2.007106304168701, -0.0768975242972374, 0.21868522465229034, -1.763899564743042, 0.6501585841178894, -0.5142189264297485, -0.26375827193260193, 0.5509926080703735, -1.9996027946472168, 1.2040034532546997, 0.10485684126615524, -0.6642566919326782, -1.5747672319412231, 0.6844184398651123, -0.07220010459423065, 1.7142159938812256, -0.5820952653884888, 0.4381865859031677, 0.3704315423965454, -0.8125160336494446, 0.29272037744522095, 0.39483174681663513, -2.132547378540039, -0.8615144491195679, 0.34015411138534546, 1.1094228029251099, 1.6013717651367188, 0.8730328679084778, -0.23760506510734558, 1.1294001340866089, 1.4115852117538452, -1.5483585596084595, -0.8015648126602173, -1.4011462926864624, -0.17205122113227844, 0.5992364287376404, -1.2914750576019287, 0.14886747300624847, 0.22088629007339478, -0.6633759140968323, 0.8953525424003601, 0.9224006533622742, 1.1010618209838867, 0.5179688930511475, 0.1516088843345642, 0.7451084852218628, -0.3864953815937042, -0.44333919882774353, 1.156310796737671, -0.22732232511043549, 0.07259353995323181, -0.3096451163291931, -0.14234104752540588, -1.7681958675384521, 0.19445085525512695, 2.0817370414733887, 0.13725422322750092, 0.6087157726287842, 0.452404260635376, 0.7852373123168945, 2.190950632095337, -0.5282462239265442, -0.41011250019073486, 0.9265773892402649, -0.1311480551958084, -0.3746491074562073, 0.9073802828788757, 2.3709118366241455, -0.21038304269313812, 0.1578386276960373, -0.04276842623949051, 0.39859768748283386, 0.1452781856060028, -0.8168836236000061, 0.46877336502075195, -0.4997820556163788, -0.6631554365158081, 0.9418271780014038, 0.31172695755958557, 0.47557878494262695, -0.9247874617576599, -0.2985999286174774, -0.7567018270492554, -0.3632359504699707, 0.45364561676979065, -0.47681185603141785, 1.0370241403579712, 1.635384202003479, 1.3956784009933472, -0.6774500608444214, -1.1136469841003418, -0.6151331067085266, 1.2155733108520508, -1.1842195987701416, -1.6541447639465332, -2.219738721847534, 0.4134371876716614, -1.7196341753005981, 0.16639062762260437, -0.7532258033752441, 0.47932061553001404, 1.9775259494781494, -0.3740675747394562, 1.0480034351348877, 0.07677359879016876, -1.7224363088607788, 0.46928510069847107, 0.7267457842826843, -0.6870543956756592]]]

20,000 leagues under the sea
[[[-1.0329387187957764, -1.6974334716796875, 0.290272980928421, 0.3404356837272644, 2.1525330543518066, 1.334215521812439, -0.9002029895782471, -1.4180893898010254, -0.15735894441604614, 1.5751125812530518, -1.2096282243728638, -0.4416874945163727, 0.9622403383255005, -0.04617556184530258, 1.3134032487869263, -1.51002836227417, 0.7339416742324829, 1.1885111331939697, -0.24892503023147583, -0.19371725618839264, -0.2793829143047333, -1.0054404735565186, -0.5129663348197937, 0.5199494957923889, -0.93956059217453, -0.29247167706489563, 0.7212502360343933, -2.5291225910186768, 1.5326536893844604, 0.4174913167953491, 0.031860917806625366, -1.5663403272628784, -0.38944393396377563, 0.21613258123397827, 2.3944098949432373, -0.5614781975746155, 0.6135764122009277, -1.543570876121521, -0.48474839329719543, -0.2819024622440338, -0.9138795137405396, -1.0721155405044556, -0.18749389052391052, -0.4057421088218689, 0.39756861329078674, 0.9854441285133362, 0.5618917346000671, -0.04735397920012474, 0.6315823793411255, 0.38420891761779785, -1.6431094408035278, 0.06604655086994171, -1.5318862199783325, -0.2657324969768524, 1.130963921546936, -2.17913818359375, -0.6078453063964844, 0.6555694341659546, -1.4407265186309814, 0.2602121829986572, -0.00857323408126831, -0.22247382998466492, 0.9700856804847717, 1.1708803176879883, 0.1926162987947464, -0.6527999639511108, 0.9571519494056702, 0.47143638134002686, -0.06762802600860596, -1.2199240922927856, 0.026161842048168182, -0.19476497173309326, -1.265221357345581, 0.8839735388755798, 2.1729953289031982, -0.39165645837783813, 1.356879711151123, -0.6220395565032959, 0.8935185074806213, 0.021285809576511383, 0.15119360387325287, -0.7761271595954895, 1.2241252660751343, 0.20403246581554413, 0.007936296984553337, 0.1591545045375824, 1.805498480796814, 0.5055757761001587, -0.180318683385849, 0.6443947553634644, 0.6213951110839844, -0.2767098844051361, -0.7138140201568604, 0.2557651102542877, -2.1112990379333496, -0.22079794108867645, 1.2068413496017456, 0.43498921394348145, 0.5727403163909912, 0.5521684885025024, 1.3495814800262451, 0.30711647868156433, -1.3343782424926758, -0.49265891313552856, -1.0660568475723267, 1.6480412483215332, 1.75826895236969, 1.7027184963226318, -0.39593520760536194, -1.0201513767242432, -0.06398429721593857, 0.07285723835229874, -0.995078444480896, 0.13045133650302887, -0.525528609752655, 0.6786306500434875, -2.1809630393981934, -0.4319668412208557, -0.3564918041229248, 0.7559489011764526, 0.9592140316963196, 0.19968275725841522, 0.18706773221492767, 0.40117934346199036, -2.5651156902313232, -0.33325693011283875, 1.1861463785171509, 0.012171684764325619]]]

101 dalmatians
[[[-1.2591962814331055, -0.6591752767562866, 0.8571128249168396, 1.3460673093795776, -0.27412325143814087, -0.2294522523880005, -1.6279752254486084, 0.2906607985496521, -0.3173905313014984, 1.6979459524154663, 0.2114514857530594, -0.48035916686058044, 0.08458056300878525, -0.5398857593536377, 1.5873322486877441, -1.283547043800354, 0.5971211194992065, -0.733780562877655, 0.07160501927137375, -2.2180752754211426, 0.18248610198497772, -0.942523717880249, -1.1304030418395996, 0.44731229543685913, -0.19581371545791626, -1.9661202430725098, 1.6898568868637085, -1.3065135478973389, 0.3334270715713501, -0.5571635961532593, -1.2689474821090698, -0.6039953231811523, 0.520348072052002, 0.32779446244239807, 1.112568974494934, 0.6839959025382996, 0.08672550320625305, -0.0183256883174181, 0.8705087900161743, -0.13004332780838013, -0.6783165335655212, -0.3691513240337372, -0.30602237582206726, -0.8270722031593323, 0.21798309683799744, 0.27135902643203735, 1.4919188022613525, -1.4474238157272339, 0.6793041825294495, 0.4331533908843994, -0.8411654829978943, -0.0982789620757103, -1.6016980409622192, 0.13002540171146393, -0.011711484752595425, 0.35948261618614197, 0.4649619162082672, -0.4275745451450348, -1.3533233404159546, 1.2077858448028564, 1.2772958278656006, 1.978983759880066, -0.10603410005569458, 0.4591186046600342, 0.8441954851150513, -1.0826821327209473, 0.30281177163124084, 1.1597826480865479, 0.8039219379425049, -0.04072855785489082, -0.5145220160484314, -0.22314658761024475, -0.903844952583313, -0.17522944509983063, 1.8695513010025024, -1.534212350845337, -0.23240216076374054, 0.23082153499126434, 2.4782698154449463, 0.5630019307136536, -1.4412623643875122, -1.3303598165512085, 0.7699631452560425, -0.1734800636768341, 0.8320895433425903, 0.5601879358291626, 2.1236164569854736, 0.431517094373703, -0.2095751166343689, -0.02927088551223278, 1.1624947786331177, 0.30212780833244324, 0.7531223297119141, 0.44688332080841064, -2.00028920173645, 1.178642749786377, 0.594749927520752, 1.5787301063537598, 0.7114256620407104, 0.7076308131217957, 1.7665064334869385, -0.7820653915405273, -0.7035467028617859, 0.2819170653820038, -0.33056414127349854, 1.7849937677383423, 1.5665396451950073, 0.5097103118896484, -1.2019091844558716, -0.8727067112922668, -2.2241973876953125, 0.16234737634658813, -0.07505490630865097, -0.6823275089263916, -0.9724860191345215, -0.6797605156898499, -1.8476165533065796, -0.30002203583717346, -1.1698870658874512, -0.4504871666431427, 0.9377779364585876, 0.2885931432247162, 0.4165908694267273, -0.5904029011726379, -1.9226125478744507, 1.3573964834213257, -0.021742787212133408, -0.9192076325416565]]]

the little mermaid
[[[-1.3088319301605225, -0.0016472903080284595, 1.3457175493240356, 0.1328161209821701, -0.9513924717903137, 1.7442141771316528, -1.976851224899292, -0.22454394400119781, 1.507866382598877, 0.1377086192369461, -0.3609500527381897, -2.5507631301879883, 0.15767157077789307, -0.19768662750720978, 1.4326374530792236, -1.281437873840332, -0.995185375213623, -1.2590738534927368, -0.01593143306672573, -1.7222857475280762, -0.1976185142993927, 0.5373812913894653, -1.3515688180923462, 1.9525023698806763, -0.30259212851524353, -0.09047363698482513, 1.8173643350601196, -0.4195060729980469, 0.5157542824745178, 0.6497463583946228, -0.5487772822380066, -1.0735647678375244, -0.950099527835846, 0.5706834197044373, 1.2222386598587036, -0.2421978861093521, -0.5889807939529419, -0.4797384738922119, -0.3032015562057495, 0.13611601293087006, -0.1889004409313202, -0.9270755052566528, -0.9857626557350159, 0.054100241512060165, 1.2260926961898804, -0.06920796632766724, -0.19545969367027283, -1.1132731437683105, -0.16646793484687805, 0.22207053005695343, -0.869788646697998, -0.4455952048301697, -0.999393880367279, -0.17860354483127594, -0.44791367650032043, -0.7305130362510681, -0.08401913940906525, 0.6533240675926208, -0.9882118105888367, -0.018638180568814278, 0.6016407012939453, 1.2418320178985596, 1.2236264944076538, 0.32332897186279297, 0.5281618237495422, 0.2372993677854538, -0.3469526171684265, 0.2804310619831085, 0.5729864239692688, 1.0352338552474976, -0.3646825850009918, 1.0438305139541626, -1.6605168581008911, 0.046121809631586075, 2.5280027389526367, 0.7181494235992432, 1.9293094873428345, -0.5564168095588684, 2.294151782989502, 0.9071218371391296, -0.6213349103927612, 0.09319153428077698, 1.4482460021972656, 0.4691559672355652, -1.1998257637023926, 1.1117125749588013, 0.8042720556259155, -1.0157335996627808, 0.5891309976577759, 0.401022344827652, -0.45365452766418457, -0.026211190968751907, 0.28915640711784363, -0.15702661871910095, -0.16141648590564728, -0.3175401985645294, 0.5603353381156921, 0.44596126675605774, 0.11184302717447281, 0.6341491937637329, -0.3873383104801178, -0.2794577181339264, -0.5721510052680969, 0.3294847011566162, -0.4734092354774475, 1.6327989101409912, 1.9538874626159668, 1.5977821350097656, -1.0780569314956665, -0.5106634497642517, 1.2085081338882446, -0.184555783867836, -1.8813815116882324, -1.3109817504882812, -3.0038022994995117, 0.31953442096710205, -0.669051468372345, 0.08934970200061798, -1.1441344022750854, -0.31343650817871094, 2.152416944503784, -0.6686037182807922, 0.9610610604286194, 0.6460968852043152, -0.9836522936820984, -0.15509094297885895, 0.4179583787918091, -1.4934862852096558]]]

the hunchback of notre dame
[[[-0.8693010210990906, 0.08219490200281143, 1.378088355064392, 0.8866442441940308, -0.42010051012039185, 0.9834255576133728, -0.5872209668159485, -0.0013353961985558271, 0.6996155977249146, 0.06225908175110817, 0.024653054773807526, -2.0733869075775146, -0.6581279039382935, -0.5522925853729248, 0.7126117944717407, -1.3071702718734741, 1.028612494468689, 0.16098526120185852, -0.4301919639110565, -0.5729917287826538, 0.02555767446756363, -0.9854040741920471, -1.3518096208572388, 1.218429446220398, -0.9492599964141846, -0.5687049627304077, 1.4896241426467896, 0.10027122497558594, 0.24193115532398224, -0.0033463886938989162, 0.16995757818222046, -0.3783228397369385, 0.5169830322265625, 0.26090309023857117, 2.8658828735351562, 1.3476171493530273, -0.05316363647580147, 0.011941628530621529, 0.03844885900616646, -0.2797159254550934, -0.7364946603775024, -0.7420299053192139, 0.17282217741012573, 0.3160785734653473, 0.09375189989805222, 1.3183822631835938, 0.2203887552022934, -0.2353002279996872, -1.252152681350708, 1.0226341485977173, -2.2497575283050537, -1.2570476531982422, -0.835043728351593, -1.142496109008789, 0.7521334886550903, 0.44589707255363464, 0.14196187257766724, -1.608275294303894, -1.2434029579162598, -0.11247853934764862, 1.1380419731140137, -0.043849535286426544, 0.1974523514509201, 0.7054750919342041, 0.08067187666893005, -0.5869466662406921, 0.6942299604415894, 0.331838995218277, -0.8956207633018494, -0.7946253418922424, -0.15711717307567596, -0.2787086069583893, -0.922521710395813, -0.7630482316017151, 1.1502209901809692, -0.8477748036384583, 1.0717586278915405, 0.06322967261075974, 1.1770685911178589, 1.5438073873519897, 0.04244294390082359, 0.23692190647125244, 0.473410427570343, -0.2772466838359833, -1.1332989931106567, 2.3214783668518066, 2.3397297859191895, -1.0016508102416992, -0.8714823126792908, -0.07376453280448914, -0.49685367941856384, -0.8603204488754272, -1.229825496673584, 0.4624885022640228, -1.4095572233200073, -0.00671673659235239, -0.608494758605957, 0.42982152104377747, -0.009262174367904663, 0.35966289043426514, -0.5850104093551636, 0.5770155787467957, -0.23065704107284546, 1.6425257921218872, -1.3503732681274414, 2.3265798091888428, 1.3497357368469238, 1.7910133600234985, -0.1855318397283554, -1.1984741687774658, -1.3450422286987305, 0.8758788108825684, -2.0233726501464844, -1.2356088161468506, -1.812369704246521, 0.4063686430454254, -0.7128278613090515, 0.22915929555892944, 0.7940755486488342, 1.3312325477600098, 2.171250104904175, -0.7795889377593994, 1.4907459020614624, -0.19233815371990204, -1.5195502042770386, 1.1280407905578613, 0.682975709438324, -0.5112780928611755]]]

animated shorts
[[[-0.8622540235519409, 0.04282843694090843, 0.9667852520942688, 1.4038355350494385, -0.6145952343940735, -0.17902538180351257, -1.5584774017333984, 0.08165835589170456, -0.3977496922016144, 1.3166199922561646, -0.8184770941734314, -1.590990662574768, -1.317184567451477, -1.3887875080108643, 1.8281376361846924, -1.31252121925354, -0.5203920006752014, 0.789722740650177, 0.5565829277038574, -2.1656055450439453, 1.0485408306121826, 0.22504585981369019, -0.3486499488353729, 0.44768038392066956, -0.8607203960418701, -1.333141565322876, 0.14778505265712738, -0.9162145256996155, 1.0895249843597412, -0.027059165760874748, -0.07086717337369919, -0.7765612006187439, 0.5105014443397522, 0.33984285593032837, 1.4682799577713013, 0.5811113715171814, -0.6699477434158325, 0.8686755895614624, 0.07847946137189865, -1.3813363313674927, 0.06238998845219612, -1.3075436353683472, -1.8375378847122192, -1.4205079078674316, -0.4810716509819031, -0.012962674722075462, 0.2895559072494507, -1.8484910726547241, 0.38316449522972107, -0.3760226368904114, -0.9501757025718689, -1.3026223182678223, -0.6087495684623718, 0.6348817348480225, -0.6156286597251892, -0.39838823676109314, 0.5471096634864807, 0.11192672699689865, -1.6277282238006592, 0.4502813518047333, 2.490691661834717, 0.5279666185379028, 1.0653101205825806, -0.24727466702461243, -0.325737327337265, -1.6473397016525269, -0.08338114619255066, 0.9207141995429993, 0.3204038143157959, 0.03255253657698631, 0.3542107939720154, -0.585320770740509, 0.7522072196006775, 0.3047580420970917, 2.117400646209717, 0.36082708835601807, 1.371267318725586, -0.17759022116661072, 2.323770523071289, 1.0281915664672852, -0.8649086952209473, -1.6195919513702393, 1.9109221696853638, -0.5009593963623047, 0.6490554809570312, 0.7478344440460205, 0.9212095737457275, 0.7252665758132935, 0.5194156765937805, 0.4948942959308624, 0.8055306077003479, 0.4791468381881714, 0.40155959129333496, 0.17194314301013947, -0.4626379609107971, -0.9538570046424866, 0.4759092628955841, 2.3214364051818848, 1.2921826839447021, 0.09104884415864944, 0.22207894921302795, -0.6998795866966248, -0.4359995424747467, -0.49918973445892334, -1.1842361688613892, 2.273651123046875, 1.3305974006652832, 0.696342408657074, -1.179787516593933, -0.6805122494697571, -0.8925550580024719, 0.18076921999454498, -0.992698073387146, -1.1913954019546509, -1.3149216175079346, 0.7159398198127747, -0.9076210856437683, -0.9209011197090149, -0.6546152830123901, -0.3892020583152771, 1.6041775941848755, 0.7601380348205566, 1.2235159873962402, -0.3145425021648407, -0.903481125831604, 0.7527092695236206, 0.4743911027908325, 0.045241910964250565]]]

aladdin
[[[-0.26764115691185, -1.8239026069641113, 0.10531739145517349, 1.4491981267929077, -1.0450420379638672, -0.5100709199905396, -1.5876785516738892, -1.587345838546753, -0.01582600362598896, 1.2975553274154663, -0.13149458169937134, -1.731163501739502, -0.9059435129165649, -1.0207575559616089, 0.5251463651657104, -0.005064938683062792, -0.6899450421333313, 0.11692404001951218, 1.173397421836853, -1.5105350017547607, -0.3090064823627472, 0.016535071656107903, -1.0219322443008423, 0.07741723209619522, -0.5613436698913574, -1.7927460670471191, 0.7596820592880249, -1.8688619136810303, 0.04966699704527855, -1.2953740358352661, -0.29188573360443115, -1.0718424320220947, 0.04579288139939308, 1.1029584407806396, 1.8681519031524658, -0.6059653759002686, -1.5696970224380493, 0.6387615203857422, 0.2658681869506836, -0.15162818133831024, 0.10122940689325333, -1.1694880723953247, -1.8521597385406494, -0.7865492105484009, 0.5924556255340576, -0.7363725900650024, 0.08382385969161987, -1.556199312210083, 1.3529249429702759, -0.35216224193573, -0.23611710965633392, -0.4248332679271698, 0.39465251564979553, -0.6280826926231384, -0.05963551998138428, 0.16369624435901642, 1.2180204391479492, 1.0315653085708618, -0.7599709630012512, 1.6836163997650146, 1.2278910875320435, 0.48082685470581055, 1.9225234985351562, 0.11265502125024796, -0.32565730810165405, -0.22235919535160065, 0.43877777457237244, 1.0147576332092285, 0.43731391429901123, 0.5584904551506042, 0.2697041630744934, -0.3880161643028259, 0.16920305788516998, 1.1927783489227295, 1.5739492177963257, 0.30803266167640686, 0.6520876288414001, 0.5011045336723328, 2.4055399894714355, 0.9127761125564575, -0.9601015448570251, -0.7569366097450256, 1.9612178802490234, 0.1285712867975235, 0.2489366978406906, -0.15024550259113312, 1.8306660652160645, 0.3141784965991974, 0.21140410006046295, -0.9639685750007629, 1.5920895338058472, 1.1912477016448975, 0.5104432106018066, 0.44782698154449463, -0.24023188650608063, 0.6867320537567139, 1.1879758834838867, 1.7883186340332031, 0.9816474318504333, -0.8481995463371277, 0.25726160407066345, -0.37812426686286926, -0.6981209516525269, -1.8147884607315063, -0.667263388633728, 1.4216605424880981, 0.08113373816013336, 0.8851783871650696, -1.6215966939926147, 1.5644348859786987, -0.11573389917612076, -0.47348541021347046, -0.8359091877937317, -2.1611433029174805, -1.20177161693573, 0.17864461243152618, -1.4820483922958374, -0.09117377549409866, 0.20091506838798523, -0.7969554662704468, 0.6865383982658386, 0.6368765830993652, -0.6089615225791931, 0.1593571901321411, -1.202216386795044, 1.6840453147888184, 0.11778203397989273, -0.3085777163505554]]]

the hunchback of notre dame
[[[-0.8693010210990906, 0.08219490200281143, 1.378088355064392, 0.8866442441940308, -0.42010051012039185, 0.9834255576133728, -0.5872209668159485, -0.0013353961985558271, 0.6996155977249146, 0.06225908175110817, 0.024653054773807526, -2.0733869075775146, -0.6581279039382935, -0.5522925853729248, 0.7126117944717407, -1.3071702718734741, 1.028612494468689, 0.16098526120185852, -0.4301919639110565, -0.5729917287826538, 0.02555767446756363, -0.9854040741920471, -1.3518096208572388, 1.218429446220398, -0.9492599964141846, -0.5687049627304077, 1.4896241426467896, 0.10027122497558594, 0.24193115532398224, -0.0033463886938989162, 0.16995757818222046, -0.3783228397369385, 0.5169830322265625, 0.26090309023857117, 2.8658828735351562, 1.3476171493530273, -0.05316363647580147, 0.011941628530621529, 0.03844885900616646, -0.2797159254550934, -0.7364946603775024, -0.7420299053192139, 0.17282217741012573, 0.3160785734653473, 0.09375189989805222, 1.3183822631835938, 0.2203887552022934, -0.2353002279996872, -1.252152681350708, 1.0226341485977173, -2.2497575283050537, -1.2570476531982422, -0.835043728351593, -1.142496109008789, 0.7521334886550903, 0.44589707255363464, 0.14196187257766724, -1.608275294303894, -1.2434029579162598, -0.11247853934764862, 1.1380419731140137, -0.043849535286426544, 0.1974523514509201, 0.7054750919342041, 0.08067187666893005, -0.5869466662406921, 0.6942299604415894, 0.331838995218277, -0.8956207633018494, -0.7946253418922424, -0.15711717307567596, -0.2787086069583893, -0.922521710395813, -0.7630482316017151, 1.1502209901809692, -0.8477748036384583, 1.0717586278915405, 0.06322967261075974, 1.1770685911178589, 1.5438073873519897, 0.04244294390082359, 0.23692190647125244, 0.473410427570343, -0.2772466838359833, -1.1332989931106567, 2.3214783668518066, 2.3397297859191895, -1.0016508102416992, -0.8714823126792908, -0.07376453280448914, -0.49685367941856384, -0.8603204488754272, -1.229825496673584, 0.4624885022640228, -1.4095572233200073, -0.00671673659235239, -0.608494758605957, 0.42982152104377747, -0.009262174367904663, 0.35966289043426514, -0.5850104093551636, 0.5770155787467957, -0.23065704107284546, 1.6425257921218872, -1.3503732681274414, 2.3265798091888428, 1.3497357368469238, 1.7910133600234985, -0.1855318397283554, -1.1984741687774658, -1.3450422286987305, 0.8758788108825684, -2.0233726501464844, -1.2356088161468506, -1.812369704246521, 0.4063686430454254, -0.7128278613090515, 0.22915929555892944, 0.7940755486488342, 1.3312325477600098, 2.171250104904175, -0.7795889377593994, 1.4907459020614624, -0.19233815371990204, -1.5195502042770386, 1.1280407905578613, 0.682975709438324, -0.5112780928611755]]]

bambi
[[[-1.11652672290802, -0.1744619607925415, 0.2739979922771454, 1.044714331626892, -0.2962862253189087, 0.37621861696243286, -0.4482679069042206, -1.272140383720398, -0.11440028250217438, 2.5505785942077637, -0.0229626651853323, -1.6396936178207397, 0.4809381067752838, -0.6982014179229736, 1.1046701669692993, -1.5540931224822998, -0.8040286898612976, 0.9562001824378967, 0.8844251036643982, -1.8331621885299683, 0.6103538870811462, -0.2967880666255951, -1.722516417503357, 1.332489013671875, 0.1875365823507309, -1.137044072151184, 0.28578251600265503, -1.1676850318908691, -0.5424734354019165, -0.8552981615066528, -0.42741069197654724, -1.424393653869629, 0.4121458828449249, 0.9836755394935608, 0.29744070768356323, -0.006865578703582287, 0.09089008718729019, -0.4741600453853607, -0.2658309042453766, 1.0115573406219482, 0.0012350381584838033, -1.8080558776855469, -0.40812209248542786, -0.06718811392784119, -1.1530678272247314, 0.17222167551517487, 0.33128881454467773, -1.5592494010925293, 0.16720908880233765, 1.4419145584106445, -1.7291077375411987, -0.808647871017456, -0.8690938353538513, 0.18482385575771332, 0.19125132262706757, 1.131853699684143, -0.4885252118110657, 0.6903953552246094, -0.9827511310577393, 0.6697328686714172, 0.9814210534095764, 0.4083939790725708, 0.5979341864585876, 0.07709022611379623, -0.11912180483341217, -1.2221155166625977, -0.32302260398864746, 0.4986867904663086, 1.0534744262695312, 0.0294425580650568, 0.025721915066242218, 0.7016478180885315, -1.127769947052002, 1.4190739393234253, 2.460336208343506, -1.2411121129989624, -0.8485637903213501, -0.2451866716146469, 1.2147737741470337, 1.27922523021698, -0.5223373770713806, -1.032862901687622, 0.5998296141624451, 0.02903851494193077, 0.2910136878490448, 0.43309083580970764, 1.3328089714050293, 0.2206825315952301, -1.1485881805419922, -0.9869509339332581, 1.2031192779541016, 0.8517472147941589, 0.899125337600708, 0.23529385030269623, -0.911943793296814, 0.16348309814929962, 0.7421952486038208, 2.2852025032043457, 1.146535038948059, -0.2449052333831787, 1.0323166847229004, -0.6857995986938477, -0.2901175022125244, -1.0724563598632812, -1.079230546951294, 2.4287822246551514, 2.033766984939575, 1.6456782817840576, -1.8285776376724243, -0.9691817164421082, -0.6700358986854553, 0.08092067390680313, -0.28041160106658936, -0.8497247099876404, -1.4639414548873901, 0.10362859070301056, -1.7470670938491821, 0.5142974853515625, -0.28978168964385986, -1.0359095335006714, 2.303090810775757, -0.16075901687145233, -0.05197950080037117, 0.33205166459083557, -0.685868501663208, 1.145333170890808, 0.3600063920021057, 0.27801981568336487]]]

man in the iron mask
[[[-1.7199623584747314, -0.664849042892456, 0.8416740894317627, 0.9703936576843262, -0.1669899970293045, 2.687918186187744, -2.577747106552124, 0.8098909258842468, -0.3670946955680847, 0.19363681972026825, -0.719648003578186, -1.6772620677947998, -0.700996458530426, 0.3406662046909332, 0.7268477082252502, -1.7940943241119385, 0.7748482823371887, 0.147373229265213, -0.15720948576927185, -1.9646250009536743, 0.5939129590988159, -1.3568180799484253, -0.24956081807613373, 0.8523585796356201, -0.27260857820510864, -0.620963454246521, 1.2708643674850464, -0.9098168015480042, 1.4459683895111084, 0.9791802167892456, -0.19407089054584503, 0.608992874622345, 0.6860916018486023, 0.40523791313171387, 1.4924590587615967, -0.33251526951789856, 0.2976054847240448, -0.32047000527381897, 0.2971770763397217, -0.8155672550201416, 0.1557757556438446, -0.763990044593811, -0.6894897222518921, -0.2443488985300064, 0.7205946445465088, 0.9472203850746155, -0.32618191838264465, 0.4063715934753418, -0.5079633593559265, -0.33959630131721497, -0.7126957178115845, 0.9322245717048645, 0.24937686324119568, 0.09898078441619873, -0.783103883266449, -0.7684992551803589, 0.20515964925289154, -0.7321197986602783, -1.4119534492492676, -0.30899709463119507, 1.2791508436203003, 0.8727508783340454, 0.06844976544380188, 0.23525074124336243, 0.4292655885219574, -0.7055797576904297, -0.5486564636230469, 0.2812855839729309, 1.0614746809005737, -0.13318118453025818, -0.06531684100627899, 0.253337025642395, -0.6779158711433411, 0.8919694423675537, 3.519005537033081, -0.4688539505004883, 1.7029486894607544, 0.6915932297706604, 2.016547203063965, 2.9232497215270996, -1.9088901281356812, -1.5817278623580933, 1.1012212038040161, 0.3545641005039215, -0.7645909786224365, 0.08483670651912689, 1.228502631187439, -0.02386479079723358, -0.3963693678379059, 0.4328021705150604, -0.19057850539684296, -0.08822046965360641, 0.4036417007446289, 0.38958072662353516, -0.5270974040031433, 0.11336231976747513, -0.005410673562437296, 1.2809847593307495, -0.4562276005744934, -0.3577711284160614, -0.863077700138092, 0.4589282274246216, -0.7389426827430725, 0.7862525582313538, -1.780157446861267, 2.179988384246826, 1.342588186264038, 0.8472733497619629, -0.9053573608398438, -0.8223128914833069, 0.1382496953010559, 0.8489151000976562, -1.8919425010681152, -0.8020311594009399, -1.2893657684326172, -0.7837246060371399, -1.1085894107818604, 0.4109780192375183, -0.4717661142349243, 0.10861147940158844, 0.6824746131896973, -0.8938400745391846, -0.3488036096096039, -0.3536401391029358, -1.4750977754592896, -0.30563634634017944, -0.028951900079846382, -0.6235381960868835]]]

6
[[[-0.750641405582428, -0.46694663166999817, 0.23465201258659363, 1.003746509552002, -0.6109647154808044, -0.38991886377334595, -0.5244266390800476, -0.6513040065765381, 0.15771831572055817, 1.8867253065109253, 0.4538162052631378, -1.1595797538757324, 0.8713467717170715, -0.6609990000724792, -0.2085806429386139, -0.6376319527626038, -1.694105863571167, 0.9308602213859558, -0.0006194166489876807, -2.757277727127075, 0.4555039703845978, 0.64173823595047, -1.06217622756958, 0.6314931511878967, 0.5448781251907349, -1.1118897199630737, 0.6841503381729126, -1.5200674533843994, -0.160814106464386, -1.059818983078003, -0.5657541155815125, -1.8253002166748047, 1.0544339418411255, 1.2024770975112915, 0.6303537487983704, -0.9951512217521667, 0.38045284152030945, 0.17082054913043976, -1.7562229633331299, -0.4501177966594696, 0.1195906326174736, -1.5144368410110474, -1.1325013637542725, -0.29912617802619934, -1.2295972108840942, -0.21291346848011017, -0.41518062353134155, -0.8439997434616089, 0.6683713793754578, 1.9060218334197998, 0.01079392060637474, -1.1898237466812134, -0.5976257920265198, 0.4754193425178528, 0.13283762335777283, 0.5202357172966003, 0.9741646647453308, 0.9512943029403687, -1.7355307340621948, 1.6070207357406616, 1.010725498199463, 0.7989062666893005, 1.1987824440002441, 0.23309403657913208, -0.21482256054878235, -0.3411676585674286, 0.28459641337394714, 0.5581108927726746, 1.1087151765823364, 1.1521954536437988, 0.4087172746658325, -0.08651737868785858, -0.3858908414840698, 1.2491846084594727, 1.2161047458648682, -0.43540382385253906, -0.48064884543418884, 0.6281141042709351, 1.9264779090881348, 0.9030616879463196, -0.16911549866199493, -0.9309781789779663, 1.0258487462997437, -0.2661292254924774, -0.6917481422424316, -0.9388390779495239, 1.368636131286621, 0.6694363951683044, -0.6034137010574341, -0.5713379383087158, 1.7929298877716064, 1.258583664894104, 0.22306376695632935, -0.20877715945243835, -1.6438159942626953, -0.09898319840431213, 0.5205804705619812, 1.5424128770828247, 0.9258102774620056, -0.6344608664512634, -0.11382213979959488, -1.560372233390808, -0.8615060448646545, -2.1440024375915527, 0.14984901249408722, 1.7756439447402954, 0.6131875514984131, 1.495996356010437, -1.2493584156036377, -0.754208505153656, 0.5256914496421814, -0.707222044467926, -0.18619179725646973, -1.4325377941131592, -1.539340853691101, 0.2771380543708801, -1.0599267482757568, -0.655757486820221, 0.23230957984924316, -1.3189101219177246, 1.4403197765350342, 1.6984946727752686, -0.5453562140464783, 0.6102074384689331, -0.3875282108783722, 2.1145288944244385, 0.7111571431159973, 0.4596048891544342]]]

4
[[[-0.9096923470497131, -0.5881093740463257, 0.025501161813735962, 1.114446759223938, -0.5452290773391724, -0.58027184009552, -0.6257110834121704, -0.7897077202796936, 0.14262688159942627, 1.7233390808105469, 0.4209422767162323, -0.8525392413139343, 0.8951126337051392, -0.6999720335006714, 0.35404375195503235, -0.8038268089294434, -1.1597449779510498, 0.6696639060974121, 0.5349886417388916, -2.9448726177215576, 0.7895403504371643, 0.48137152194976807, -1.2110798358917236, 0.742127001285553, 0.7459132671356201, -1.6968289613723755, 0.9359875917434692, -1.4287939071655273, 0.3034856915473938, -0.5027514100074768, -0.5403081774711609, -2.02827787399292, 0.8031737804412842, 1.1248289346694946, 0.5702968239784241, -0.9208977818489075, 0.11921944469213486, 0.3533446788787842, -1.5544064044952393, -0.5320768356323242, 0.291544109582901, -1.9389758110046387, -1.2487049102783203, -0.5744236707687378, -0.9868596792221069, -0.030906686559319496, -0.4888952970504761, -1.0001693964004517, 0.7649648189544678, 1.5967329740524292, 0.29813218116760254, -1.537784457206726, -0.5117447972297668, 0.27320101857185364, -0.1260887235403061, 0.5633816719055176, 0.968063235282898, 1.0540263652801514, -1.11233651638031, 1.5074862241744995, 1.1678729057312012, 1.0487828254699707, 1.6424633264541626, 0.004802560433745384, -0.16603878140449524, -0.5286964178085327, 0.5119826197624207, 1.2000703811645508, 1.0839121341705322, 1.2699016332626343, 0.21787697076797485, -0.4776114523410797, 0.08118197321891785, 1.247298240661621, 1.4728480577468872, -0.4032436013221741, -0.28441503643989563, 0.4970178008079529, 2.246473789215088, 1.161065697669983, -0.4069867432117462, -1.0715835094451904, 0.8447523713111877, -0.30970048904418945, -0.2231142520904541, -0.879812479019165, 1.4753694534301758, 0.45972710847854614, -0.24725843966007233, -0.5745850205421448, 1.6495400667190552, 1.1039645671844482, 0.07967012375593185, -0.1417074203491211, -1.8258955478668213, 0.2877283990383148, 0.30477792024612427, 1.3639925718307495, 1.1054266691207886, -1.0072969198226929, 0.23773187398910522, -1.6932384967803955, -0.4061454236507416, -2.4967525005340576, -0.3942383825778961, 1.6222376823425293, 0.77025306224823, 0.6542245149612427, -1.5950126647949219, -0.6318035125732422, 0.6633227467536926, -0.7143498659133911, -0.3841472864151001, -1.4587786197662354, -1.1095004081726074, 0.5585045218467712, -1.201913595199585, -0.7226179242134094, 0.5093963742256165, -1.2099717855453491, 0.802872896194458, 0.7894260883331299, -0.3017804026603699, 0.8313577771186829, -0.2618863582611084, 1.517709493637085, 0.4490324556827545, 0.5000138878822327]]]

3
[[[-0.7300954461097717, -0.5061468482017517, 0.08279988169670105, 1.1286027431488037, -0.5801498889923096, -0.25558093190193176, -0.3943377733230591, -0.6825482249259949, 0.18318399786949158, 1.6525795459747314, 0.4152320623397827, -1.0321696996688843, 0.7341160774230957, -0.8093593716621399, 0.2163306474685669, -0.8441954851150513, -1.374090552330017, 1.0556608438491821, 0.21874898672103882, -2.969378709793091, 0.8482211232185364, 0.5089226961135864, -1.184180498123169, 0.9316892027854919, 0.6541888117790222, -1.622757077217102, 0.9237771034240723, -1.6042094230651855, -0.0221954807639122, -0.798870861530304, -0.783132016658783, -1.7526001930236816, 0.8553802967071533, 1.3034162521362305, 0.21386867761611938, -0.7289415001869202, 0.48241132497787476, 0.19918447732925415, -1.5177479982376099, -0.5023610591888428, 0.0793197751045227, -1.7420729398727417, -1.3358557224273682, -0.5454108715057373, -0.8293383717536926, -0.4244276285171509, -0.34612566232681274, -0.8890945315361023, 0.926467776298523, 1.39342200756073, 0.0944201871752739, -1.3125848770141602, -0.7655348777770996, 0.3508148193359375, -0.0788530483841896, 0.5734968781471252, 0.8002241253852844, 0.9146090745925903, -1.4594159126281738, 1.4839296340942383, 0.8732966780662537, 1.044024109840393, 1.5444118976593018, 0.2336951345205307, -0.1769239902496338, -0.3277350664138794, 0.2916400134563446, 0.8359715938568115, 1.2291406393051147, 1.3044993877410889, -0.05006611719727516, -0.345015287399292, -0.25524649024009705, 1.3630081415176392, 1.5062533617019653, -0.5207852125167847, -0.4029370844364166, 0.39375969767570496, 2.053481101989746, 1.0275200605392456, -0.34812819957733154, -0.8177818655967712, 0.8489081263542175, -0.2953726649284363, -0.40603095293045044, -1.1898895502090454, 1.4031625986099243, 1.0099432468414307, -0.08897031098604202, -0.3941200375556946, 1.9952888488769531, 1.0093934535980225, 0.1931956261396408, -0.037173010408878326, -2.1011486053466797, -0.36462345719337463, 0.6706860661506653, 1.4539425373077393, 1.0384328365325928, -0.3359837532043457, 0.2823200523853302, -1.7822009325027466, -0.8661778569221497, -2.4684102535247803, -0.32882851362228394, 1.5307706594467163, 0.7139430642127991, 0.9457365274429321, -1.3116967678070068, -0.7648882269859314, 0.488319993019104, -0.8346865177154541, -0.25970956683158875, -0.8481811881065369, -1.4731603860855103, 0.5012649893760681, -0.9733309149742126, -0.6912909746170044, 0.36068224906921387, -1.1624783277511597, 1.1335508823394775, 1.216927409172058, -0.5207937359809875, 0.958973228931427, -0.3720915615558624, 1.5210134983062744, 0.7267334461212158, 0.610709547996521]]]

3
[[[-0.7300954461097717, -0.5061468482017517, 0.08279988169670105, 1.1286027431488037, -0.5801498889923096, -0.25558093190193176, -0.3943377733230591, -0.6825482249259949, 0.18318399786949158, 1.6525795459747314, 0.4152320623397827, -1.0321696996688843, 0.7341160774230957, -0.8093593716621399, 0.2163306474685669, -0.8441954851150513, -1.374090552330017, 1.0556608438491821, 0.21874898672103882, -2.969378709793091, 0.8482211232185364, 0.5089226961135864, -1.184180498123169, 0.9316892027854919, 0.6541888117790222, -1.622757077217102, 0.9237771034240723, -1.6042094230651855, -0.0221954807639122, -0.798870861530304, -0.783132016658783, -1.7526001930236816, 0.8553802967071533, 1.3034162521362305, 0.21386867761611938, -0.7289415001869202, 0.48241132497787476, 0.19918447732925415, -1.5177479982376099, -0.5023610591888428, 0.0793197751045227, -1.7420729398727417, -1.3358557224273682, -0.5454108715057373, -0.8293383717536926, -0.4244276285171509, -0.34612566232681274, -0.8890945315361023, 0.926467776298523, 1.39342200756073, 0.0944201871752739, -1.3125848770141602, -0.7655348777770996, 0.3508148193359375, -0.0788530483841896, 0.5734968781471252, 0.8002241253852844, 0.9146090745925903, -1.4594159126281738, 1.4839296340942383, 0.8732966780662537, 1.044024109840393, 1.5444118976593018, 0.2336951345205307, -0.1769239902496338, -0.3277350664138794, 0.2916400134563446, 0.8359715938568115, 1.2291406393051147, 1.3044993877410889, -0.05006611719727516, -0.345015287399292, -0.25524649024009705, 1.3630081415176392, 1.5062533617019653, -0.5207852125167847, -0.4029370844364166, 0.39375969767570496, 2.053481101989746, 1.0275200605392456, -0.34812819957733154, -0.8177818655967712, 0.8489081263542175, -0.2953726649284363, -0.40603095293045044, -1.1898895502090454, 1.4031625986099243, 1.0099432468414307, -0.08897031098604202, -0.3941200375556946, 1.9952888488769531, 1.0093934535980225, 0.1931956261396408, -0.037173010408878326, -2.1011486053466797, -0.36462345719337463, 0.6706860661506653, 1.4539425373077393, 1.0384328365325928, -0.3359837532043457, 0.2823200523853302, -1.7822009325027466, -0.8661778569221497, -2.4684102535247803, -0.32882851362228394, 1.5307706594467163, 0.7139430642127991, 0.9457365274429321, -1.3116967678070068, -0.7648882269859314, 0.488319993019104, -0.8346865177154541, -0.25970956683158875, -0.8481811881065369, -1.4731603860855103, 0.5012649893760681, -0.9733309149742126, -0.6912909746170044, 0.36068224906921387, -1.1624783277511597, 1.1335508823394775, 1.216927409172058, -0.5207937359809875, 0.958973228931427, -0.3720915615558624, 1.5210134983062744, 0.7267334461212158, 0.610709547996521]]]

five
[[[-1.2386685609817505, -0.8980652689933777, 0.37996360659599304, 0.38405847549438477, -0.9595882892608643, 0.3834843933582306, -0.038665350526571274, -0.8447719216346741, 0.13936886191368103, 1.6867700815200806, 0.05263906344771385, -1.5209920406341553, 0.24345102906227112, -0.8996055126190186, -0.06258271634578705, -0.7848107218742371, -0.8602578639984131, 0.688302218914032, 0.2757984697818756, -2.422856092453003, 0.01018673088401556, 0.9779189229011536, -1.5592726469039917, 0.9520166516304016, 0.7213108539581299, -1.6490124464035034, 1.481790542602539, -1.0152759552001953, 0.5705580115318298, -0.5482943058013916, -0.7220553159713745, -1.4228516817092896, 0.34058812260627747, 1.3155869245529175, 0.8898457288742065, 0.23388032615184784, 0.18506766855716705, 0.28244367241859436, -1.158724069595337, 0.3419732451438904, 0.38980039954185486, -1.9276208877563477, -2.0857577323913574, -0.649113655090332, -0.34038469195365906, -0.554332971572876, -0.6380022168159485, -1.4616552591323853, 1.1655222177505493, 1.2810102701187134, -0.47183525562286377, -1.503631353378296, -0.9408083558082581, 0.2617430090904236, -0.10942130535840988, 0.4782368838787079, 0.907114565372467, 0.6729703545570374, -1.1791322231292725, 1.6630181074142456, 0.6298627257347107, 1.1408659219741821, 1.7803469896316528, 0.31084296107292175, -0.7542814016342163, -0.38003137707710266, 0.16814932227134705, 0.5877461433410645, 1.0455812215805054, 0.79432213306427, 0.37894681096076965, 0.07059630006551743, -0.35925519466400146, 0.9903774261474609, 1.6667191982269287, -0.0838620737195015, 0.13704784214496613, 0.8895732164382935, 1.8431572914123535, 1.3918672800064087, -0.6698040962219238, -0.8183334469795227, 1.0696783065795898, -0.16825973987579346, -1.1280217170715332, -0.8387740254402161, 1.654997706413269, 0.2882165312767029, 0.016892891377210617, -0.35667017102241516, 1.5456085205078125, 0.43748632073402405, 0.16808827221393585, -0.48181015253067017, -0.8920767307281494, -0.6827808022499084, 0.8050687313079834, 1.486133337020874, 0.96323561668396, -0.9483451247215271, -0.11356726288795471, -1.4217486381530762, -0.4937323331832886, -2.3502418994903564, -0.49936145544052124, 1.9896166324615479, 0.7471476793289185, 1.3060628175735474, -0.9421657919883728, -0.7661164402961731, 0.695774495601654, -0.45526108145713806, -0.21888260543346405, -1.8650702238082886, -1.7075973749160767, 0.3598933815956116, -1.54508376121521, -0.9539403915405273, 0.8644905090332031, -0.681910514831543, 1.202127456665039, 0.5669049620628357, 0.02070430852472782, 1.3224717378616333, -0.3378888964653015, 1.2205164432525635, 0.46277493238449097, 1.0066083669662476]]]

three
[[[-0.8894045948982239, -0.9314742684364319, 0.3722573220729828, 0.46921640634536743, -0.6516509056091309, 0.20653924345970154, -0.34101402759552, -0.9904017448425293, 0.48683658242225647, 1.7531301975250244, 0.15089552104473114, -1.5738605260849, 0.367186576128006, -1.0867102146148682, 0.5286290645599365, -0.8308879137039185, -0.7349233031272888, 0.918006420135498, 0.41024914383888245, -2.7213659286499023, 0.4104997217655182, 0.9006416201591492, -1.4178202152252197, 0.9106853604316711, 0.8108066320419312, -1.489485263824463, 1.310150384902954, -1.0295485258102417, 0.39685386419296265, -0.7734252214431763, -0.4981191158294678, -1.3940399885177612, 0.3908896744251251, 1.1562236547470093, 0.6902654767036438, 0.11487152427434921, 0.23643921315670013, 0.13892436027526855, -1.2313932180404663, -0.0298173688352108, 0.25575730204582214, -2.2621822357177734, -2.1795058250427246, -0.6009753942489624, 0.09932184964418411, -0.5993812680244446, -0.6124177575111389, -1.2203738689422607, 1.2621362209320068, 0.7364962100982666, -0.16806600987911224, -1.8462785482406616, -0.8590952157974243, 0.16226667165756226, -0.33385908603668213, 0.3719266355037689, 0.8819580078125, 0.7468979954719543, -1.125141978263855, 1.585710048675537, 0.6904499530792236, 1.0256962776184082, 1.5938903093338013, 0.34096330404281616, -0.535919189453125, -0.2860584855079651, 0.302001416683197, 0.5660573840141296, 1.2805386781692505, 0.6206862330436707, 0.2472359836101532, -0.21116693317890167, -0.16596271097660065, 0.7285592555999756, 1.8528650999069214, -0.2918584644794464, 0.3833298683166504, 0.9988809823989868, 1.9815101623535156, 1.5983115434646606, -0.6964659094810486, -1.009877324104309, 1.063439130783081, 0.04244294390082359, -0.5427698493003845, -0.7938984036445618, 1.6616779565811157, 0.3882562220096588, 0.08623664826154709, -0.39340612292289734, 1.4452528953552246, 0.37033313512802124, 0.09955812245607376, -0.26607605814933777, -1.095272421836853, -0.5877588391304016, 1.1011244058609009, 1.283997893333435, 1.1888995170593262, -1.1513774394989014, -0.03910159319639206, -1.4462262392044067, -0.7532137036323547, -2.4172322750091553, -0.6336203813552856, 1.6075751781463623, 0.6303871870040894, 1.129764437675476, -1.0039376020431519, -0.3979002833366394, 0.8521100878715515, -0.3044503629207611, -0.23842541873455048, -1.8730818033218384, -1.9738606214523315, 0.6409285664558411, -1.3730454444885254, -0.8944874405860901, 0.7395668029785156, -0.7886748313903809, 1.416335940361023, 0.5349676012992859, 0.06476685404777527, 0.8794414401054382, -0.46171095967292786, 0.8516662120819092, 0.4460550546646118, 1.0810266733169556]]]

7
[[[-0.46061158180236816, -0.39390280842781067, 0.2612908184528351, 1.4165185689926147, -0.331183522939682, -0.022261207923293114, -0.45035430788993835, -0.9845065474510193, 0.08621151000261307, 1.4919058084487915, 0.7315927147865295, -0.9562351107597351, 1.0496069192886353, -0.8548805713653564, -0.012150214985013008, -1.055526614189148, -1.2979966402053833, 1.2498594522476196, 0.038330450654029846, -2.717686653137207, 0.416745126247406, 0.44916242361068726, -0.869345486164093, 0.7579777240753174, 0.5284579992294312, -1.3070673942565918, 0.6738330125808716, -1.2591418027877808, -0.43148767948150635, -1.0611801147460938, -0.7342227101325989, -1.864169955253601, 0.6950097680091858, 0.9890512824058533, 0.47951921820640564, -1.117249608039856, 0.6814388632774353, 0.25133460760116577, -1.8386976718902588, -0.08473467081785202, -0.20118515193462372, -1.3416147232055664, -1.1765953302383423, -0.3434593081474304, -0.4718919098377228, -0.6242603659629822, -0.496457040309906, -0.6996645927429199, 0.8213657736778259, 1.6932811737060547, -0.20297358930110931, -1.3730599880218506, -0.48246151208877563, 0.633919358253479, 0.0983467549085617, 0.7699989080429077, 0.9039157629013062, 0.9690014719963074, -1.3205305337905884, 1.7892649173736572, 1.2246439456939697, 0.26959195733070374, 1.6342204809188843, 0.39043349027633667, -0.3934021294116974, -0.4774162769317627, 0.026060596108436584, 0.5602344870567322, 0.8341037631034851, 0.8851217031478882, 0.11227654665708542, -0.36194756627082825, -0.10909968614578247, 1.554111123085022, 1.0976580381393433, -0.571014940738678, -0.6322495341300964, 0.5681009888648987, 2.1670315265655518, 0.8870131969451904, -0.47323280572891235, -0.8427536487579346, 1.0049703121185303, -0.050982143729925156, -0.7334452867507935, -0.7961711883544922, 1.6080750226974487, 0.7672709822654724, -0.3893449306488037, -0.9332137107849121, 1.8300400972366333, 1.0691112279891968, 0.5870485901832581, 0.2786840796470642, -2.3402786254882812, -0.09936440736055374, 0.7162647247314453, 1.2017308473587036, 0.9929671287536621, -0.8650612831115723, -0.04065835475921631, -1.8427938222885132, -0.6775678992271423, -1.9721461534500122, -0.21279822289943695, 1.5484803915023804, 0.6452556848526001, 1.2302360534667969, -1.1605594158172607, -1.147061824798584, 0.7548524141311646, -0.35607215762138367, -0.0742175504565239, -1.3630425930023193, -1.2778089046478271, 0.6286212801933289, -1.0824469327926636, -0.28585588932037354, -0.24474847316741943, -1.4873580932617188, 1.087918996810913, 1.6208893060684204, -0.7164273262023926, 0.4246249794960022, -0.7291514277458191, 1.7981632947921753, 1.1290308237075806, 0.5166611671447754]]]

2
[[[-0.6233825087547302, -0.19616976380348206, 0.14726154506206512, 1.0783491134643555, -0.3991256058216095, -0.2768852710723877, -0.4549155533313751, -0.9225819706916809, 0.04764396697282791, 1.8978357315063477, 0.9787993431091309, -0.9712347388267517, 0.869979739189148, -0.9499816298484802, 0.32449474930763245, -0.9449047446250916, -1.5360381603240967, 1.046492099761963, 0.2693460285663605, -2.906620502471924, 0.8488900661468506, 0.06753900647163391, -1.5195859670639038, 1.158875584602356, 0.6739549040794373, -1.5778367519378662, 1.1216378211975098, -1.5605053901672363, -0.017572693526744843, -0.7819397449493408, -0.689930260181427, -1.4498138427734375, 0.806795060634613, 1.195650577545166, 0.17357465624809265, -0.8899028301239014, 0.4131026268005371, 0.10488397628068924, -1.4000173807144165, -0.6280402541160583, -0.05590930953621864, -1.8681831359863281, -1.1341516971588135, -0.373878538608551, -0.7972890138626099, -0.4276752471923828, -0.5446439385414124, -0.8937687277793884, 0.7386413216590881, 1.6017653942108154, -0.08778829872608185, -1.5142358541488647, -0.36398154497146606, 0.41665390133857727, -0.17598040401935577, 1.0050278902053833, 0.7504453659057617, 1.1046650409698486, -1.330859899520874, 1.648787260055542, 1.1676526069641113, 1.0636686086654663, 1.4694408178329468, 0.16403692960739136, -0.40247097611427307, -0.030685951933264732, 0.19094707071781158, 0.7664721608161926, 1.120805025100708, 1.2253044843673706, 0.09930652379989624, -0.26778462529182434, -0.04461295157670975, 1.2867063283920288, 1.1779775619506836, -0.7133655548095703, -0.6093656420707703, 0.4936975836753845, 1.6362619400024414, 0.8646883368492126, -0.32885825634002686, -1.2631897926330566, 0.9676182270050049, -0.3783315122127533, -0.2578486204147339, -0.8729313015937805, 1.2878389358520508, 0.807649552822113, -0.43839195370674133, -0.48432788252830505, 1.8015213012695312, 1.1079164743423462, 0.3854158818721771, 0.022518061101436615, -2.057659149169922, 0.04466570168733597, 0.5464662909507751, 1.3924366235733032, 1.066253662109375, -0.7333442568778992, 0.16794416308403015, -1.61514413356781, -0.43751102685928345, -2.5219380855560303, -0.37221717834472656, 1.7563605308532715, 0.6935590505599976, 0.6984882950782776, -1.0365023612976074, -0.44977617263793945, 0.027194976806640625, -0.5163465142250061, -0.07223383337259293, -1.035597801208496, -1.3452948331832886, 0.25766637921333313, -1.3857710361480713, -0.4139156639575958, 0.11545257270336151, -1.2035990953445435, 1.0153170824050903, 1.441232681274414, -0.7991959452629089, 0.781636655330658, -0.5032966136932373, 1.8222990036010742, 0.589122474193573, 0.8422051072120667]]]

three
[[[-0.8894045948982239, -0.9314742684364319, 0.3722573220729828, 0.46921640634536743, -0.6516509056091309, 0.20653924345970154, -0.34101402759552, -0.9904017448425293, 0.48683658242225647, 1.7531301975250244, 0.15089552104473114, -1.5738605260849, 0.367186576128006, -1.0867102146148682, 0.5286290645599365, -0.8308879137039185, -0.7349233031272888, 0.918006420135498, 0.41024914383888245, -2.7213659286499023, 0.4104997217655182, 0.9006416201591492, -1.4178202152252197, 0.9106853604316711, 0.8108066320419312, -1.489485263824463, 1.310150384902954, -1.0295485258102417, 0.39685386419296265, -0.7734252214431763, -0.4981191158294678, -1.3940399885177612, 0.3908896744251251, 1.1562236547470093, 0.6902654767036438, 0.11487152427434921, 0.23643921315670013, 0.13892436027526855, -1.2313932180404663, -0.0298173688352108, 0.25575730204582214, -2.2621822357177734, -2.1795058250427246, -0.6009753942489624, 0.09932184964418411, -0.5993812680244446, -0.6124177575111389, -1.2203738689422607, 1.2621362209320068, 0.7364962100982666, -0.16806600987911224, -1.8462785482406616, -0.8590952157974243, 0.16226667165756226, -0.33385908603668213, 0.3719266355037689, 0.8819580078125, 0.7468979954719543, -1.125141978263855, 1.585710048675537, 0.6904499530792236, 1.0256962776184082, 1.5938903093338013, 0.34096330404281616, -0.535919189453125, -0.2860584855079651, 0.302001416683197, 0.5660573840141296, 1.2805386781692505, 0.6206862330436707, 0.2472359836101532, -0.21116693317890167, -0.16596271097660065, 0.7285592555999756, 1.8528650999069214, -0.2918584644794464, 0.3833298683166504, 0.9988809823989868, 1.9815101623535156, 1.5983115434646606, -0.6964659094810486, -1.009877324104309, 1.063439130783081, 0.04244294390082359, -0.5427698493003845, -0.7938984036445618, 1.6616779565811157, 0.3882562220096588, 0.08623664826154709, -0.39340612292289734, 1.4452528953552246, 0.37033313512802124, 0.09955812245607376, -0.26607605814933777, -1.095272421836853, -0.5877588391304016, 1.1011244058609009, 1.283997893333435, 1.1888995170593262, -1.1513774394989014, -0.03910159319639206, -1.4462262392044067, -0.7532137036323547, -2.4172322750091553, -0.6336203813552856, 1.6075751781463623, 0.6303871870040894, 1.129764437675476, -1.0039376020431519, -0.3979002833366394, 0.8521100878715515, -0.3044503629207611, -0.23842541873455048, -1.8730818033218384, -1.9738606214523315, 0.6409285664558411, -1.3730454444885254, -0.8944874405860901, 0.7395668029785156, -0.7886748313903809, 1.416335940361023, 0.5349676012992859, 0.06476685404777527, 0.8794414401054382, -0.46171095967292786, 0.8516662120819092, 0.4460550546646118, 1.0810266733169556]]]

3
[[[-0.7300954461097717, -0.5061468482017517, 0.08279988169670105, 1.1286027431488037, -0.5801498889923096, -0.25558093190193176, -0.3943377733230591, -0.6825482249259949, 0.18318399786949158, 1.6525795459747314, 0.4152320623397827, -1.0321696996688843, 0.7341160774230957, -0.8093593716621399, 0.2163306474685669, -0.8441954851150513, -1.374090552330017, 1.0556608438491821, 0.21874898672103882, -2.969378709793091, 0.8482211232185364, 0.5089226961135864, -1.184180498123169, 0.9316892027854919, 0.6541888117790222, -1.622757077217102, 0.9237771034240723, -1.6042094230651855, -0.0221954807639122, -0.798870861530304, -0.783132016658783, -1.7526001930236816, 0.8553802967071533, 1.3034162521362305, 0.21386867761611938, -0.7289415001869202, 0.48241132497787476, 0.19918447732925415, -1.5177479982376099, -0.5023610591888428, 0.0793197751045227, -1.7420729398727417, -1.3358557224273682, -0.5454108715057373, -0.8293383717536926, -0.4244276285171509, -0.34612566232681274, -0.8890945315361023, 0.926467776298523, 1.39342200756073, 0.0944201871752739, -1.3125848770141602, -0.7655348777770996, 0.3508148193359375, -0.0788530483841896, 0.5734968781471252, 0.8002241253852844, 0.9146090745925903, -1.4594159126281738, 1.4839296340942383, 0.8732966780662537, 1.044024109840393, 1.5444118976593018, 0.2336951345205307, -0.1769239902496338, -0.3277350664138794, 0.2916400134563446, 0.8359715938568115, 1.2291406393051147, 1.3044993877410889, -0.05006611719727516, -0.345015287399292, -0.25524649024009705, 1.3630081415176392, 1.5062533617019653, -0.5207852125167847, -0.4029370844364166, 0.39375969767570496, 2.053481101989746, 1.0275200605392456, -0.34812819957733154, -0.8177818655967712, 0.8489081263542175, -0.2953726649284363, -0.40603095293045044, -1.1898895502090454, 1.4031625986099243, 1.0099432468414307, -0.08897031098604202, -0.3941200375556946, 1.9952888488769531, 1.0093934535980225, 0.1931956261396408, -0.037173010408878326, -2.1011486053466797, -0.36462345719337463, 0.6706860661506653, 1.4539425373077393, 1.0384328365325928, -0.3359837532043457, 0.2823200523853302, -1.7822009325027466, -0.8661778569221497, -2.4684102535247803, -0.32882851362228394, 1.5307706594467163, 0.7139430642127991, 0.9457365274429321, -1.3116967678070068, -0.7648882269859314, 0.488319993019104, -0.8346865177154541, -0.25970956683158875, -0.8481811881065369, -1.4731603860855103, 0.5012649893760681, -0.9733309149742126, -0.6912909746170044, 0.36068224906921387, -1.1624783277511597, 1.1335508823394775, 1.216927409172058, -0.5207937359809875, 0.958973228931427, -0.3720915615558624, 1.5210134983062744, 0.7267334461212158, 0.610709547996521]]]

rod
[[[-1.1195775270462036, -1.0077096223831177, -0.4639652669429779, 1.3076255321502686, -1.3496840000152588, 0.013039089739322662, -0.8506077527999878, -0.6477019190788269, -0.09967239201068878, 1.3252861499786377, -0.016573742032051086, -1.6280717849731445, 0.665015459060669, -0.0030845196451991796, -0.009524168446660042, -0.9078344702720642, -1.0955232381820679, 0.6314825415611267, -0.3888408839702606, -2.743281126022339, 0.3606777787208557, 0.2510654926300049, -1.2733941078186035, 0.8103846907615662, 0.6693763136863708, -1.2330704927444458, 1.0099631547927856, -0.9443981051445007, 0.404288113117218, -0.9626260995864868, -0.774027943611145, -1.7385669946670532, 0.7998283505439758, 1.2711735963821411, 0.5520322322845459, -0.2755865156650543, 0.413860946893692, 0.3648824691772461, -0.9875151515007019, -0.30462831258773804, 0.10487233102321625, -1.4553653001785278, -1.2227654457092285, -0.8990353345870972, -0.5534931421279907, -0.9702199697494507, 0.010161533951759338, -1.1604516506195068, 0.28967973589897156, 1.1804416179656982, -0.3175221085548401, -1.3087425231933594, -0.7233125567436218, 0.19073255360126495, 0.388835072517395, 0.4234120845794678, 0.7805615663528442, 1.217814564704895, -2.0190839767456055, 1.5608943700790405, 0.4007079005241394, 1.1017837524414062, 0.8300607204437256, 0.3662240207195282, 0.4922572374343872, 0.47421813011169434, 0.4344961941242218, 0.7179496884346008, 1.1215238571166992, 1.4791897535324097, -0.3987477421760559, 0.016827357932925224, -1.1721388101577759, 0.8173092007637024, 1.9046990871429443, -0.30982571840286255, -0.26853007078170776, 0.4292512536048889, 1.9667235612869263, 1.3325297832489014, -0.8908935189247131, -0.5001953840255737, 0.9611231684684753, -0.32502204179763794, -0.8166393041610718, -0.9390547871589661, 1.068627119064331, 0.8553304672241211, -0.11109630763530731, -0.3958330452442169, 2.3045969009399414, 0.9958696961402893, 0.03613801673054695, -0.502744197845459, -1.5712882280349731, -0.6410197615623474, 0.9120676517486572, 1.827930212020874, 0.6774376034736633, -0.5650264620780945, 0.21521444618701935, -1.1265363693237305, -1.3051648139953613, -1.591504693031311, -0.2835977375507355, 1.560004711151123, 1.0143661499023438, 1.7135331630706787, -1.5457583665847778, -0.9503686428070068, 1.5352519750595093, -0.9440382122993469, 0.5099198818206787, -0.775532603263855, -0.8747773170471191, 1.0580863952636719, -1.150921106338501, -1.1090693473815918, 0.5810694694519043, -1.2628254890441895, 1.779483437538147, 0.7899099588394165, 0.2205364853143692, 0.5737854838371277, -0.6128132343292236, 1.071821689605713, 0.7157899141311646, 0.5353868007659912]]]

rooster
[[[0.003318161703646183, -1.656856656074524, -0.23157931864261627, 1.5279312133789062, 0.25955235958099365, -0.15257708728313446, -1.0220204591751099, -0.9002957344055176, 0.46582189202308655, 0.8184978365898132, -0.8982611894607544, -1.2812787294387817, -0.12444217503070831, -1.132375717163086, 0.06411435455083847, -0.28475436568260193, -1.2377263307571411, 1.3818025588989258, -0.30341920256614685, -1.0533171892166138, -1.0374077558517456, -1.027144432067871, -0.22543297708034515, 1.18285071849823, -0.38617798686027527, 0.20768976211547852, 0.6333919167518616, -0.7421660423278809, 0.08038405328989029, 0.122927725315094, -0.4948754608631134, -2.2246310710906982, 0.666454553604126, -0.0728197917342186, 0.7584750652313232, -0.37837305665016174, -0.23349642753601074, 0.2535250782966614, -0.09087610244750977, 0.08871983736753464, 0.8646235466003418, -1.693764567375183, -0.17209863662719727, -0.7849770784378052, -0.611396849155426, 0.06950059533119202, -0.053524449467659, -1.7089117765426636, -0.11719571799039841, 0.7233282923698425, -0.47007638216018677, -0.09146551042795181, 0.754682719707489, -0.12364444136619568, 0.7717751860618591, 0.4816966950893402, 1.4361565113067627, 0.7650055885314941, -2.093169689178467, 1.2074075937271118, 1.9133082628250122, 0.7091349363327026, 1.129387378692627, -0.18683579564094543, 0.2211952805519104, -0.2526112198829651, -0.6846047639846802, 1.0340372323989868, 2.295722484588623, -0.3206089735031128, -0.6329902410507202, -0.7967574596405029, -1.174026608467102, 1.7320491075515747, 1.2387139797210693, 0.4171849191188812, 0.597072184085846, 1.280896782875061, 1.7949039936065674, 1.1595391035079956, 0.41051697731018066, 0.506318211555481, 0.9983590841293335, 0.8186354041099548, -1.1897151470184326, -0.4804128408432007, 0.9468582272529602, 0.795403003692627, 0.6339327096939087, -1.9023619890213013, -0.08599062263965607, 0.9847063422203064, 0.38205859065055847, 0.636893093585968, -1.5374528169631958, 0.3998122215270996, 1.2981092929840088, 1.1503164768218994, 0.4274017810821533, -0.6069402694702148, 0.15199236571788788, -2.064085006713867, 0.07621736079454422, -0.14321720600128174, -0.8919781446456909, 1.533159852027893, 1.7447110414505005, 1.34806489944458, -1.79957914352417, -0.5040919780731201, 0.3015434443950653, 0.9427287578582764, -1.9343385696411133, -2.0008456707000732, -0.0850592851638794, -0.054800692945718765, -1.9740411043167114, 0.41851383447647095, -0.3179835081100464, -1.1053475141525269, 1.983143925666809, -0.8616399168968201, -0.6037024855613708, 0.962184488773346, -1.4776631593704224, 0.19881942868232727, 0.4393354654312134, -0.8203012347221375]]]

tiger
[[[-1.2156487703323364, -1.3233941793441772, 0.9431018233299255, 0.8759720325469971, -0.041061028838157654, 0.012240419164299965, -0.5349812507629395, -1.0012035369873047, -0.105021171271801, 0.5030829310417175, -0.13702332973480225, -1.8293352127075195, 0.08284208178520203, -1.568425178527832, 1.2522507905960083, -1.1852072477340698, -1.248509407043457, 1.4435193538665771, 0.2729799449443817, -1.857149600982666, 0.8474330902099609, 0.5527603030204773, -0.518263578414917, 0.3334519565105438, 0.6971399784088135, -1.2900943756103516, 0.6498915553092957, -1.4581377506256104, -0.5079383254051208, -0.8069127798080444, -0.7359776496887207, -1.3128303289413452, -0.008894843980669975, 0.9747032523155212, 0.6620066165924072, 0.00044407861423678696, -0.4015551805496216, 0.5791411399841309, -0.518705427646637, 0.25252416729927063, -0.03553728759288788, -0.9370349049568176, -0.6659461855888367, -0.18654625117778778, -0.5908044576644897, -0.8630438446998596, 0.028719132766127586, -1.3328977823257446, 0.4233621060848236, 1.2016780376434326, -0.8279173970222473, -2.1413137912750244, -0.10789841413497925, -0.4397195279598236, 0.3708813190460205, 0.20602278411388397, 0.9022625088691711, 1.171473503112793, -0.5222588777542114, 0.8367993235588074, 1.131174921989441, 0.7241447567939758, 1.8572169542312622, 0.07131800800561905, -0.3852728009223938, -1.2625406980514526, -0.26995354890823364, 0.9237381815910339, 0.5946204662322998, 0.5937099456787109, 0.403534471988678, 0.4993210434913635, 0.09554372727870941, 1.3951873779296875, 1.9156783819198608, -0.3276013433933258, 0.9469354748725891, 0.14240272343158722, 2.258253574371338, 1.6527873277664185, -1.0576481819152832, -0.9171037077903748, 0.8915129899978638, -0.2949146628379822, -0.739555299282074, -0.005430903751403093, 0.8389610648155212, 0.06512610614299774, -0.351996511220932, -0.6094934344291687, 1.1908066272735596, 1.9838577508926392, 0.9786532521247864, 0.6919401288032532, -1.2994295358657837, -0.17736133933067322, 1.3964550495147705, 1.540705919265747, 0.7033200263977051, -0.43234744668006897, 0.5230672955513, -1.1829662322998047, -0.4362759590148926, -0.9620220065116882, -1.1309300661087036, 2.4351139068603516, 1.8872849941253662, 1.2621091604232788, -1.5358320474624634, 0.32532981038093567, -0.5111019015312195, -0.46312421560287476, -0.8247508406639099, -1.9938346147537231, -1.330695629119873, 0.023211365565657616, -1.4673717021942139, -0.7622113227844238, -0.20682276785373688, -2.1682708263397217, 1.6116565465927124, 0.33418452739715576, -0.0053884186781942844, 0.6842226982116699, -0.652547299861908, 1.3173459768295288, 0.5007649064064026, -0.4458956718444824]]]

rat
[[[-1.1413476467132568, -1.2226852178573608, -0.6110221147537231, 1.5774593353271484, -0.8205781579017639, -0.2262365072965622, -0.8547580242156982, -0.5164703726768494, -0.07501069456338882, 1.1678634881973267, 0.2936221957206726, -1.406675100326538, 0.9517418742179871, -0.7062886357307434, 0.08271897584199905, -0.8401179313659668, -0.8886594772338867, 0.9981841444969177, -0.10075518488883972, -2.4464077949523926, 0.3930898606777191, 0.641557514667511, -1.2109785079956055, 0.3841465413570404, 0.5927382111549377, -1.1963684558868408, 0.9133950471878052, -0.46398067474365234, 0.37605538964271545, -1.2478828430175781, -0.942507803440094, -1.479259729385376, 1.519690990447998, 1.134142518043518, 0.553605318069458, -0.5521371364593506, 0.04170118644833565, 0.46915045380592346, -1.0772500038146973, -0.3806406259536743, -0.18366676568984985, -1.6115106344223022, -1.269637107849121, -0.6882209777832031, -0.6387561559677124, -1.080346941947937, -0.21307004988193512, -1.0227444171905518, 0.9867031574249268, 0.7280178666114807, -0.4040651321411133, -1.8319470882415771, -0.3205154240131378, -0.5383538007736206, 0.2768380045890808, 0.48319920897483826, 1.0909780263900757, 1.0081062316894531, -1.6594778299331665, 1.7932499647140503, 0.3565000593662262, 1.000856876373291, 1.5690847635269165, 0.1688440442085266, 0.2660558819770813, 0.6957875490188599, 0.8711560964584351, 0.9979091882705688, 1.269215703010559, 1.4388930797576904, -0.26399677991867065, -0.14194950461387634, -0.39041173458099365, 0.5954552292823792, 1.8675525188446045, -0.3839654326438904, -0.5307642817497253, 0.4689229726791382, 2.190997362136841, 0.9023603796958923, -0.6730844378471375, -0.4699360430240631, 1.1526565551757812, -0.26172077655792236, -0.5717723369598389, -1.6719303131103516, 1.2023088932037354, 0.9507393836975098, 0.0193706713616848, -0.5658916234970093, 1.8964694738388062, 1.3277498483657837, 0.07091111689805984, -0.3325938582420349, -1.8796049356460571, 0.24386107921600342, 1.0259788036346436, 1.6355009078979492, 0.6027534008026123, -0.7925358414649963, 0.4337366819381714, -1.384014368057251, -1.2427983283996582, -1.8410418033599854, -0.5593173503875732, 1.948498010635376, 0.9828460812568665, 0.7148323059082031, -1.2402420043945312, -0.8008819222450256, 0.7902048230171204, -0.9158505201339722, 0.19427871704101562, -0.9868395328521729, -1.2110055685043335, 0.6642783880233765, -1.1979362964630127, -1.1184161901474, 0.9825642108917236, -1.0685003995895386, 1.2244541645050049, 0.5191201567649841, 0.1413325071334839, 1.0130808353424072, -0.6536145210266113, 0.9301199316978455, 0.702189564704895, 0.5335652232170105]]]

rooster
[[[0.003318161703646183, -1.656856656074524, -0.23157931864261627, 1.5279312133789062, 0.25955235958099365, -0.15257708728313446, -1.0220204591751099, -0.9002957344055176, 0.46582189202308655, 0.8184978365898132, -0.8982611894607544, -1.2812787294387817, -0.12444217503070831, -1.132375717163086, 0.06411435455083847, -0.28475436568260193, -1.2377263307571411, 1.3818025588989258, -0.30341920256614685, -1.0533171892166138, -1.0374077558517456, -1.027144432067871, -0.22543297708034515, 1.18285071849823, -0.38617798686027527, 0.20768976211547852, 0.6333919167518616, -0.7421660423278809, 0.08038405328989029, 0.122927725315094, -0.4948754608631134, -2.2246310710906982, 0.666454553604126, -0.0728197917342186, 0.7584750652313232, -0.37837305665016174, -0.23349642753601074, 0.2535250782966614, -0.09087610244750977, 0.08871983736753464, 0.8646235466003418, -1.693764567375183, -0.17209863662719727, -0.7849770784378052, -0.611396849155426, 0.06950059533119202, -0.053524449467659, -1.7089117765426636, -0.11719571799039841, 0.7233282923698425, -0.47007638216018677, -0.09146551042795181, 0.754682719707489, -0.12364444136619568, 0.7717751860618591, 0.4816966950893402, 1.4361565113067627, 0.7650055885314941, -2.093169689178467, 1.2074075937271118, 1.9133082628250122, 0.7091349363327026, 1.129387378692627, -0.18683579564094543, 0.2211952805519104, -0.2526112198829651, -0.6846047639846802, 1.0340372323989868, 2.295722484588623, -0.3206089735031128, -0.6329902410507202, -0.7967574596405029, -1.174026608467102, 1.7320491075515747, 1.2387139797210693, 0.4171849191188812, 0.597072184085846, 1.280896782875061, 1.7949039936065674, 1.1595391035079956, 0.41051697731018066, 0.506318211555481, 0.9983590841293335, 0.8186354041099548, -1.1897151470184326, -0.4804128408432007, 0.9468582272529602, 0.795403003692627, 0.6339327096939087, -1.9023619890213013, -0.08599062263965607, 0.9847063422203064, 0.38205859065055847, 0.636893093585968, -1.5374528169631958, 0.3998122215270996, 1.2981092929840088, 1.1503164768218994, 0.4274017810821533, -0.6069402694702148, 0.15199236571788788, -2.064085006713867, 0.07621736079454422, -0.14321720600128174, -0.8919781446456909, 1.533159852027893, 1.7447110414505005, 1.34806489944458, -1.79957914352417, -0.5040919780731201, 0.3015434443950653, 0.9427287578582764, -1.9343385696411133, -2.0008456707000732, -0.0850592851638794, -0.054800692945718765, -1.9740411043167114, 0.41851383447647095, -0.3179835081100464, -1.1053475141525269, 1.983143925666809, -0.8616399168968201, -0.6037024855613708, 0.962184488773346, -1.4776631593704224, 0.19881942868232727, 0.4393354654312134, -0.8203012347221375]]]

rat
[[[-1.1413476467132568, -1.2226852178573608, -0.6110221147537231, 1.5774593353271484, -0.8205781579017639, -0.2262365072965622, -0.8547580242156982, -0.5164703726768494, -0.07501069456338882, 1.1678634881973267, 0.2936221957206726, -1.406675100326538, 0.9517418742179871, -0.7062886357307434, 0.08271897584199905, -0.8401179313659668, -0.8886594772338867, 0.9981841444969177, -0.10075518488883972, -2.4464077949523926, 0.3930898606777191, 0.641557514667511, -1.2109785079956055, 0.3841465413570404, 0.5927382111549377, -1.1963684558868408, 0.9133950471878052, -0.46398067474365234, 0.37605538964271545, -1.2478828430175781, -0.942507803440094, -1.479259729385376, 1.519690990447998, 1.134142518043518, 0.553605318069458, -0.5521371364593506, 0.04170118644833565, 0.46915045380592346, -1.0772500038146973, -0.3806406259536743, -0.18366676568984985, -1.6115106344223022, -1.269637107849121, -0.6882209777832031, -0.6387561559677124, -1.080346941947937, -0.21307004988193512, -1.0227444171905518, 0.9867031574249268, 0.7280178666114807, -0.4040651321411133, -1.8319470882415771, -0.3205154240131378, -0.5383538007736206, 0.2768380045890808, 0.48319920897483826, 1.0909780263900757, 1.0081062316894531, -1.6594778299331665, 1.7932499647140503, 0.3565000593662262, 1.000856876373291, 1.5690847635269165, 0.1688440442085266, 0.2660558819770813, 0.6957875490188599, 0.8711560964584351, 0.9979091882705688, 1.269215703010559, 1.4388930797576904, -0.26399677991867065, -0.14194950461387634, -0.39041173458099365, 0.5954552292823792, 1.8675525188446045, -0.3839654326438904, -0.5307642817497253, 0.4689229726791382, 2.190997362136841, 0.9023603796958923, -0.6730844378471375, -0.4699360430240631, 1.1526565551757812, -0.26172077655792236, -0.5717723369598389, -1.6719303131103516, 1.2023088932037354, 0.9507393836975098, 0.0193706713616848, -0.5658916234970093, 1.8964694738388062, 1.3277498483657837, 0.07091111689805984, -0.3325938582420349, -1.8796049356460571, 0.24386107921600342, 1.0259788036346436, 1.6355009078979492, 0.6027534008026123, -0.7925358414649963, 0.4337366819381714, -1.384014368057251, -1.2427983283996582, -1.8410418033599854, -0.5593173503875732, 1.948498010635376, 0.9828460812568665, 0.7148323059082031, -1.2402420043945312, -0.8008819222450256, 0.7902048230171204, -0.9158505201339722, 0.19427871704101562, -0.9868395328521729, -1.2110055685043335, 0.6642783880233765, -1.1979362964630127, -1.1184161901474, 0.9825642108917236, -1.0685003995895386, 1.2244541645050049, 0.5191201567649841, 0.1413325071334839, 1.0130808353424072, -0.6536145210266113, 0.9301199316978455, 0.702189564704895, 0.5335652232170105]]]

monkey
[[[-0.9274140000343323, -0.6858834624290466, -0.258002907037735, 1.5622097253799438, -1.0370457172393799, -0.11833789944648743, -0.6712624430656433, -0.5310558676719666, -0.1491304486989975, 1.6780003309249878, 0.09356708079576492, -1.756980061531067, 0.7358623743057251, -0.8615487217903137, 0.14544232189655304, -1.1757502555847168, -1.0768301486968994, 0.6488798260688782, -0.7813776135444641, -2.497281312942505, 0.08429495245218277, 0.7433775663375854, -1.4360359907150269, 0.6138305068016052, 0.545104444026947, -0.9964510798454285, 0.8683382868766785, -0.8750498294830322, 0.00783877819776535, -1.0669398307800293, -0.5220618844032288, -1.5100690126419067, 0.8604118227958679, 1.7546148300170898, 0.4793859124183655, -0.16274423897266388, 0.17581211030483246, 0.5181901454925537, -0.837432324886322, -0.115519680082798, 0.14038315415382385, -2.005648136138916, -1.9109326601028442, -0.7260645627975464, -0.1892869472503662, -1.1800583600997925, -0.238343745470047, -0.7008073329925537, 1.2008380889892578, 1.175051212310791, -0.758317232131958, -1.7176967859268188, -0.7392451763153076, -0.008997974917292595, 0.10180623084306717, 1.0885515213012695, 0.8690293431282043, 1.0979764461517334, -1.4440447092056274, 1.733169674873352, 0.6502514481544495, 0.8090440034866333, 1.2281392812728882, -0.007112465333193541, 0.3142196834087372, 0.32912924885749817, 0.7966784238815308, 1.2109607458114624, 0.8710868954658508, 1.0940998792648315, 0.34698283672332764, -0.23117242753505707, -0.6211080551147461, 1.3421893119812012, 1.9620023965835571, -0.18467941880226135, -0.24917937815189362, 0.6176448464393616, 1.5880192518234253, 0.929737389087677, -0.7521756887435913, -0.7899744510650635, 1.0907100439071655, 0.02945217490196228, -0.4022890329360962, -0.655227541923523, 0.9644684195518494, 0.43926802277565, -0.23689761757850647, -0.28962987661361694, 1.7190734148025513, 0.8668311238288879, 0.6557087302207947, -0.13433152437210083, -1.0967735052108765, -0.18941913545131683, 1.2795233726501465, 1.5936307907104492, 0.7066633105278015, -1.1059422492980957, 0.23674894869327545, -1.1744649410247803, -0.9652343988418579, -1.635442852973938, -1.1692345142364502, 2.4728147983551025, 0.39686286449432373, 1.2832732200622559, -1.4397461414337158, -0.33467695116996765, 0.9455372095108032, -1.0403976440429688, 0.3098503053188324, -1.6668813228607178, -1.4628033638000488, 0.4440271854400635, -1.23154878616333, -1.1151025295257568, 0.7928963899612427, -1.419319748878479, 1.1748270988464355, 0.7470902800559998, 0.03677617013454437, 0.5604714155197144, -0.47022756934165955, 0.7729570269584656, 0.594649076461792, 0.6143794655799866]]]

rooster
[[[0.003318161703646183, -1.656856656074524, -0.23157931864261627, 1.5279312133789062, 0.25955235958099365, -0.15257708728313446, -1.0220204591751099, -0.9002957344055176, 0.46582189202308655, 0.8184978365898132, -0.8982611894607544, -1.2812787294387817, -0.12444217503070831, -1.132375717163086, 0.06411435455083847, -0.28475436568260193, -1.2377263307571411, 1.3818025588989258, -0.30341920256614685, -1.0533171892166138, -1.0374077558517456, -1.027144432067871, -0.22543297708034515, 1.18285071849823, -0.38617798686027527, 0.20768976211547852, 0.6333919167518616, -0.7421660423278809, 0.08038405328989029, 0.122927725315094, -0.4948754608631134, -2.2246310710906982, 0.666454553604126, -0.0728197917342186, 0.7584750652313232, -0.37837305665016174, -0.23349642753601074, 0.2535250782966614, -0.09087610244750977, 0.08871983736753464, 0.8646235466003418, -1.693764567375183, -0.17209863662719727, -0.7849770784378052, -0.611396849155426, 0.06950059533119202, -0.053524449467659, -1.7089117765426636, -0.11719571799039841, 0.7233282923698425, -0.47007638216018677, -0.09146551042795181, 0.754682719707489, -0.12364444136619568, 0.7717751860618591, 0.4816966950893402, 1.4361565113067627, 0.7650055885314941, -2.093169689178467, 1.2074075937271118, 1.9133082628250122, 0.7091349363327026, 1.129387378692627, -0.18683579564094543, 0.2211952805519104, -0.2526112198829651, -0.6846047639846802, 1.0340372323989868, 2.295722484588623, -0.3206089735031128, -0.6329902410507202, -0.7967574596405029, -1.174026608467102, 1.7320491075515747, 1.2387139797210693, 0.4171849191188812, 0.597072184085846, 1.280896782875061, 1.7949039936065674, 1.1595391035079956, 0.41051697731018066, 0.506318211555481, 0.9983590841293335, 0.8186354041099548, -1.1897151470184326, -0.4804128408432007, 0.9468582272529602, 0.795403003692627, 0.6339327096939087, -1.9023619890213013, -0.08599062263965607, 0.9847063422203064, 0.38205859065055847, 0.636893093585968, -1.5374528169631958, 0.3998122215270996, 1.2981092929840088, 1.1503164768218994, 0.4274017810821533, -0.6069402694702148, 0.15199236571788788, -2.064085006713867, 0.07621736079454422, -0.14321720600128174, -0.8919781446456909, 1.533159852027893, 1.7447110414505005, 1.34806489944458, -1.79957914352417, -0.5040919780731201, 0.3015434443950653, 0.9427287578582764, -1.9343385696411133, -2.0008456707000732, -0.0850592851638794, -0.054800692945718765, -1.9740411043167114, 0.41851383447647095, -0.3179835081100464, -1.1053475141525269, 1.983143925666809, -0.8616399168968201, -0.6037024855613708, 0.962184488773346, -1.4776631593704224, 0.19881942868232727, 0.4393354654312134, -0.8203012347221375]]]

rooster
[[[0.003318161703646183, -1.656856656074524, -0.23157931864261627, 1.5279312133789062, 0.25955235958099365, -0.15257708728313446, -1.0220204591751099, -0.9002957344055176, 0.46582189202308655, 0.8184978365898132, -0.8982611894607544, -1.2812787294387817, -0.12444217503070831, -1.132375717163086, 0.06411435455083847, -0.28475436568260193, -1.2377263307571411, 1.3818025588989258, -0.30341920256614685, -1.0533171892166138, -1.0374077558517456, -1.027144432067871, -0.22543297708034515, 1.18285071849823, -0.38617798686027527, 0.20768976211547852, 0.6333919167518616, -0.7421660423278809, 0.08038405328989029, 0.122927725315094, -0.4948754608631134, -2.2246310710906982, 0.666454553604126, -0.0728197917342186, 0.7584750652313232, -0.37837305665016174, -0.23349642753601074, 0.2535250782966614, -0.09087610244750977, 0.08871983736753464, 0.8646235466003418, -1.693764567375183, -0.17209863662719727, -0.7849770784378052, -0.611396849155426, 0.06950059533119202, -0.053524449467659, -1.7089117765426636, -0.11719571799039841, 0.7233282923698425, -0.47007638216018677, -0.09146551042795181, 0.754682719707489, -0.12364444136619568, 0.7717751860618591, 0.4816966950893402, 1.4361565113067627, 0.7650055885314941, -2.093169689178467, 1.2074075937271118, 1.9133082628250122, 0.7091349363327026, 1.129387378692627, -0.18683579564094543, 0.2211952805519104, -0.2526112198829651, -0.6846047639846802, 1.0340372323989868, 2.295722484588623, -0.3206089735031128, -0.6329902410507202, -0.7967574596405029, -1.174026608467102, 1.7320491075515747, 1.2387139797210693, 0.4171849191188812, 0.597072184085846, 1.280896782875061, 1.7949039936065674, 1.1595391035079956, 0.41051697731018066, 0.506318211555481, 0.9983590841293335, 0.8186354041099548, -1.1897151470184326, -0.4804128408432007, 0.9468582272529602, 0.795403003692627, 0.6339327096939087, -1.9023619890213013, -0.08599062263965607, 0.9847063422203064, 0.38205859065055847, 0.636893093585968, -1.5374528169631958, 0.3998122215270996, 1.2981092929840088, 1.1503164768218994, 0.4274017810821533, -0.6069402694702148, 0.15199236571788788, -2.064085006713867, 0.07621736079454422, -0.14321720600128174, -0.8919781446456909, 1.533159852027893, 1.7447110414505005, 1.34806489944458, -1.79957914352417, -0.5040919780731201, 0.3015434443950653, 0.9427287578582764, -1.9343385696411133, -2.0008456707000732, -0.0850592851638794, -0.054800692945718765, -1.9740411043167114, 0.41851383447647095, -0.3179835081100464, -1.1053475141525269, 1.983143925666809, -0.8616399168968201, -0.6037024855613708, 0.962184488773346, -1.4776631593704224, 0.19881942868232727, 0.4393354654312134, -0.8203012347221375]]]

rooster
[[[0.003318161703646183, -1.656856656074524, -0.23157931864261627, 1.5279312133789062, 0.25955235958099365, -0.15257708728313446, -1.0220204591751099, -0.9002957344055176, 0.46582189202308655, 0.8184978365898132, -0.8982611894607544, -1.2812787294387817, -0.12444217503070831, -1.132375717163086, 0.06411435455083847, -0.28475436568260193, -1.2377263307571411, 1.3818025588989258, -0.30341920256614685, -1.0533171892166138, -1.0374077558517456, -1.027144432067871, -0.22543297708034515, 1.18285071849823, -0.38617798686027527, 0.20768976211547852, 0.6333919167518616, -0.7421660423278809, 0.08038405328989029, 0.122927725315094, -0.4948754608631134, -2.2246310710906982, 0.666454553604126, -0.0728197917342186, 0.7584750652313232, -0.37837305665016174, -0.23349642753601074, 0.2535250782966614, -0.09087610244750977, 0.08871983736753464, 0.8646235466003418, -1.693764567375183, -0.17209863662719727, -0.7849770784378052, -0.611396849155426, 0.06950059533119202, -0.053524449467659, -1.7089117765426636, -0.11719571799039841, 0.7233282923698425, -0.47007638216018677, -0.09146551042795181, 0.754682719707489, -0.12364444136619568, 0.7717751860618591, 0.4816966950893402, 1.4361565113067627, 0.7650055885314941, -2.093169689178467, 1.2074075937271118, 1.9133082628250122, 0.7091349363327026, 1.129387378692627, -0.18683579564094543, 0.2211952805519104, -0.2526112198829651, -0.6846047639846802, 1.0340372323989868, 2.295722484588623, -0.3206089735031128, -0.6329902410507202, -0.7967574596405029, -1.174026608467102, 1.7320491075515747, 1.2387139797210693, 0.4171849191188812, 0.597072184085846, 1.280896782875061, 1.7949039936065674, 1.1595391035079956, 0.41051697731018066, 0.506318211555481, 0.9983590841293335, 0.8186354041099548, -1.1897151470184326, -0.4804128408432007, 0.9468582272529602, 0.795403003692627, 0.6339327096939087, -1.9023619890213013, -0.08599062263965607, 0.9847063422203064, 0.38205859065055847, 0.636893093585968, -1.5374528169631958, 0.3998122215270996, 1.2981092929840088, 1.1503164768218994, 0.4274017810821533, -0.6069402694702148, 0.15199236571788788, -2.064085006713867, 0.07621736079454422, -0.14321720600128174, -0.8919781446456909, 1.533159852027893, 1.7447110414505005, 1.34806489944458, -1.79957914352417, -0.5040919780731201, 0.3015434443950653, 0.9427287578582764, -1.9343385696411133, -2.0008456707000732, -0.0850592851638794, -0.054800692945718765, -1.9740411043167114, 0.41851383447647095, -0.3179835081100464, -1.1053475141525269, 1.983143925666809, -0.8616399168968201, -0.6037024855613708, 0.962184488773346, -1.4776631593704224, 0.19881942868232727, 0.4393354654312134, -0.8203012347221375]]]

meningitis
[[[-0.8968559503555298, 0.16264337301254272, 1.0594041347503662, 0.573787271976471, 0.6772427558898926, 0.5484400987625122, -0.7915780544281006, -0.4690246284008026, 0.14302322268486023, 1.7672438621520996, -0.0701514184474945, -1.082597255706787, -0.19093407690525055, -1.5514880418777466, 1.67641282081604, -0.9581422209739685, -0.5031793713569641, -0.008813662454485893, -0.6237461566925049, -2.2368221282958984, 1.0257129669189453, 0.260547012090683, -1.2942227125167847, 1.640904426574707, 0.11924262344837189, -0.7609066367149353, 0.810361385345459, -1.4137086868286133, 0.6922361850738525, 0.16739603877067566, -1.1227991580963135, -1.6109709739685059, 2.1519277095794678, -0.03323094919323921, 1.6236486434936523, -0.40646126866340637, 0.21296164393424988, 0.411923348903656, -0.0342288464307785, -0.02715916559100151, 0.497711718082428, -1.5519345998764038, -0.4782247841358185, -0.7292642593383789, -0.2788994014263153, -0.2955551743507385, -0.4188377857208252, -0.7719618678092957, 0.9828951358795166, 0.15449710190296173, -1.286432147026062, -0.49572986364364624, -0.9258936047554016, 0.13149678707122803, 0.1920604556798935, 0.7406778335571289, 0.4434332847595215, 0.40480950474739075, -1.4987207651138306, 0.6405833959579468, 1.3727219104766846, 1.2326148748397827, 0.7537885904312134, -0.6123759150505066, 0.7002601623535156, -0.9474074840545654, -0.398393452167511, 0.11555702239274979, 1.0840829610824585, -0.04456808790564537, 0.10327569395303726, -0.636674165725708, -1.0287189483642578, 0.3560340106487274, 2.764333724975586, 0.14160607755184174, -0.35716167092323303, 1.3558136224746704, 1.8666728734970093, 1.0208669900894165, -1.4908010959625244, -1.5548622608184814, 1.8973551988601685, -0.2105289250612259, -0.4579246938228607, -0.40252020955085754, 1.7870811223983765, 0.8465359807014465, 0.5449075102806091, -0.8051509857177734, 0.7627089023590088, 0.6057302355766296, 0.5105397701263428, 0.30191317200660706, -0.3791905641555786, 0.19897609949111938, 0.49944207072257996, 1.6164793968200684, 0.42707929015159607, -0.8076257705688477, 0.6954755187034607, -1.6191651821136475, -0.5552310347557068, -0.5915747880935669, -0.3449789583683014, 2.115644931793213, 1.4272570610046387, 0.3702554702758789, -0.8688533306121826, -0.8513567447662354, -0.8032475709915161, -0.772140622138977, -0.6195756196975708, -1.0262932777404785, -2.694608211517334, -0.03547566011548042, -2.257558584213257, -0.32149767875671387, -1.2364327907562256, -0.03856506198644638, 0.14530348777770996, 0.5508202910423279, 0.9014157652854919, 0.030932845547795296, -1.0741565227508545, 1.7192513942718506, 0.08734950423240662, -0.16021433472633362]]]

rabies
[[[-0.9339700937271118, -0.6355006694793701, 0.44570392370224, 0.42516568303108215, -1.099574327468872, 0.5784209370613098, -1.2383227348327637, -1.0622676610946655, 0.16999922692775726, 1.8733338117599487, 0.05832960456609726, -1.488262414932251, 0.1565445214509964, -0.7748780846595764, -0.1565309464931488, -1.0061759948730469, -1.0187351703643799, 0.8721054196357727, 0.33361387252807617, -2.007572889328003, 0.5665385127067566, 0.030618106946349144, -1.1284319162368774, 1.5823711156845093, 0.6436816453933716, -1.0040488243103027, 1.6602693796157837, -1.6153982877731323, 0.33429309725761414, -0.10510609298944473, -0.9792478680610657, -1.2440727949142456, 0.21612422168254852, 0.7333621978759766, 0.04970599338412285, -0.3838726878166199, 0.2849133610725403, -0.10180432349443436, -1.165112853050232, 0.2993618845939636, 0.187677800655365, -1.394333004951477, -0.5489543676376343, -0.4392240345478058, -0.17303825914859772, 0.47468793392181396, 0.4948000907897949, -1.4435945749282837, 0.3960106074810028, 0.5873521566390991, -0.17344489693641663, -1.0532634258270264, -0.7148801684379578, 0.4761844873428345, -0.09309910982847214, 0.7220261693000793, 0.354057252407074, 0.6277008652687073, -0.9731453061103821, 1.1174381971359253, 1.3311704397201538, 0.7207692861557007, 1.0808907747268677, 0.36361148953437805, -0.11404400318861008, -1.2968459129333496, 0.31997498869895935, 0.5252832174301147, 1.8336302042007446, 0.6829437613487244, 0.2987009286880493, 0.3499786853790283, -0.5813515186309814, 1.2946357727050781, 2.4676907062530518, -0.41481921076774597, -0.10342121869325638, 0.7207613587379456, 2.618446111679077, 1.5237430334091187, -0.6222901344299316, -0.9338269829750061, 1.2150181531906128, 0.07404949516057968, -1.2283275127410889, -0.5795619487762451, 1.1133581399917603, 0.674199640750885, -0.2961048483848572, -1.1238435506820679, 0.5848613977432251, 0.8924838304519653, 0.7425366044044495, 0.13635435700416565, -1.1874232292175293, -0.08806359022855759, 0.3829619586467743, 2.007534980773926, 0.6404883861541748, -0.42765572667121887, -0.54130619764328, -0.5170044898986816, -0.5417857766151428, -1.0415236949920654, -0.5722038149833679, 1.555974006652832, 1.5713517665863037, 1.4586029052734375, -1.5063401460647583, -0.4014110863208771, 0.8749979734420776, -0.7109917998313904, -0.8633571267127991, -2.176255226135254, -2.7283642292022705, -0.5477361679077148, -1.9146114587783813, -0.1031096875667572, -0.7596985697746277, -0.6804502606391907, 1.7834283113479614, 0.8577746748924255, -0.35533925890922546, 1.0348339080810547, -0.9872186183929443, 1.3246831893920898, 0.5154083371162415, -0.22337637841701508]]]

shigellosis
[[[-1.148324728012085, -0.004585101269185543, 0.6586706042289734, 0.6175958514213562, 0.3773232698440552, 0.7947239875793457, -0.24863465130329132, -1.094428539276123, -0.2956996262073517, 1.591606616973877, 0.07996131479740143, -0.7041719555854797, 0.6058439016342163, -1.1396522521972656, 0.5718225240707397, -1.8904361724853516, -0.3720177412033081, 0.7970957159996033, -0.5455361604690552, -2.4412484169006348, 0.3002493977546692, -0.4166043698787689, -1.9207960367202759, 1.2640970945358276, -0.5882865786552429, -1.4707080125808716, 0.8672580718994141, -0.9606336951255798, 0.3166775703430176, -0.17607471346855164, 0.15887071192264557, -1.749254584312439, 1.8940585851669312, -0.3750246465206146, 1.0662251710891724, -0.2987084686756134, 1.1157810688018799, 0.557405412197113, -0.2927168607711792, 0.8832451105117798, 0.17850029468536377, -1.769118070602417, -0.0017160483403131366, -0.26766112446784973, 0.13416704535484314, 0.48187485337257385, -0.1618068665266037, -0.5916633009910583, 1.5228025913238525, 0.2687106728553772, -1.9486867189407349, -0.07874999195337296, -1.2364110946655273, 0.7907729148864746, 0.6871611475944519, 1.1397954225540161, 0.639409601688385, 1.0740761756896973, -1.4480470418930054, 0.47258204221725464, 1.6046072244644165, 0.47309955954551697, 0.3831107020378113, -0.9243532419204712, 0.7393766641616821, -0.7682749629020691, -0.2267099767923355, 0.6349378228187561, 1.0842170715332031, -0.3273264765739441, -0.059231095016002655, -0.4535144865512848, -0.623373806476593, 1.2796391248703003, 2.598196268081665, -0.5659403800964355, -1.306822657585144, 1.9657912254333496, 1.7123559713363647, 1.5197763442993164, -1.3634999990463257, -0.6736045479774475, 1.7100508213043213, 0.15846435725688934, 0.08973672986030579, -0.7274667620658875, 1.7093254327774048, 1.019984483718872, 0.751610279083252, -1.094154715538025, 1.1867470741271973, 0.25904104113578796, 0.9412028193473816, 0.4864788353443146, -0.0589652918279171, -0.26447468996047974, 0.9159598350524902, 1.3009059429168701, 0.49931657314300537, -0.7587711215019226, 0.33211565017700195, -1.6155529022216797, -0.5093541145324707, -0.2857550084590912, -0.8235941529273987, 1.3809208869934082, 0.9931424856185913, 0.7562983632087708, -0.7351940870285034, -0.650951087474823, -0.7117094993591309, -1.1520047187805176, -0.08412560820579529, -0.8596060872077942, -1.4851570129394531, -0.0323457196354866, -2.739197254180908, -0.36999717354774475, -1.5145134925842285, -0.3964740037918091, 0.5122069120407104, -0.33598148822784424, -0.0596596784889698, 0.2555009722709656, -1.1462644338607788, 0.7169239521026611, -0.04001815244555473, -0.4980631470680237]]]

syphilis
[[[-0.5447704195976257, -0.6271686553955078, -0.020388545468449593, 1.0882169008255005, -0.1531975269317627, 0.7902528047561646, -1.1542104482650757, 0.10330156236886978, -0.4004295766353607, 1.8903053998947144, -0.4313616454601288, -1.3040812015533447, 0.1558757871389389, -1.3928762674331665, 1.2389062643051147, -1.1821844577789307, -0.6945114135742188, 0.4763486683368683, 0.0008952603675425053, -1.51193106174469, 0.16711434721946716, 1.0325583219528198, -1.4673683643341064, 1.48755943775177, -0.3982267379760742, -0.4436676800251007, 0.7181215286254883, -1.5797094106674194, -0.36098071932792664, -0.9744759798049927, -0.33102288842201233, -1.1457231044769287, 1.1559882164001465, 1.882774829864502, 0.6305227279663086, -0.9339964985847473, -0.1751575469970703, 0.4496876001358032, -0.284695565700531, -0.21536296606063843, 0.21819983422756195, -2.540102243423462, -1.3438544273376465, -0.7527263164520264, -0.022828660905361176, -1.6288939714431763, -0.3389633893966675, -0.14158907532691956, 1.520999789237976, 0.9357393980026245, -0.4965610206127167, -1.314443826675415, -0.17484338581562042, -0.9348031878471375, -0.14590048789978027, 0.9706570506095886, 0.8526859879493713, 1.2570760250091553, -1.27525794506073, 0.5558906197547913, 0.9698510766029358, 1.1824204921722412, 1.2844829559326172, -0.29785287380218506, -0.15577596426010132, -1.1104862689971924, 0.30304187536239624, 0.6859340667724609, 0.6215426325798035, 1.1349430084228516, 0.06761303544044495, -0.3013979494571686, -0.903168797492981, 1.5151878595352173, 2.6732168197631836, 0.4987463653087616, -0.17116431891918182, 0.7853886485099792, 1.6238070726394653, 0.9040387272834778, -1.6396528482437134, -1.0908260345458984, 1.7606730461120605, -0.5821226239204407, -0.9733949899673462, -0.7164420485496521, 1.408560037612915, 1.0685561895370483, 1.056553840637207, -0.23751980066299438, 0.8420118093490601, 0.3558320105075836, 0.8342182636260986, 0.18797491490840912, -0.6528570055961609, 0.19437426328659058, 0.39415350556373596, 1.7244784832000732, 0.357259601354599, -1.2122790813446045, 0.6353828310966492, -1.492521047592163, -1.2637333869934082, -1.3737503290176392, -0.8242266178131104, 2.611297369003296, 1.1530065536499023, 0.6140252351760864, -0.2664526104927063, -0.655087947845459, 0.30739983916282654, -1.2691782712936401, 0.1533970981836319, -1.7689964771270752, -1.3929156064987183, 0.7474783062934875, -1.460231900215149, -0.6571460962295532, -0.158835768699646, -0.263660192489624, 0.04757656157016754, 0.001677323249168694, -0.1777823120355606, 0.29402440786361694, -0.510115385055542, 1.1122360229492188, 0.44900044798851013, 0.2767992913722992]]]

Parkinson's disease
[[[-0.45970603823661804, -0.3224692642688751, 1.1375318765640259, 1.3973673582077026, 0.8651524186134338, 0.8613113760948181, -0.7837008237838745, -0.35888388752937317, -0.38925182819366455, 0.8351883292198181, -0.22802329063415527, -0.24433332681655884, 0.9565592408180237, -0.6209208369255066, 0.7706432342529297, -2.095228433609009, -0.8316584229469299, -0.3901137113571167, -0.8926072120666504, -1.588951587677002, 0.8700748682022095, -0.3947736620903015, -0.9023872017860413, 1.496992588043213, -0.5430487990379333, -1.0233088731765747, 0.3426268994808197, -1.6243067979812622, 0.8375816941261292, -0.6617431640625, 0.19500823318958282, -1.2599061727523804, 1.3652667999267578, 0.14628276228904724, 0.9261283874511719, -1.8009673357009888, 0.5621716976165771, 0.04266776144504547, -1.3411296606063843, -0.20419542491436005, 0.7812932729721069, -2.109929084777832, -0.20388390123844147, -0.5373885631561279, -0.10254386067390442, -0.15346719324588776, -1.003260850906372, -0.3161967396736145, 2.050016164779663, 0.25814929604530334, -0.9643853306770325, -0.36203065514564514, -0.7575051188468933, 0.9800952672958374, 0.11531619727611542, 1.1348505020141602, 1.4430712461471558, 0.8046987056732178, -2.799778699874878, 0.7367534637451172, 1.7689990997314453, 1.5185037851333618, -0.21915006637573242, -0.0798882395029068, 1.2123826742172241, -1.234584093093872, -0.29979532957077026, 0.06449852883815765, 1.4077616930007935, 0.05825428664684296, -0.13633479177951813, -0.8611330389976501, -0.8122352361679077, 1.0118838548660278, 2.190324306488037, -0.8272451758384705, -1.6205484867095947, 0.5848081707954407, 1.6229840517044067, 0.1997552365064621, -0.9675533771514893, -0.8341175317764282, 1.325816035270691, 0.5108867883682251, 0.791570782661438, 0.013241471722722054, 1.4902352094650269, 1.5874320268630981, 0.23774640262126923, -0.8523862957954407, 0.9247210621833801, 0.6960180401802063, 0.4610096514225006, 1.105515480041504, -0.4763720631599426, 0.5766354203224182, 0.37363794445991516, 0.866375207901001, 0.8474686145782471, -0.3372505009174347, 1.4734424352645874, -1.7659193277359009, -0.8483172655105591, -0.457349956035614, -1.1084920167922974, 1.4213000535964966, 0.7518770694732666, 0.7120510935783386, -0.7120395302772522, -1.2960174083709717, -0.9186059832572937, -0.27660781145095825, -0.06717591732740402, -0.021233392879366875, -1.221889615058899, -0.04870807006955147, -2.2247250080108643, 0.16047270596027374, -0.9720287322998047, -0.8104813098907471, -0.15333843231201172, 0.9556356072425842, 0.21663901209831238, 0.453650563955307, -1.7592949867248535, 0.9841581583023071, 0.13349738717079163, -0.1311839520931244]]]

cancer
[[[-0.7520222663879395, -1.0072574615478516, 0.7239391803741455, 1.0329188108444214, -0.4424934387207031, 0.6048992872238159, -0.8079097270965576, -0.3875139355659485, 0.6071717739105225, 1.9369271993637085, -0.4610999822616577, -1.4125598669052124, 1.1241633892059326, -0.9220723509788513, -0.3313162326812744, -2.0197830200195312, -0.7987462282180786, 1.1564297676086426, 0.2467629760503769, -2.3591690063476562, 0.5968313217163086, 0.5819531679153442, -1.357503890991211, 1.3963121175765991, 0.6784191727638245, -1.6566399335861206, 0.18093499541282654, -1.3696823120117188, 0.07746582478284836, -0.7101722955703735, -0.034377388656139374, -1.5645605325698853, 0.8924009203910828, 1.4351696968078613, 0.6781772971153259, -1.1064015626907349, 0.44382548332214355, -0.3142443299293518, -1.0682659149169922, -0.841419517993927, 0.3105688691139221, -2.3538076877593994, -1.301026463508606, -0.5114323496818542, 0.5460172295570374, -0.738384485244751, 0.010793350636959076, -0.2745988368988037, 1.571785569190979, 0.4861126244068146, -0.7436994910240173, -1.1148629188537598, -0.7272605895996094, -0.06454882770776749, -0.862089991569519, 0.38839274644851685, 1.1822313070297241, 0.7850006818771362, -1.1802951097488403, 0.6828353404998779, 0.8927271962165833, 0.5298672318458557, 1.1271374225616455, 0.3378867208957672, 0.4199094772338867, -0.9460955858230591, 0.41782045364379883, 0.5499809384346008, 1.226204752922058, 1.124471664428711, 0.029878025874495506, -1.1753283739089966, -0.6540611982345581, 1.5048303604125977, 2.2805051803588867, -0.4014045000076294, -0.2558010220527649, 1.5167319774627686, 2.1599156856536865, 1.0824906826019287, -1.1610859632492065, -0.48921385407447815, 0.8469497561454773, -0.365833580493927, -0.7285965085029602, -1.0671647787094116, 1.42544686794281, 1.393829345703125, -0.08263667672872543, -0.9252578616142273, 0.9664206504821777, 0.42776209115982056, 0.5715780854225159, -0.5882566571235657, -0.8152669668197632, -0.053526923060417175, 0.03212990611791611, 1.682510256767273, 1.368659257888794, -1.1525022983551025, -0.3926369845867157, -1.2164262533187866, -0.6138893961906433, -1.5673896074295044, -1.3343052864074707, 2.087564706802368, 0.8477597236633301, 0.673041582107544, -0.5881630182266235, 0.2526470720767975, 0.7557435631752014, 0.3313962519168854, -0.029417499899864197, -1.5991874933242798, -1.7959455251693726, -0.004895561840385199, -0.8422256112098694, -0.4574655592441559, 1.037223219871521, -0.3591577708721161, 0.8135784864425659, 0.8323186635971069, -0.3291872441768646, 0.9110403060913086, -0.47023090720176697, 0.4572148323059082, 0.4309954345226288, 0.35516539216041565]]]

meningitis
[[[-0.8968559503555298, 0.16264337301254272, 1.0594041347503662, 0.573787271976471, 0.6772427558898926, 0.5484400987625122, -0.7915780544281006, -0.4690246284008026, 0.14302322268486023, 1.7672438621520996, -0.0701514184474945, -1.082597255706787, -0.19093407690525055, -1.5514880418777466, 1.67641282081604, -0.9581422209739685, -0.5031793713569641, -0.008813662454485893, -0.6237461566925049, -2.2368221282958984, 1.0257129669189453, 0.260547012090683, -1.2942227125167847, 1.640904426574707, 0.11924262344837189, -0.7609066367149353, 0.810361385345459, -1.4137086868286133, 0.6922361850738525, 0.16739603877067566, -1.1227991580963135, -1.6109709739685059, 2.1519277095794678, -0.03323094919323921, 1.6236486434936523, -0.40646126866340637, 0.21296164393424988, 0.411923348903656, -0.0342288464307785, -0.02715916559100151, 0.497711718082428, -1.5519345998764038, -0.4782247841358185, -0.7292642593383789, -0.2788994014263153, -0.2955551743507385, -0.4188377857208252, -0.7719618678092957, 0.9828951358795166, 0.15449710190296173, -1.286432147026062, -0.49572986364364624, -0.9258936047554016, 0.13149678707122803, 0.1920604556798935, 0.7406778335571289, 0.4434332847595215, 0.40480950474739075, -1.4987207651138306, 0.6405833959579468, 1.3727219104766846, 1.2326148748397827, 0.7537885904312134, -0.6123759150505066, 0.7002601623535156, -0.9474074840545654, -0.398393452167511, 0.11555702239274979, 1.0840829610824585, -0.04456808790564537, 0.10327569395303726, -0.636674165725708, -1.0287189483642578, 0.3560340106487274, 2.764333724975586, 0.14160607755184174, -0.35716167092323303, 1.3558136224746704, 1.8666728734970093, 1.0208669900894165, -1.4908010959625244, -1.5548622608184814, 1.8973551988601685, -0.2105289250612259, -0.4579246938228607, -0.40252020955085754, 1.7870811223983765, 0.8465359807014465, 0.5449075102806091, -0.8051509857177734, 0.7627089023590088, 0.6057302355766296, 0.5105397701263428, 0.30191317200660706, -0.3791905641555786, 0.19897609949111938, 0.49944207072257996, 1.6164793968200684, 0.42707929015159607, -0.8076257705688477, 0.6954755187034607, -1.6191651821136475, -0.5552310347557068, -0.5915747880935669, -0.3449789583683014, 2.115644931793213, 1.4272570610046387, 0.3702554702758789, -0.8688533306121826, -0.8513567447662354, -0.8032475709915161, -0.772140622138977, -0.6195756196975708, -1.0262932777404785, -2.694608211517334, -0.03547566011548042, -2.257558584213257, -0.32149767875671387, -1.2364327907562256, -0.03856506198644638, 0.14530348777770996, 0.5508202910423279, 0.9014157652854919, 0.030932845547795296, -1.0741565227508545, 1.7192513942718506, 0.08734950423240662, -0.16021433472633362]]]

meningitis
[[[-0.8968559503555298, 0.16264337301254272, 1.0594041347503662, 0.573787271976471, 0.6772427558898926, 0.5484400987625122, -0.7915780544281006, -0.4690246284008026, 0.14302322268486023, 1.7672438621520996, -0.0701514184474945, -1.082597255706787, -0.19093407690525055, -1.5514880418777466, 1.67641282081604, -0.9581422209739685, -0.5031793713569641, -0.008813662454485893, -0.6237461566925049, -2.2368221282958984, 1.0257129669189453, 0.260547012090683, -1.2942227125167847, 1.640904426574707, 0.11924262344837189, -0.7609066367149353, 0.810361385345459, -1.4137086868286133, 0.6922361850738525, 0.16739603877067566, -1.1227991580963135, -1.6109709739685059, 2.1519277095794678, -0.03323094919323921, 1.6236486434936523, -0.40646126866340637, 0.21296164393424988, 0.411923348903656, -0.0342288464307785, -0.02715916559100151, 0.497711718082428, -1.5519345998764038, -0.4782247841358185, -0.7292642593383789, -0.2788994014263153, -0.2955551743507385, -0.4188377857208252, -0.7719618678092957, 0.9828951358795166, 0.15449710190296173, -1.286432147026062, -0.49572986364364624, -0.9258936047554016, 0.13149678707122803, 0.1920604556798935, 0.7406778335571289, 0.4434332847595215, 0.40480950474739075, -1.4987207651138306, 0.6405833959579468, 1.3727219104766846, 1.2326148748397827, 0.7537885904312134, -0.6123759150505066, 0.7002601623535156, -0.9474074840545654, -0.398393452167511, 0.11555702239274979, 1.0840829610824585, -0.04456808790564537, 0.10327569395303726, -0.636674165725708, -1.0287189483642578, 0.3560340106487274, 2.764333724975586, 0.14160607755184174, -0.35716167092323303, 1.3558136224746704, 1.8666728734970093, 1.0208669900894165, -1.4908010959625244, -1.5548622608184814, 1.8973551988601685, -0.2105289250612259, -0.4579246938228607, -0.40252020955085754, 1.7870811223983765, 0.8465359807014465, 0.5449075102806091, -0.8051509857177734, 0.7627089023590088, 0.6057302355766296, 0.5105397701263428, 0.30191317200660706, -0.3791905641555786, 0.19897609949111938, 0.49944207072257996, 1.6164793968200684, 0.42707929015159607, -0.8076257705688477, 0.6954755187034607, -1.6191651821136475, -0.5552310347557068, -0.5915747880935669, -0.3449789583683014, 2.115644931793213, 1.4272570610046387, 0.3702554702758789, -0.8688533306121826, -0.8513567447662354, -0.8032475709915161, -0.772140622138977, -0.6195756196975708, -1.0262932777404785, -2.694608211517334, -0.03547566011548042, -2.257558584213257, -0.32149767875671387, -1.2364327907562256, -0.03856506198644638, 0.14530348777770996, 0.5508202910423279, 0.9014157652854919, 0.030932845547795296, -1.0741565227508545, 1.7192513942718506, 0.08734950423240662, -0.16021433472633362]]]

botulism
[[[-1.2523216009140015, -0.5772257447242737, 0.4330371022224426, 1.2870333194732666, 0.1805124282836914, -0.038859594613313675, -1.7164026498794556, -0.36369964480400085, -0.5147587060928345, 0.3749465346336365, 0.04293222352862358, -1.4336925745010376, -0.0771799311041832, -1.0494699478149414, 0.051772989332675934, -1.788319706916809, -1.0709391832351685, 0.7647585868835449, 0.36692142486572266, -1.650990605354309, 0.956152617931366, -0.44522470235824585, -1.2251073122024536, -0.15893851220607758, 0.16830725967884064, -0.6284875869750977, -0.01224745437502861, -1.7005146741867065, 0.4614875912666321, 0.02194789983332157, -0.8851407170295715, -1.8492882251739502, 1.0821453332901, 1.7518506050109863, 0.21357911825180054, 0.504261314868927, 0.29471176862716675, 0.02796480618417263, 0.5473885536193848, -0.34699273109436035, 0.8343430757522583, -1.8299918174743652, 0.2527935206890106, -0.37961506843566895, -0.27890506386756897, 1.023740291595459, 0.6890559792518616, -0.6146597862243652, 0.908657431602478, 0.9049268960952759, -0.7086827158927917, -0.4331272840499878, -0.4268501102924347, 0.2576129138469696, -0.6494944095611572, 0.19439469277858734, 0.7139000296592712, 0.692776620388031, -0.7250469923019409, 0.9090778827667236, 1.7002376317977905, 1.9317744970321655, 0.23612038791179657, 0.6503363847732544, 0.41054296493530273, -0.7131346464157104, -0.11020155996084213, 1.5967202186584473, 1.367490530014038, 0.012120554223656654, 0.09676811844110489, -0.5654247999191284, -0.8865946531295776, 0.3813614845275879, 3.088628053665161, -0.18902890384197235, -0.3095773756504059, 0.742407500743866, 2.7040657997131348, 1.9011024236679077, -0.8186492323875427, -1.1520804166793823, 0.4661065340042114, 0.4846566319465637, -0.25497883558273315, -0.536720335483551, 1.3263251781463623, 0.39231473207473755, -0.12917004525661469, -0.7198763489723206, 0.9892529845237732, 0.4000813663005829, 0.7437708973884583, -0.019550884142518044, -0.6501423120498657, 0.8241906762123108, 1.243284821510315, 2.111844062805176, 0.5397209525108337, -0.99188232421875, 0.41735199093818665, -0.7244150638580322, -0.24839653074741364, 0.07256344705820084, -2.0917820930480957, 2.1633543968200684, 1.109551191329956, 0.7184973359107971, -2.067228317260742, -0.6586792469024658, -0.8566615581512451, 0.5719360113143921, 0.02784786745905876, -2.310934066772461, -0.8021581768989563, -0.7423845529556274, -1.683371663093567, -0.7210841774940491, -0.5765714645385742, -0.5932351350784302, 1.1277990341186523, -0.21810227632522583, 0.3764868378639221, -0.11588840186595917, -1.4112741947174072, 0.4163143038749695, -0.9062557816505432, -0.6483092904090881]]]

tuberculosis
[[[-1.040400743484497, 0.186033695936203, 1.5801821947097778, 1.0240468978881836, 0.38557466864585876, 0.7983678579330444, -1.68918776512146, -0.26592379808425903, -0.15454307198524475, 1.6002470254898071, -0.41403400897979736, -0.9039466381072998, 1.0663931369781494, -1.257320761680603, 1.0392805337905884, -0.9589632153511047, -1.2393014430999756, -0.7828149795532227, -0.32586920261383057, -2.4397895336151123, 0.5464317798614502, 0.340766966342926, -1.1953566074371338, 1.011871576309204, 0.020201075822114944, -0.5531317591667175, 0.43316128849983215, -0.9472838640213013, 0.8216933608055115, -0.609032392501831, 0.4156314432621002, -1.5563879013061523, 1.1388351917266846, 1.043129801750183, 1.1349098682403564, -1.0159775018692017, -0.47844982147216797, -0.08032136410474777, -0.05726540461182594, -0.7644386291503906, 0.6284937262535095, -2.057685613632202, -1.248842716217041, -0.4814132750034332, -0.05597783997654915, -0.836415708065033, -1.080804705619812, -0.4387432336807251, 1.1159405708312988, 1.2033400535583496, -1.8314995765686035, -0.8795164227485657, -0.1663268804550171, -0.007832640781998634, -1.1378483772277832, 1.0223965644836426, 0.8746366500854492, 0.5858281254768372, -1.686894178390503, 0.30431926250457764, 0.8394853472709656, 1.9765070676803589, 0.8223069310188293, -0.24943099915981293, 0.6160039901733398, -1.5463812351226807, -0.3188585638999939, 0.41895797848701477, 0.9059762954711914, -0.01340461429208517, 0.22514179348945618, 0.27114930748939514, -0.8619534969329834, 1.154222846031189, 2.398329257965088, 0.4349610209465027, -0.17512169480323792, 1.0248332023620605, 2.1445529460906982, 1.5299761295318604, -1.5799223184585571, -1.0773779153823853, 0.7452701926231384, 0.28670787811279297, -0.19739077985286713, -0.1560097485780716, 1.5442129373550415, 0.8183242082595825, 0.4158875644207001, -0.9733480215072632, 0.11574768275022507, 0.4450209140777588, 0.8478428721427917, -0.25585684180259705, 0.12530645728111267, 0.5683820247650146, 1.1951980590820312, 1.0383857488632202, 0.8620339035987854, -0.1985718309879303, 0.6641789078712463, -1.1387134790420532, -0.5831648707389832, -0.10449131578207016, -1.2867687940597534, 2.7871248722076416, 1.3270177841186523, 0.6071261763572693, -1.1137871742248535, 0.026955705136060715, -0.24090081453323364, 0.4865507483482361, -0.5427714586257935, -1.620694637298584, -1.620782494544983, -0.40417197346687317, -1.4613295793533325, 0.596196174621582, -0.910328209400177, -1.065856695175171, 0.5421923398971558, 0.49657920002937317, 0.4859046936035156, 0.3374362885951996, -1.3818525075912476, 0.6177954077720642, -0.688453733921051, -0.6602572798728943]]]

ginger ale
[[[-1.6808886528015137, -0.8976508975028992, 0.6633086800575256, 0.3503473103046417, 0.18146449327468872, 0.31748515367507935, -1.1457260847091675, -0.2333907186985016, -0.5045672655105591, 1.1529537439346313, -0.3306814730167389, -1.381982445716858, -0.048908378928899765, -0.3579193651676178, 0.8188665509223938, -1.5119460821151733, -0.21930356323719025, 0.49158838391304016, 0.007661738898605108, -1.6130390167236328, 0.2195245772600174, 0.09144275635480881, -1.499915361404419, 0.4431244134902954, -0.10251080989837646, -0.5800402760505676, 1.1194216012954712, -1.8060057163238525, 0.24208372831344604, -0.6487166285514832, -0.5385869741439819, -1.1563652753829956, 1.0395506620407104, 0.7361831068992615, 0.866055428981781, 0.45191511511802673, -0.2771162688732147, -0.6881965398788452, 0.8205012083053589, -0.2484426200389862, -0.4259967505931854, -1.164543628692627, -1.2085599899291992, -1.1322124004364014, -0.38705524802207947, 0.37643012404441833, 0.44075071811676025, -1.2321051359176636, 0.13126151263713837, 1.008237600326538, -0.7765377163887024, -0.5088350772857666, -1.302971363067627, -0.4885678291320801, 0.5787859559059143, -0.4594753682613373, 0.5285865068435669, 0.5062618851661682, -0.7146241068840027, 1.1898778676986694, 2.176669120788574, 1.2493356466293335, 0.5844405889511108, 0.5806061625480652, 0.7621496319770813, -0.883996307849884, 0.19371040165424347, 1.3008793592453003, 1.1320114135742188, 0.22831286489963531, -0.6202707886695862, 0.6860878467559814, -1.0177661180496216, 0.672356903553009, 2.6195952892303467, -0.0894908681511879, 0.5991487503051758, -0.039263010025024414, 2.1957433223724365, 1.6572123765945435, -1.3378790616989136, -0.8817321062088013, 1.8124898672103882, -0.31904348731040955, -0.1084408164024353, -0.5312249660491943, 1.028924584388733, -0.3119480013847351, -0.02166779898107052, -0.532038688659668, 1.2317993640899658, 1.0776394605636597, 0.9551655054092407, 0.31774261593818665, -0.9184632301330566, 0.10830061882734299, 1.1178617477416992, 2.1094601154327393, 0.6733864545822144, -0.7868165373802185, 0.7609660625457764, -0.8591509461402893, -0.6976608633995056, -0.8744670152664185, -0.8752970099449158, 1.9674006700515747, 1.3310232162475586, 1.5784317255020142, -1.4904935359954834, -0.45504653453826904, -0.5808190703392029, -0.2300124317407608, -0.7697591781616211, -1.6760421991348267, -1.6986093521118164, -0.14460183680057526, -1.951107144355774, -1.139582872390747, -1.0159074068069458, -0.9323146343231201, 2.4014828205108643, 0.4697098433971405, 0.15715618431568146, -0.6142300963401794, -0.762966513633728, 2.022678852081299, 0.09001977741718292, -0.18207596242427826]]]

gin
[[[-1.400770902633667, -1.0380289554595947, -0.3464318811893463, 1.0778311491012573, -0.4105429947376251, -0.3943731188774109, -0.8472307324409485, -0.2652477025985718, -0.22139094769954681, 1.5620874166488647, -0.3563355803489685, -1.3050611019134521, 0.1685495674610138, -0.8698678016662598, 0.48821383714675903, -0.596777617931366, -0.8037289381027222, 0.9781585931777954, -0.2258862555027008, -2.9703550338745117, 0.2935349941253662, 0.5131417512893677, -1.4543209075927734, 0.5598595142364502, 0.5908256769180298, -1.2113183736801147, 1.2612260580062866, -0.9837281107902527, 0.40993937849998474, -1.227445363998413, -0.7721105813980103, -1.1519343852996826, 1.1304348707199097, 1.1769782304763794, 0.31737834215164185, -0.07491745799779892, 0.3995685279369354, 0.5331791639328003, -0.5099682211875916, -0.2488957941532135, -0.22830942273139954, -1.2613099813461304, -1.3601082563400269, -0.9046957492828369, -0.9578100442886353, -0.8777474164962769, 0.3393307328224182, -1.3066496849060059, 0.7199459075927734, 0.41438600420951843, -0.3759964108467102, -1.8574994802474976, -0.23788891732692719, -0.006578645668923855, 0.88129061460495, 0.37303730845451355, 0.7351255416870117, 0.762216329574585, -1.6037598848342896, 1.1528857946395874, 0.9398691654205322, 1.1576764583587646, 1.297054648399353, -0.049434904009103775, 0.4160236716270447, 0.1310349851846695, 0.6078827381134033, 1.4396286010742188, 1.3678852319717407, 1.2944239377975464, -0.34218913316726685, 0.22217178344726562, -0.40737801790237427, 0.8915380239486694, 2.1386070251464844, -0.44973617792129517, 0.10667453706264496, 0.235664501786232, 2.04430890083313, 0.8794355392456055, -0.9604863524436951, -1.0485461950302124, 1.0282422304153442, -0.5009854435920715, -0.7252629399299622, -1.0272470712661743, 1.1739579439163208, 1.2081210613250732, 0.33056387305259705, -0.8306251168251038, 1.681551218032837, 1.3897745609283447, 0.464047372341156, -0.37516167759895325, -1.6909475326538086, -0.23126615583896637, 1.2762196063995361, 1.5924326181411743, 0.7095226049423218, -0.9288623332977295, 0.500033438205719, -1.2783253192901611, -1.2575210332870483, -1.8881621360778809, -0.594340980052948, 1.904241919517517, 1.1493947505950928, 0.8483655452728271, -1.0589573383331299, -0.10608484596014023, 0.6636923551559448, -1.0745879411697388, 0.15946945548057556, -1.195259690284729, -1.434456706047058, 0.2363911122083664, -1.1090397834777832, -1.2870762348175049, 0.7206141352653503, -1.1456353664398193, 1.9186899662017822, 0.17532014846801758, 0.06048644706606865, 0.23429737985134125, -0.2257731705904007, 1.5509735345840454, 0.14881658554077148, 0.7541466355323792]]]

mint
[[[-1.3353828191757202, -1.2692409753799438, 0.20346073806285858, 0.47503265738487244, -0.5558940172195435, -0.06208328530192375, 0.019059348851442337, -0.07302670925855637, 0.05302014574408531, 1.5260899066925049, 0.05293821170926094, -1.628125548362732, 0.5693865418434143, -0.8563481569290161, 1.206283688545227, -0.1836923509836197, -0.7620642781257629, 0.5814527869224548, 0.03360772877931595, -2.3496413230895996, 0.6241952180862427, 1.0681108236312866, -1.2982367277145386, 0.7522909641265869, 0.6106796860694885, -1.7031912803649902, 1.2639583349227905, -1.2679859399795532, 0.3554789125919342, -0.9995042681694031, -0.6573735475540161, -1.601259469985962, 0.380071222782135, 1.4654886722564697, 0.010132857598364353, 0.22003869712352753, 0.3951946198940277, 0.10234874486923218, -0.8690478205680847, -0.11948744207620621, -0.5167090892791748, -1.3780999183654785, -1.2972036600112915, -1.1281633377075195, -0.4818156659603119, -0.9545243978500366, -0.12686097621917725, -1.3879833221435547, 0.9233945608139038, 1.0530363321304321, -0.20528247952461243, -1.987521767616272, -1.22189199924469, 0.033959947526454926, 0.8533627390861511, 0.4148367941379547, 0.9199283719062805, 0.29470714926719666, -1.511362075805664, 1.5987598896026611, 0.7130795121192932, 1.2663627862930298, 1.1457477807998657, 0.6012797951698303, -0.26201075315475464, -0.5570682883262634, -0.01944037154316902, 1.4181544780731201, 1.3693783283233643, 0.5046375393867493, 0.29450175166130066, 0.019867686554789543, -0.24855755269527435, 0.7447826862335205, 1.7083933353424072, -0.2682592570781708, -0.3273113965988159, 0.2250462770462036, 2.492076873779297, 0.7289074659347534, -1.2267444133758545, -0.7818759083747864, 1.1770802736282349, -0.671100378036499, -0.3918101191520691, -0.273013174533844, 1.2588250637054443, 0.8796190023422241, -0.33823391795158386, -0.557151734828949, 1.5673085451126099, 0.8182653784751892, 0.7558115720748901, 0.3672819435596466, -1.5415617227554321, 0.32805556058883667, 0.3001122772693634, 1.7734023332595825, 1.2811899185180664, -0.30001989006996155, 0.2072848081588745, -1.471543788909912, -1.0183215141296387, -1.8452860116958618, -0.7193190455436707, 2.2926604747772217, 0.7734962105751038, 1.1415547132492065, -1.231671690940857, -0.7755610346794128, -0.051659759134054184, -0.8838620781898499, -0.4275747835636139, -1.5744733810424805, -1.7595099210739136, 0.12371087074279785, -0.945322573184967, -0.8376860618591309, 0.5345233678817749, -0.9668907523155212, 1.7400282621383667, 0.8146434426307678, 0.2722780406475067, 1.122572898864746, -0.6552886366844177, 1.158337950706482, 0.47084322571754456, 0.2657289505004883]]]

brandy
[[[-0.5467066764831543, -0.8601667881011963, 0.13080215454101562, 0.5080282688140869, -1.2577581405639648, 0.6388862133026123, -1.3474644422531128, -0.9538342356681824, -0.11356371641159058, 1.578294277191162, 0.11206963658332825, -1.3224745988845825, -0.25661060214042664, -1.357175588607788, 1.3073354959487915, -0.9300054311752319, -1.1884849071502686, 1.0619045495986938, -0.5414553880691528, -1.8649358749389648, 0.5201180577278137, -0.15098433196544647, -1.3633112907409668, 1.4737141132354736, -0.2028941810131073, -1.511334776878357, 0.3504527807235718, -2.260105848312378, 0.1513115018606186, -0.9983997941017151, -1.4361640214920044, -1.9648401737213135, 0.6301407814025879, 0.6378034949302673, 0.759596586227417, -0.2547908425331116, 0.053170185536146164, 0.5995993614196777, -0.4858147203922272, 0.33022797107696533, 0.7191707491874695, -1.6278483867645264, -1.0499447584152222, -0.1285286247730255, 0.13506756722927094, -0.34375718235969543, -0.3342411518096924, -0.6170481443405151, 0.28626537322998047, 1.36659836769104, -0.28347837924957275, -0.5898326635360718, -0.0447833426296711, 0.03183615207672119, 0.2687491178512573, 0.532633364200592, 1.0116591453552246, 1.653916358947754, -1.3544235229492188, 1.3274599313735962, 0.9288778901100159, 0.8319004774093628, 1.2009669542312622, -1.3509899377822876, -0.06406862288713455, -0.837129533290863, -0.7608514428138733, 0.9614769220352173, 1.6637420654296875, 0.9954249858856201, 0.1272137612104416, 0.3669233024120331, -1.0212788581848145, 1.4416489601135254, 2.0984973907470703, -0.30872854590415955, 0.5226185917854309, 0.7982035875320435, 1.399612545967102, 1.5381075143814087, -1.1732046604156494, -0.6309119462966919, 1.3801076412200928, 0.2696526348590851, -0.6730584502220154, -0.3737644553184509, 1.4270920753479004, 0.41323378682136536, 0.21760866045951843, -0.6553511023521423, 1.5531538724899292, 0.999542772769928, 0.7973125576972961, 1.1790586709976196, -0.6354227066040039, 0.18301118910312653, 0.9350526332855225, 1.6699165105819702, 0.7527415156364441, -0.8534795641899109, -0.56285160779953, -1.1145511865615845, -0.57418292760849, -0.7257587313652039, -1.3875477313995361, 1.5595965385437012, 1.1166924238204956, 1.4932104349136353, -1.7110347747802734, 0.422991007566452, 0.47933611273765564, 0.1748674064874649, -0.7887117862701416, -1.739356279373169, -2.0092928409576416, 0.3686892092227936, -1.0219885110855103, -0.6211652755737305, 0.15838004648685455, -0.9299578666687012, 1.6405187845230103, -0.5937792062759399, -0.15163791179656982, -0.29277503490448, -0.7369266748428345, 1.158991813659668, 0.651247501373291, -0.21111026406288147]]]

gin
[[[-1.400770902633667, -1.0380289554595947, -0.3464318811893463, 1.0778311491012573, -0.4105429947376251, -0.3943731188774109, -0.8472307324409485, -0.2652477025985718, -0.22139094769954681, 1.5620874166488647, -0.3563355803489685, -1.3050611019134521, 0.1685495674610138, -0.8698678016662598, 0.48821383714675903, -0.596777617931366, -0.8037289381027222, 0.9781585931777954, -0.2258862555027008, -2.9703550338745117, 0.2935349941253662, 0.5131417512893677, -1.4543209075927734, 0.5598595142364502, 0.5908256769180298, -1.2113183736801147, 1.2612260580062866, -0.9837281107902527, 0.40993937849998474, -1.227445363998413, -0.7721105813980103, -1.1519343852996826, 1.1304348707199097, 1.1769782304763794, 0.31737834215164185, -0.07491745799779892, 0.3995685279369354, 0.5331791639328003, -0.5099682211875916, -0.2488957941532135, -0.22830942273139954, -1.2613099813461304, -1.3601082563400269, -0.9046957492828369, -0.9578100442886353, -0.8777474164962769, 0.3393307328224182, -1.3066496849060059, 0.7199459075927734, 0.41438600420951843, -0.3759964108467102, -1.8574994802474976, -0.23788891732692719, -0.006578645668923855, 0.88129061460495, 0.37303730845451355, 0.7351255416870117, 0.762216329574585, -1.6037598848342896, 1.1528857946395874, 0.9398691654205322, 1.1576764583587646, 1.297054648399353, -0.049434904009103775, 0.4160236716270447, 0.1310349851846695, 0.6078827381134033, 1.4396286010742188, 1.3678852319717407, 1.2944239377975464, -0.34218913316726685, 0.22217178344726562, -0.40737801790237427, 0.8915380239486694, 2.1386070251464844, -0.44973617792129517, 0.10667453706264496, 0.235664501786232, 2.04430890083313, 0.8794355392456055, -0.9604863524436951, -1.0485461950302124, 1.0282422304153442, -0.5009854435920715, -0.7252629399299622, -1.0272470712661743, 1.1739579439163208, 1.2081210613250732, 0.33056387305259705, -0.8306251168251038, 1.681551218032837, 1.3897745609283447, 0.464047372341156, -0.37516167759895325, -1.6909475326538086, -0.23126615583896637, 1.2762196063995361, 1.5924326181411743, 0.7095226049423218, -0.9288623332977295, 0.500033438205719, -1.2783253192901611, -1.2575210332870483, -1.8881621360778809, -0.594340980052948, 1.904241919517517, 1.1493947505950928, 0.8483655452728271, -1.0589573383331299, -0.10608484596014023, 0.6636923551559448, -1.0745879411697388, 0.15946945548057556, -1.195259690284729, -1.434456706047058, 0.2363911122083664, -1.1090397834777832, -1.2870762348175049, 0.7206141352653503, -1.1456353664398193, 1.9186899662017822, 0.17532014846801758, 0.06048644706606865, 0.23429737985134125, -0.2257731705904007, 1.5509735345840454, 0.14881658554077148, 0.7541466355323792]]]

alcohol
[[[-1.504928469657898, -1.5105946063995361, -0.5695869326591492, 0.6185593008995056, -0.7694875001907349, 0.031643886119127274, -0.3848554193973541, -0.38277533650398254, -0.09471374750137329, 1.5798022747039795, -0.3359382748603821, -1.0162192583084106, 1.0368032455444336, -0.5615497827529907, -0.19310058653354645, -1.472978949546814, -0.5084110498428345, 1.5883407592773438, -0.03890400752425194, -1.9792832136154175, 0.29705774784088135, 0.35454443097114563, -1.4329906702041626, 0.6838904619216919, 0.7735544443130493, -1.3428537845611572, 1.3721503019332886, -0.7097632884979248, -0.37179282307624817, -1.1135704517364502, -0.6879498362541199, -1.2796547412872314, 1.6182266473770142, 1.4447301626205444, -0.2558120787143707, -0.44806843996047974, 0.140085831284523, -0.10844450443983078, -0.8419278264045715, -0.6759112477302551, -0.12647250294685364, -1.4111449718475342, -0.8532236218452454, -0.20305640995502472, -0.5413033366203308, -1.2279372215270996, -0.3373003900051117, -1.0805237293243408, 0.7599726915359497, 0.8758116960525513, -0.7276483774185181, -1.4983501434326172, -0.43199622631073, -0.4053938686847687, 0.5342795848846436, 1.0587546825408936, 0.908819854259491, 1.164344310760498, -1.659643530845642, 1.212663173675537, 0.49403271079063416, 0.6907564997673035, 0.9843333959579468, 0.3428111970424652, -0.11149957776069641, 0.010291666723787785, 0.9586220979690552, 0.7538788318634033, 1.261383295059204, 1.2399057149887085, -0.2681073248386383, -0.23996466398239136, -0.2900606095790863, 0.94661945104599, 2.446471929550171, -0.39925673604011536, 0.14987222850322723, 0.2533940076828003, 1.8439370393753052, 0.8332208395004272, -0.8497987389564514, -0.7135920524597168, 0.6941493153572083, -0.7754160761833191, -0.9457625150680542, -1.9165031909942627, 1.1099570989608765, 1.1556326150894165, -0.31945472955703735, -0.9402610659599304, 1.6035518646240234, 1.60893976688385, 0.45769640803337097, -0.25343966484069824, -1.9820315837860107, -0.2695564329624176, 0.1605185866355896, 1.924446702003479, 0.8310880661010742, -0.844023585319519, 0.45176780223846436, -1.3175392150878906, -0.7302923798561096, -1.9985536336898804, -0.6114621758460999, 2.361990451812744, 1.5921131372451782, 0.9888333678245544, -0.7325389385223389, -0.8257251977920532, 0.9043236374855042, -0.650449275970459, 0.09502953290939331, -1.288356900215149, -0.6000228524208069, 0.3979722261428833, -1.2081900835037231, -0.8709652423858643, 0.9585397839546204, -0.9357014298439026, 1.1446532011032104, 0.6484191417694092, 0.028209511190652847, 0.8863272666931152, 0.035771846771240234, 0.936245858669281, 0.558927595615387, 1.1859177350997925]]]

grenadine
[[[0.08098570257425308, -0.2672562897205353, 0.25342920422554016, 1.4996289014816284, -0.6914395689964294, 0.26587116718292236, -1.4225456714630127, -1.2494492530822754, 0.024121440947055817, 1.913169026374817, 0.2020568996667862, -0.817566990852356, 0.6954758167266846, -0.5761496424674988, 0.7958276867866516, -1.7938908338546753, -0.6805362701416016, 0.8698368668556213, 0.016391124576330185, -2.824662446975708, 0.6133986115455627, -0.5878255367279053, -1.7374107837677002, 0.5031186938285828, -1.3604443073272705, -1.1204605102539062, 0.09386362880468369, -2.261139392852783, 0.08091624081134796, -0.4679059684276581, 0.08429373800754547, -1.2115058898925781, 0.19020824134349823, 0.3649492561817169, 1.3568246364593506, -0.8196972608566284, 0.012682143598794937, -0.1976003795862198, -0.12054602056741714, -0.7078084349632263, 0.018617767840623856, -1.2745985984802246, -0.7888532280921936, 0.02490314282476902, -0.11135070025920868, 0.13502754271030426, 0.15111565589904785, 0.05641785264015198, 0.6598197221755981, 0.5919095277786255, -0.6417014598846436, -0.7309433817863464, -0.07311587780714035, -0.06536722183227539, -0.033165693283081055, 0.4815550744533539, 0.8306207656860352, 1.2977014780044556, -1.1302542686462402, 1.1350419521331787, 1.7504808902740479, 0.06455529481172562, 0.9591822624206543, -0.1635127067565918, 0.15699557960033417, -1.4374215602874756, 0.6821585893630981, 0.851341724395752, 0.5390010476112366, 0.6428776383399963, 0.5798423290252686, -1.0252337455749512, -0.23591913282871246, 1.4454915523529053, 2.523555040359497, -0.03110928274691105, 0.20198622345924377, 2.533872127532959, 3.0929720401763916, 2.054295301437378, -1.6754578351974487, -1.2280724048614502, 1.2142891883850098, 0.19391286373138428, -0.4791083037853241, -0.5617666244506836, 2.0118143558502197, 0.6210302114486694, 0.003531500929966569, -1.2251713275909424, 0.4468280076980591, 0.7141563296318054, 1.560022234916687, 0.5390190482139587, -1.2509686946868896, 0.47624239325523376, 0.8360822796821594, 1.2714461088180542, 0.29622820019721985, -1.1247280836105347, -0.38593268394470215, -0.6351163387298584, -0.07343847304582596, -0.8794533014297485, -0.9385058879852295, 2.109492540359497, 0.43956780433654785, 0.48595893383026123, -0.6932470202445984, -0.11562144756317139, -0.21609099209308624, 0.29536697268486023, -0.9294232130050659, -1.4101758003234863, -1.2878241539001465, -0.022112997248768806, -0.9907886385917664, -0.010213878937065601, -1.1928935050964355, -0.6047348380088806, 0.6758897304534912, -0.13394516706466675, -0.12606701254844666, -0.3914383351802826, -1.061678171157837, 0.8507421612739563, -0.08401903510093689, -0.033628035336732864]]]

gin
[[[-1.400770902633667, -1.0380289554595947, -0.3464318811893463, 1.0778311491012573, -0.4105429947376251, -0.3943731188774109, -0.8472307324409485, -0.2652477025985718, -0.22139094769954681, 1.5620874166488647, -0.3563355803489685, -1.3050611019134521, 0.1685495674610138, -0.8698678016662598, 0.48821383714675903, -0.596777617931366, -0.8037289381027222, 0.9781585931777954, -0.2258862555027008, -2.9703550338745117, 0.2935349941253662, 0.5131417512893677, -1.4543209075927734, 0.5598595142364502, 0.5908256769180298, -1.2113183736801147, 1.2612260580062866, -0.9837281107902527, 0.40993937849998474, -1.227445363998413, -0.7721105813980103, -1.1519343852996826, 1.1304348707199097, 1.1769782304763794, 0.31737834215164185, -0.07491745799779892, 0.3995685279369354, 0.5331791639328003, -0.5099682211875916, -0.2488957941532135, -0.22830942273139954, -1.2613099813461304, -1.3601082563400269, -0.9046957492828369, -0.9578100442886353, -0.8777474164962769, 0.3393307328224182, -1.3066496849060059, 0.7199459075927734, 0.41438600420951843, -0.3759964108467102, -1.8574994802474976, -0.23788891732692719, -0.006578645668923855, 0.88129061460495, 0.37303730845451355, 0.7351255416870117, 0.762216329574585, -1.6037598848342896, 1.1528857946395874, 0.9398691654205322, 1.1576764583587646, 1.297054648399353, -0.049434904009103775, 0.4160236716270447, 0.1310349851846695, 0.6078827381134033, 1.4396286010742188, 1.3678852319717407, 1.2944239377975464, -0.34218913316726685, 0.22217178344726562, -0.40737801790237427, 0.8915380239486694, 2.1386070251464844, -0.44973617792129517, 0.10667453706264496, 0.235664501786232, 2.04430890083313, 0.8794355392456055, -0.9604863524436951, -1.0485461950302124, 1.0282422304153442, -0.5009854435920715, -0.7252629399299622, -1.0272470712661743, 1.1739579439163208, 1.2081210613250732, 0.33056387305259705, -0.8306251168251038, 1.681551218032837, 1.3897745609283447, 0.464047372341156, -0.37516167759895325, -1.6909475326538086, -0.23126615583896637, 1.2762196063995361, 1.5924326181411743, 0.7095226049423218, -0.9288623332977295, 0.500033438205719, -1.2783253192901611, -1.2575210332870483, -1.8881621360778809, -0.594340980052948, 1.904241919517517, 1.1493947505950928, 0.8483655452728271, -1.0589573383331299, -0.10608484596014023, 0.6636923551559448, -1.0745879411697388, 0.15946945548057556, -1.195259690284729, -1.434456706047058, 0.2363911122083664, -1.1090397834777832, -1.2870762348175049, 0.7206141352653503, -1.1456353664398193, 1.9186899662017822, 0.17532014846801758, 0.06048644706606865, 0.23429737985134125, -0.2257731705904007, 1.5509735345840454, 0.14881658554077148, 0.7541466355323792]]]

bitters
[[[-0.24956035614013672, -0.9300441741943359, -0.08081705123186111, 1.1663793325424194, -1.0866875648498535, 0.5165696144104004, -1.4328120946884155, -0.9829836487770081, -0.3674931228160858, 1.2163528203964233, -0.9643979072570801, -1.295445203781128, -0.07540231943130493, -1.1373248100280762, 0.350547194480896, -1.1050690412521362, -0.9218845367431641, 0.9998205304145813, 0.0057506263256073, -1.7673040628433228, 0.2676995098590851, 0.07124686241149902, -0.3160262107849121, -0.09309147298336029, -0.41521596908569336, -0.8315735459327698, 0.7097159028053284, -1.674359917640686, 0.14181019365787506, -1.1058480739593506, -0.9846563935279846, -0.7088475227355957, 0.44860661029815674, 1.8639492988586426, 0.7115467190742493, -0.00920652225613594, -0.39722052216529846, 0.2913981080055237, 0.1644006371498108, -0.13208675384521484, -0.32857510447502136, -1.6535422801971436, -1.4435622692108154, -0.27950772643089294, -0.02307979017496109, -0.8849191665649414, 0.3060099482536316, -1.472633957862854, 0.9227653741836548, 0.48743942379951477, -0.9522655010223389, -0.870262861251831, -0.2622978687286377, -0.7860295176506042, -0.011492722667753696, 0.7202898263931274, 0.5958854556083679, 0.1176190972328186, -1.0330668687820435, 1.3941727876663208, 1.5931482315063477, 0.4245799481868744, 1.4041216373443604, 0.5595014691352844, -0.3218627870082855, -1.0812913179397583, 0.8154200911521912, 0.9734888672828674, 1.0829094648361206, 0.9585970640182495, 0.2830471694469452, 0.39697158336639404, -0.22568315267562866, 0.8590171933174133, 2.1689295768737793, -0.16227732598781586, 0.6849719285964966, 1.0100436210632324, 2.3689217567443848, 1.1162291765213013, -0.5857989192008972, -0.5931793451309204, 1.3739099502563477, 0.15991054475307465, -0.9992026090621948, -0.8049664497375488, 1.6560192108154297, 0.799504816532135, 0.024161890149116516, -0.6605583429336548, 0.599626362323761, 0.8009873628616333, 0.9497694373130798, 0.5529873967170715, -1.0510661602020264, 0.22037173807621002, 0.7990811467170715, 2.13142466545105, 1.2131383419036865, -0.583346426486969, -0.173246830701828, -0.43585774302482605, -0.7562593817710876, -1.4450129270553589, -0.8927313089370728, 2.7253923416137695, 1.1419233083724976, 1.1313380002975464, -1.5739881992340088, 0.04341650381684303, 0.37451881170272827, -0.7891579270362854, -0.7523934245109558, -2.493945598602295, -1.9737051725387573, -0.18551716208457947, -1.8857039213180542, -0.39761361479759216, 0.5832868814468384, -0.7985920906066895, 1.2829492092132568, 0.3254432678222656, -0.7514531016349792, -0.1327359974384308, -0.4788665771484375, 2.145475387573242, 0.6299465894699097, 0.21815089881420135]]]

gin
[[[-1.400770902633667, -1.0380289554595947, -0.3464318811893463, 1.0778311491012573, -0.4105429947376251, -0.3943731188774109, -0.8472307324409485, -0.2652477025985718, -0.22139094769954681, 1.5620874166488647, -0.3563355803489685, -1.3050611019134521, 0.1685495674610138, -0.8698678016662598, 0.48821383714675903, -0.596777617931366, -0.8037289381027222, 0.9781585931777954, -0.2258862555027008, -2.9703550338745117, 0.2935349941253662, 0.5131417512893677, -1.4543209075927734, 0.5598595142364502, 0.5908256769180298, -1.2113183736801147, 1.2612260580062866, -0.9837281107902527, 0.40993937849998474, -1.227445363998413, -0.7721105813980103, -1.1519343852996826, 1.1304348707199097, 1.1769782304763794, 0.31737834215164185, -0.07491745799779892, 0.3995685279369354, 0.5331791639328003, -0.5099682211875916, -0.2488957941532135, -0.22830942273139954, -1.2613099813461304, -1.3601082563400269, -0.9046957492828369, -0.9578100442886353, -0.8777474164962769, 0.3393307328224182, -1.3066496849060059, 0.7199459075927734, 0.41438600420951843, -0.3759964108467102, -1.8574994802474976, -0.23788891732692719, -0.006578645668923855, 0.88129061460495, 0.37303730845451355, 0.7351255416870117, 0.762216329574585, -1.6037598848342896, 1.1528857946395874, 0.9398691654205322, 1.1576764583587646, 1.297054648399353, -0.049434904009103775, 0.4160236716270447, 0.1310349851846695, 0.6078827381134033, 1.4396286010742188, 1.3678852319717407, 1.2944239377975464, -0.34218913316726685, 0.22217178344726562, -0.40737801790237427, 0.8915380239486694, 2.1386070251464844, -0.44973617792129517, 0.10667453706264496, 0.235664501786232, 2.04430890083313, 0.8794355392456055, -0.9604863524436951, -1.0485461950302124, 1.0282422304153442, -0.5009854435920715, -0.7252629399299622, -1.0272470712661743, 1.1739579439163208, 1.2081210613250732, 0.33056387305259705, -0.8306251168251038, 1.681551218032837, 1.3897745609283447, 0.464047372341156, -0.37516167759895325, -1.6909475326538086, -0.23126615583896637, 1.2762196063995361, 1.5924326181411743, 0.7095226049423218, -0.9288623332977295, 0.500033438205719, -1.2783253192901611, -1.2575210332870483, -1.8881621360778809, -0.594340980052948, 1.904241919517517, 1.1493947505950928, 0.8483655452728271, -1.0589573383331299, -0.10608484596014023, 0.6636923551559448, -1.0745879411697388, 0.15946945548057556, -1.195259690284729, -1.434456706047058, 0.2363911122083664, -1.1090397834777832, -1.2870762348175049, 0.7206141352653503, -1.1456353664398193, 1.9186899662017822, 0.17532014846801758, 0.06048644706606865, 0.23429737985134125, -0.2257731705904007, 1.5509735345840454, 0.14881658554077148, 0.7541466355323792]]]

john f kennedy
[[[-1.3419846296310425, -0.44230562448501587, 1.0737791061401367, 0.5078137516975403, -0.1003367006778717, 1.2522658109664917, -1.4520201683044434, -0.3778637647628784, -0.19646917283535004, 1.513293981552124, 0.049566809087991714, -0.98878413438797, -1.0018305778503418, -0.6838175654411316, 0.838524580001831, -0.7948797941207886, -1.0373327732086182, 0.4711124002933502, 0.25902891159057617, -1.401995062828064, -0.07743924111127853, 0.8037732839584351, -0.9532221555709839, 1.6514230966567993, 0.12006407231092453, -1.3808826208114624, 1.1031787395477295, -1.7770746946334839, -0.15145842730998993, -0.4394451677799225, -0.624079167842865, -1.4847642183303833, 1.068779706954956, 0.41266515851020813, 0.5426915884017944, 0.49838459491729736, 0.04009146988391876, 0.10058184713125229, -0.9265736937522888, -0.6735228896141052, 0.3810715675354004, -1.6422789096832275, -0.08206921070814133, -0.5636734366416931, 0.507488489151001, 0.5510895848274231, 0.07039804756641388, -0.8039693236351013, 0.4491572678089142, 1.294466495513916, -1.133482813835144, -1.3182117938995361, -1.4024866819381714, 0.3599177598953247, 0.5548022985458374, 0.20471763610839844, 0.15610553324222565, 0.6593337655067444, -0.6012688279151917, 0.8682091236114502, 1.6887876987457275, 1.3456990718841553, 0.8511828184127808, -0.09227044135332108, -0.2892912030220032, -0.8875492811203003, -0.1556788980960846, 0.7612616419792175, 1.0966744422912598, -0.1439875215291977, 0.4544479548931122, 0.3702525198459625, -1.1239759922027588, 1.5896410942077637, 1.8056614398956299, -0.6196845173835754, 0.5493465662002563, -0.13605642318725586, 1.196977138519287, 1.724779725074768, -1.3515623807907104, -0.5466760396957397, 1.384865641593933, 0.5934794545173645, -0.6067043542861938, 0.30367404222488403, 1.6166354417800903, -0.40351757407188416, 0.437786728143692, -1.1039423942565918, 0.8110693693161011, 0.15287986397743225, 0.30101868510246277, 0.28557872772216797, -0.7657561898231506, 0.11003788560628891, 1.3065367937088013, 1.169421672821045, 0.9139916896820068, -0.5527227520942688, 0.10023855417966843, -1.096295714378357, -1.1125435829162598, -0.0694352388381958, -0.9144154787063599, 2.053914785385132, 2.1271865367889404, 1.018999457359314, -1.934027910232544, -0.23267465829849243, -0.7852077484130859, 0.7808737754821777, -1.111336350440979, -1.7186648845672607, -2.46400785446167, 0.2570064961910248, -1.6728971004486084, -0.3332492709159851, 0.4010430872440338, -1.0186476707458496, 2.406113862991333, -0.42859789729118347, 0.35253944993019104, 0.062364254146814346, -1.5461734533309937, 0.9990081191062927, 1.0573912858963013, -1.7290700674057007]]]

abraham lincoln
[[[-0.655979335308075, -0.9443276524543762, 0.4082932770252228, -0.33366015553474426, -0.24613766372203827, 1.386420488357544, -0.692830502986908, -0.45775875449180603, 0.6427264213562012, 1.9037281274795532, -0.10155420750379562, -1.154061198234558, 0.5352518558502197, -0.8746576905250549, 0.6891449689865112, -0.7999843955039978, -0.9420379996299744, 1.1718558073043823, 1.642412781715393, -1.6905474662780762, 0.10019984841346741, 0.9035482406616211, -1.3727695941925049, 0.18871527910232544, -0.32465505599975586, -0.9398058652877808, 0.5118114948272705, -0.7622581720352173, 0.8006502985954285, -0.05090356990695, 0.5313546657562256, -1.515946865081787, -0.30433958768844604, 2.206264019012451, 1.4883965253829956, 0.393463671207428, -1.069056749343872, -0.17124022543430328, 0.07371638715267181, -0.40352556109428406, 0.06750047206878662, -2.0650060176849365, -1.78935968875885, -0.14532877504825592, -0.560569703578949, -0.015262533910572529, 0.44837090373039246, -2.029627561569214, 0.6993759870529175, 0.8724048733711243, -1.8648029565811157, -1.770944595336914, -0.8617379069328308, -0.2963835597038269, 0.7001001238822937, 0.3274477422237396, 1.3528201580047607, 0.09625038504600525, -0.890869140625, 0.7591107487678528, 1.6670483350753784, 1.0739096403121948, 2.2064576148986816, 0.11949333548545837, -0.9836530685424805, -0.4415062963962555, 0.14019010961055756, 0.19384923577308655, 0.2219182252883911, -0.12262244522571564, 0.4349835515022278, -0.26306721568107605, -0.2591154873371124, 0.9857903718948364, 1.415589690208435, -0.7292541861534119, 0.6633565425872803, -0.7068734169006348, 2.045748710632324, 0.22707752883434296, -1.246446967124939, -0.05096589773893356, 1.2945973873138428, -0.13369721174240112, 1.004319667816162, -0.048247382044792175, 1.3146151304244995, 0.47918909788131714, -0.8486577272415161, -0.315305233001709, 0.805971086025238, 0.46324968338012695, 0.2879965901374817, -0.2953130900859833, -0.012002442963421345, -0.1853160262107849, -0.22616401314735413, 0.4913083016872406, 0.8339146375656128, -0.4358397424221039, 1.0889476537704468, -1.2758519649505615, -0.3435090184211731, -1.697244644165039, -1.486266016960144, 1.8139396905899048, 1.6502245664596558, 1.391059398651123, -2.3381752967834473, 1.0111349821090698, -0.49254709482192993, 0.25653284788131714, -1.2701904773712158, -1.1725434064865112, -1.7825974225997925, 0.4743947982788086, -1.9847885370254517, 0.6331630349159241, 0.03068726137280464, 0.5179857015609741, 1.460685133934021, -0.4681152403354645, 0.4103613793849945, 0.9962776303291321, -1.174078345298767, 0.16457043588161469, -0.4011428952217102, 0.11715493351221085]]]

abraham lincoln
[[[-0.655979335308075, -0.9443276524543762, 0.4082932770252228, -0.33366015553474426, -0.24613766372203827, 1.386420488357544, -0.692830502986908, -0.45775875449180603, 0.6427264213562012, 1.9037281274795532, -0.10155420750379562, -1.154061198234558, 0.5352518558502197, -0.8746576905250549, 0.6891449689865112, -0.7999843955039978, -0.9420379996299744, 1.1718558073043823, 1.642412781715393, -1.6905474662780762, 0.10019984841346741, 0.9035482406616211, -1.3727695941925049, 0.18871527910232544, -0.32465505599975586, -0.9398058652877808, 0.5118114948272705, -0.7622581720352173, 0.8006502985954285, -0.05090356990695, 0.5313546657562256, -1.515946865081787, -0.30433958768844604, 2.206264019012451, 1.4883965253829956, 0.393463671207428, -1.069056749343872, -0.17124022543430328, 0.07371638715267181, -0.40352556109428406, 0.06750047206878662, -2.0650060176849365, -1.78935968875885, -0.14532877504825592, -0.560569703578949, -0.015262533910572529, 0.44837090373039246, -2.029627561569214, 0.6993759870529175, 0.8724048733711243, -1.8648029565811157, -1.770944595336914, -0.8617379069328308, -0.2963835597038269, 0.7001001238822937, 0.3274477422237396, 1.3528201580047607, 0.09625038504600525, -0.890869140625, 0.7591107487678528, 1.6670483350753784, 1.0739096403121948, 2.2064576148986816, 0.11949333548545837, -0.9836530685424805, -0.4415062963962555, 0.14019010961055756, 0.19384923577308655, 0.2219182252883911, -0.12262244522571564, 0.4349835515022278, -0.26306721568107605, -0.2591154873371124, 0.9857903718948364, 1.415589690208435, -0.7292541861534119, 0.6633565425872803, -0.7068734169006348, 2.045748710632324, 0.22707752883434296, -1.246446967124939, -0.05096589773893356, 1.2945973873138428, -0.13369721174240112, 1.004319667816162, -0.048247382044792175, 1.3146151304244995, 0.47918909788131714, -0.8486577272415161, -0.315305233001709, 0.805971086025238, 0.46324968338012695, 0.2879965901374817, -0.2953130900859833, -0.012002442963421345, -0.1853160262107849, -0.22616401314735413, 0.4913083016872406, 0.8339146375656128, -0.4358397424221039, 1.0889476537704468, -1.2758519649505615, -0.3435090184211731, -1.697244644165039, -1.486266016960144, 1.8139396905899048, 1.6502245664596558, 1.391059398651123, -2.3381752967834473, 1.0111349821090698, -0.49254709482192993, 0.25653284788131714, -1.2701904773712158, -1.1725434064865112, -1.7825974225997925, 0.4743947982788086, -1.9847885370254517, 0.6331630349159241, 0.03068726137280464, 0.5179857015609741, 1.460685133934021, -0.4681152403354645, 0.4103613793849945, 0.9962776303291321, -1.174078345298767, 0.16457043588161469, -0.4011428952217102, 0.11715493351221085]]]

abraham lincoln
[[[-0.655979335308075, -0.9443276524543762, 0.4082932770252228, -0.33366015553474426, -0.24613766372203827, 1.386420488357544, -0.692830502986908, -0.45775875449180603, 0.6427264213562012, 1.9037281274795532, -0.10155420750379562, -1.154061198234558, 0.5352518558502197, -0.8746576905250549, 0.6891449689865112, -0.7999843955039978, -0.9420379996299744, 1.1718558073043823, 1.642412781715393, -1.6905474662780762, 0.10019984841346741, 0.9035482406616211, -1.3727695941925049, 0.18871527910232544, -0.32465505599975586, -0.9398058652877808, 0.5118114948272705, -0.7622581720352173, 0.8006502985954285, -0.05090356990695, 0.5313546657562256, -1.515946865081787, -0.30433958768844604, 2.206264019012451, 1.4883965253829956, 0.393463671207428, -1.069056749343872, -0.17124022543430328, 0.07371638715267181, -0.40352556109428406, 0.06750047206878662, -2.0650060176849365, -1.78935968875885, -0.14532877504825592, -0.560569703578949, -0.015262533910572529, 0.44837090373039246, -2.029627561569214, 0.6993759870529175, 0.8724048733711243, -1.8648029565811157, -1.770944595336914, -0.8617379069328308, -0.2963835597038269, 0.7001001238822937, 0.3274477422237396, 1.3528201580047607, 0.09625038504600525, -0.890869140625, 0.7591107487678528, 1.6670483350753784, 1.0739096403121948, 2.2064576148986816, 0.11949333548545837, -0.9836530685424805, -0.4415062963962555, 0.14019010961055756, 0.19384923577308655, 0.2219182252883911, -0.12262244522571564, 0.4349835515022278, -0.26306721568107605, -0.2591154873371124, 0.9857903718948364, 1.415589690208435, -0.7292541861534119, 0.6633565425872803, -0.7068734169006348, 2.045748710632324, 0.22707752883434296, -1.246446967124939, -0.05096589773893356, 1.2945973873138428, -0.13369721174240112, 1.004319667816162, -0.048247382044792175, 1.3146151304244995, 0.47918909788131714, -0.8486577272415161, -0.315305233001709, 0.805971086025238, 0.46324968338012695, 0.2879965901374817, -0.2953130900859833, -0.012002442963421345, -0.1853160262107849, -0.22616401314735413, 0.4913083016872406, 0.8339146375656128, -0.4358397424221039, 1.0889476537704468, -1.2758519649505615, -0.3435090184211731, -1.697244644165039, -1.486266016960144, 1.8139396905899048, 1.6502245664596558, 1.391059398651123, -2.3381752967834473, 1.0111349821090698, -0.49254709482192993, 0.25653284788131714, -1.2701904773712158, -1.1725434064865112, -1.7825974225997925, 0.4743947982788086, -1.9847885370254517, 0.6331630349159241, 0.03068726137280464, 0.5179857015609741, 1.460685133934021, -0.4681152403354645, 0.4103613793849945, 0.9962776303291321, -1.174078345298767, 0.16457043588161469, -0.4011428952217102, 0.11715493351221085]]]

ronald reagan
[[[-0.9048228859901428, 0.01577235572040081, 0.6208290457725525, 0.9769865870475769, -0.35745084285736084, 0.9400391578674316, -1.7340421676635742, -0.7671420574188232, -0.11546236276626587, 2.3662750720977783, -0.18495886027812958, -0.8968468904495239, 0.6081434488296509, -1.0277358293533325, 0.6345648169517517, -1.9931234121322632, -0.21750618517398834, 0.752628743648529, 0.8047821521759033, -2.8242411613464355, 0.44062599539756775, -0.482822448015213, -1.78070867061615, 0.7578133344650269, -0.71470707654953, -1.295358657836914, 0.9187416434288025, -1.900147795677185, 0.15523883700370789, -1.1614158153533936, 0.025338610634207726, -0.9449102878570557, 0.18183502554893494, -0.1587044596672058, 1.474536418914795, -0.11947024613618851, 0.6547118425369263, 0.18803909420967102, 0.09305509924888611, 0.053265281021595, -0.8977706432342529, -1.485329270362854, -1.3365520238876343, -0.9292786717414856, 0.38362985849380493, 0.37221717834472656, 0.8794786334037781, -0.18692487478256226, 0.25874602794647217, 0.07276616245508194, -0.39276179671287537, -0.7229248285293579, 0.5427438020706177, 0.38724952936172485, -0.2353399246931076, -0.04620414599776268, 0.5186657905578613, 0.8962506651878357, -1.1194473505020142, 0.5041825771331787, 1.4761042594909668, 0.438093364238739, 0.963083028793335, -0.00765278609469533, -0.07056447863578796, -0.6924973130226135, -0.5429531335830688, 1.0140938758850098, 0.9353975057601929, 0.4928746521472931, -0.04590568691492081, -0.2697528600692749, -0.29013150930404663, 1.7226433753967285, 1.7392750978469849, -0.8201088905334473, 0.4989485442638397, 0.9317934513092041, 2.444385051727295, 2.6361072063446045, -1.914886236190796, -1.4746772050857544, 1.3555530309677124, -0.02808489091694355, 0.3138951063156128, 1.0652518272399902, 1.9482604265213013, -0.09137198328971863, 0.16830042004585266, -0.9021337032318115, 0.5221874117851257, 1.2958157062530518, 1.1772491931915283, 0.18627050518989563, -0.6849849820137024, -0.20310281217098236, 1.2555594444274902, 0.971507728099823, 0.37086835503578186, -0.23897606134414673, -0.39310768246650696, -1.150749683380127, -0.31969043612480164, -0.20357473194599152, -0.5567033886909485, 0.648220419883728, 1.2237601280212402, 1.1033051013946533, -0.8539385795593262, 0.11834841221570969, -0.3849810063838959, 0.7019333243370056, -1.1262236833572388, -1.4117799997329712, -2.186330556869507, -0.35783958435058594, -1.4392542839050293, -0.05859794840216637, -0.8861420750617981, -0.42129042744636536, 1.8639847040176392, -0.33197882771492004, -0.42893821001052856, -0.849442183971405, -1.623216986656189, 1.0413379669189453, -0.2895576059818268, 0.38167551159858704]]]

abraham lincoln
[[[-0.655979335308075, -0.9443276524543762, 0.4082932770252228, -0.33366015553474426, -0.24613766372203827, 1.386420488357544, -0.692830502986908, -0.45775875449180603, 0.6427264213562012, 1.9037281274795532, -0.10155420750379562, -1.154061198234558, 0.5352518558502197, -0.8746576905250549, 0.6891449689865112, -0.7999843955039978, -0.9420379996299744, 1.1718558073043823, 1.642412781715393, -1.6905474662780762, 0.10019984841346741, 0.9035482406616211, -1.3727695941925049, 0.18871527910232544, -0.32465505599975586, -0.9398058652877808, 0.5118114948272705, -0.7622581720352173, 0.8006502985954285, -0.05090356990695, 0.5313546657562256, -1.515946865081787, -0.30433958768844604, 2.206264019012451, 1.4883965253829956, 0.393463671207428, -1.069056749343872, -0.17124022543430328, 0.07371638715267181, -0.40352556109428406, 0.06750047206878662, -2.0650060176849365, -1.78935968875885, -0.14532877504825592, -0.560569703578949, -0.015262533910572529, 0.44837090373039246, -2.029627561569214, 0.6993759870529175, 0.8724048733711243, -1.8648029565811157, -1.770944595336914, -0.8617379069328308, -0.2963835597038269, 0.7001001238822937, 0.3274477422237396, 1.3528201580047607, 0.09625038504600525, -0.890869140625, 0.7591107487678528, 1.6670483350753784, 1.0739096403121948, 2.2064576148986816, 0.11949333548545837, -0.9836530685424805, -0.4415062963962555, 0.14019010961055756, 0.19384923577308655, 0.2219182252883911, -0.12262244522571564, 0.4349835515022278, -0.26306721568107605, -0.2591154873371124, 0.9857903718948364, 1.415589690208435, -0.7292541861534119, 0.6633565425872803, -0.7068734169006348, 2.045748710632324, 0.22707752883434296, -1.246446967124939, -0.05096589773893356, 1.2945973873138428, -0.13369721174240112, 1.004319667816162, -0.048247382044792175, 1.3146151304244995, 0.47918909788131714, -0.8486577272415161, -0.315305233001709, 0.805971086025238, 0.46324968338012695, 0.2879965901374817, -0.2953130900859833, -0.012002442963421345, -0.1853160262107849, -0.22616401314735413, 0.4913083016872406, 0.8339146375656128, -0.4358397424221039, 1.0889476537704468, -1.2758519649505615, -0.3435090184211731, -1.697244644165039, -1.486266016960144, 1.8139396905899048, 1.6502245664596558, 1.391059398651123, -2.3381752967834473, 1.0111349821090698, -0.49254709482192993, 0.25653284788131714, -1.2701904773712158, -1.1725434064865112, -1.7825974225997925, 0.4743947982788086, -1.9847885370254517, 0.6331630349159241, 0.03068726137280464, 0.5179857015609741, 1.460685133934021, -0.4681152403354645, 0.4103613793849945, 0.9962776303291321, -1.174078345298767, 0.16457043588161469, -0.4011428952217102, 0.11715493351221085]]]

abraham lincoln
[[[-0.655979335308075, -0.9443276524543762, 0.4082932770252228, -0.33366015553474426, -0.24613766372203827, 1.386420488357544, -0.692830502986908, -0.45775875449180603, 0.6427264213562012, 1.9037281274795532, -0.10155420750379562, -1.154061198234558, 0.5352518558502197, -0.8746576905250549, 0.6891449689865112, -0.7999843955039978, -0.9420379996299744, 1.1718558073043823, 1.642412781715393, -1.6905474662780762, 0.10019984841346741, 0.9035482406616211, -1.3727695941925049, 0.18871527910232544, -0.32465505599975586, -0.9398058652877808, 0.5118114948272705, -0.7622581720352173, 0.8006502985954285, -0.05090356990695, 0.5313546657562256, -1.515946865081787, -0.30433958768844604, 2.206264019012451, 1.4883965253829956, 0.393463671207428, -1.069056749343872, -0.17124022543430328, 0.07371638715267181, -0.40352556109428406, 0.06750047206878662, -2.0650060176849365, -1.78935968875885, -0.14532877504825592, -0.560569703578949, -0.015262533910572529, 0.44837090373039246, -2.029627561569214, 0.6993759870529175, 0.8724048733711243, -1.8648029565811157, -1.770944595336914, -0.8617379069328308, -0.2963835597038269, 0.7001001238822937, 0.3274477422237396, 1.3528201580047607, 0.09625038504600525, -0.890869140625, 0.7591107487678528, 1.6670483350753784, 1.0739096403121948, 2.2064576148986816, 0.11949333548545837, -0.9836530685424805, -0.4415062963962555, 0.14019010961055756, 0.19384923577308655, 0.2219182252883911, -0.12262244522571564, 0.4349835515022278, -0.26306721568107605, -0.2591154873371124, 0.9857903718948364, 1.415589690208435, -0.7292541861534119, 0.6633565425872803, -0.7068734169006348, 2.045748710632324, 0.22707752883434296, -1.246446967124939, -0.05096589773893356, 1.2945973873138428, -0.13369721174240112, 1.004319667816162, -0.048247382044792175, 1.3146151304244995, 0.47918909788131714, -0.8486577272415161, -0.315305233001709, 0.805971086025238, 0.46324968338012695, 0.2879965901374817, -0.2953130900859833, -0.012002442963421345, -0.1853160262107849, -0.22616401314735413, 0.4913083016872406, 0.8339146375656128, -0.4358397424221039, 1.0889476537704468, -1.2758519649505615, -0.3435090184211731, -1.697244644165039, -1.486266016960144, 1.8139396905899048, 1.6502245664596558, 1.391059398651123, -2.3381752967834473, 1.0111349821090698, -0.49254709482192993, 0.25653284788131714, -1.2701904773712158, -1.1725434064865112, -1.7825974225997925, 0.4743947982788086, -1.9847885370254517, 0.6331630349159241, 0.03068726137280464, 0.5179857015609741, 1.460685133934021, -0.4681152403354645, 0.4103613793849945, 0.9962776303291321, -1.174078345298767, 0.16457043588161469, -0.4011428952217102, 0.11715493351221085]]]

jimmy carter
[[[-1.308046817779541, 0.33225858211517334, 1.502838373184204, 0.14548087120056152, -0.24831965565681458, 1.001918911933899, -1.7103475332260132, -0.5143628120422363, -0.6659278869628906, 0.8183367252349854, 0.157846137881279, -1.7133307456970215, -0.03591782599687576, -1.43690824508667, 1.1662297248840332, -1.3803683519363403, -1.2059133052825928, 0.8702253699302673, 0.40828195214271545, -1.2226115465164185, 0.5627050399780273, 0.2595677673816681, -1.056308627128601, 1.1023271083831787, 0.4182790517807007, -1.0990612506866455, 0.06973960995674133, -1.7685014009475708, -0.0033255498856306076, -0.45947587490081787, -0.24963869154453278, -1.0274229049682617, 0.9314966201782227, -0.3693315386772156, 1.1847038269042969, -0.5263558030128479, 0.44462937116622925, 0.11458824574947357, -1.336658000946045, 0.5915807485580444, 0.2675682306289673, -1.1900135278701782, -0.07907409965991974, -0.6288197636604309, -0.6307120323181152, 1.614877700805664, 0.4670376479625702, -1.0489134788513184, 1.6692014932632446, 1.031240701675415, -0.6540830135345459, -1.2179714441299438, -0.9099074006080627, 0.5387094616889954, 0.42947059869766235, -0.1461852639913559, -0.09900754690170288, -0.3023521900177002, -0.5314955711364746, 0.19392476975917816, 1.3604906797409058, 1.3179478645324707, 0.7947247624397278, -0.10885131359100342, -0.22248828411102295, -1.8638674020767212, -0.32882875204086304, 0.8727558851242065, 0.1510230004787445, -0.38987651467323303, 1.5752590894699097, -0.26575976610183716, 0.07684891670942307, 1.5234713554382324, 1.5218900442123413, -1.1738947629928589, 0.7043264508247375, -0.030537305399775505, 1.860658884048462, 2.608225107192993, -1.6878191232681274, -1.368099570274353, 0.5524675846099854, -0.1853887438774109, -0.5098734498023987, 1.4908403158187866, 2.1472606658935547, -0.21529071033000946, 0.6435979604721069, -1.1894910335540771, 0.5630800724029541, 0.37986448407173157, -0.24932710826396942, 0.7849161028862, -1.0716118812561035, 0.19655081629753113, 0.32682791352272034, 0.24968910217285156, 0.6601570844650269, -0.4918895661830902, 0.2936900854110718, -0.6006152629852295, -0.8799196481704712, 0.24888786673545837, 0.07599971443414688, 1.7918858528137207, 1.600807547569275, 1.8750503063201904, -1.6683632135391235, -0.3384321630001068, -1.3007105588912964, 0.5409316420555115, -1.007200002670288, -1.1497306823730469, -2.276897430419922, 1.1903891563415527, -1.4233686923980713, 0.39572006464004517, -0.5050252676010132, -0.6065807342529297, 1.686803936958313, -0.546561062335968, 0.15936142206192017, 0.40671274065971375, -1.5263506174087524, 0.5357116460800171, 0.7131795287132263, -0.21375037729740143]]]

bethlehem
[[[-1.3759162425994873, -0.6417452692985535, 0.8478383421897888, 1.8069349527359009, 0.5884711742401123, 0.3809819221496582, -1.3444498777389526, -0.7251694202423096, -0.5420272946357727, 1.7426540851593018, -0.12709225714206696, -2.4044365882873535, 0.5539011359214783, -0.5228230357170105, 1.028950572013855, 0.04445556551218033, -0.3512100875377655, 1.1206011772155762, 1.1114572286605835, -2.344447135925293, 0.6042899489402771, 0.3828955888748169, -1.3088195323944092, 0.07059615105390549, 0.7066125869750977, 0.30496007204055786, 0.39139124751091003, -1.2492462396621704, 0.37976589798927307, -0.15808099508285522, -0.709377110004425, -1.757991909980774, -0.015497168526053429, 1.1928925514221191, 1.4741102457046509, -1.1093525886535645, -0.5881531834602356, 1.0336586236953735, -0.39061182737350464, -0.5482274293899536, 0.8852571249008179, -1.9090652465820312, -1.8634448051452637, -0.9844388365745544, -0.22227628529071808, -0.204701229929924, -0.2079702466726303, -1.8658196926116943, -0.0728749930858612, 0.6920944452285767, -0.47679439187049866, -1.0634145736694336, -0.3627932369709015, 0.05600292235612869, 0.3781938850879669, -0.09853319823741913, -0.23024170100688934, 0.24147824943065643, -1.2579294443130493, 1.590324878692627, 0.9544370174407959, 1.2716679573059082, 2.1349990367889404, -0.005736866965889931, 0.5682207942008972, -0.7383348941802979, -0.05381627380847931, 1.3646270036697388, -0.21589775383472443, 0.1988939642906189, -0.07979226857423782, -0.14171051979064941, -0.5439498424530029, 1.6446324586868286, 2.0157530307769775, 0.5986555814743042, 0.38938453793525696, -0.6157577037811279, 1.8426580429077148, 1.501486897468567, -1.0403938293457031, -1.7638726234436035, 0.9618226289749146, -0.21366839110851288, -0.2943498194217682, 1.0222947597503662, 1.1311287879943848, 0.6125234961509705, 0.3488621413707733, -0.1374388337135315, -0.0025867896620184183, -0.3732600808143616, 0.5525720119476318, 0.11438509076833725, -1.0643296241760254, 0.032487086951732635, 0.8243988752365112, 1.4789990186691284, 0.10626518726348877, -0.8702518939971924, 0.8580219745635986, -1.6681121587753296, -1.0659213066101074, -0.69216388463974, -0.5124205350875854, 0.9925497770309448, 1.459257960319519, 0.6454029679298401, -1.956337571144104, -0.6633529663085938, 0.21638695895671844, 0.12229762226343155, -0.6052035689353943, -1.118026852607727, -1.7023910284042358, 0.7649401426315308, -0.901086688041687, 0.7059962749481201, -0.30501899123191833, -1.1288143396377563, 1.8341670036315918, -0.6243628859519958, 1.1835218667984009, 0.3415955901145935, -1.2793688774108887, 0.9754130840301514, -0.4422556757926941, 0.47348228096961975]]]

abraham lincoln
[[[-0.655979335308075, -0.9443276524543762, 0.4082932770252228, -0.33366015553474426, -0.24613766372203827, 1.386420488357544, -0.692830502986908, -0.45775875449180603, 0.6427264213562012, 1.9037281274795532, -0.10155420750379562, -1.154061198234558, 0.5352518558502197, -0.8746576905250549, 0.6891449689865112, -0.7999843955039978, -0.9420379996299744, 1.1718558073043823, 1.642412781715393, -1.6905474662780762, 0.10019984841346741, 0.9035482406616211, -1.3727695941925049, 0.18871527910232544, -0.32465505599975586, -0.9398058652877808, 0.5118114948272705, -0.7622581720352173, 0.8006502985954285, -0.05090356990695, 0.5313546657562256, -1.515946865081787, -0.30433958768844604, 2.206264019012451, 1.4883965253829956, 0.393463671207428, -1.069056749343872, -0.17124022543430328, 0.07371638715267181, -0.40352556109428406, 0.06750047206878662, -2.0650060176849365, -1.78935968875885, -0.14532877504825592, -0.560569703578949, -0.015262533910572529, 0.44837090373039246, -2.029627561569214, 0.6993759870529175, 0.8724048733711243, -1.8648029565811157, -1.770944595336914, -0.8617379069328308, -0.2963835597038269, 0.7001001238822937, 0.3274477422237396, 1.3528201580047607, 0.09625038504600525, -0.890869140625, 0.7591107487678528, 1.6670483350753784, 1.0739096403121948, 2.2064576148986816, 0.11949333548545837, -0.9836530685424805, -0.4415062963962555, 0.14019010961055756, 0.19384923577308655, 0.2219182252883911, -0.12262244522571564, 0.4349835515022278, -0.26306721568107605, -0.2591154873371124, 0.9857903718948364, 1.415589690208435, -0.7292541861534119, 0.6633565425872803, -0.7068734169006348, 2.045748710632324, 0.22707752883434296, -1.246446967124939, -0.05096589773893356, 1.2945973873138428, -0.13369721174240112, 1.004319667816162, -0.048247382044792175, 1.3146151304244995, 0.47918909788131714, -0.8486577272415161, -0.315305233001709, 0.805971086025238, 0.46324968338012695, 0.2879965901374817, -0.2953130900859833, -0.012002442963421345, -0.1853160262107849, -0.22616401314735413, 0.4913083016872406, 0.8339146375656128, -0.4358397424221039, 1.0889476537704468, -1.2758519649505615, -0.3435090184211731, -1.697244644165039, -1.486266016960144, 1.8139396905899048, 1.6502245664596558, 1.391059398651123, -2.3381752967834473, 1.0111349821090698, -0.49254709482192993, 0.25653284788131714, -1.2701904773712158, -1.1725434064865112, -1.7825974225997925, 0.4743947982788086, -1.9847885370254517, 0.6331630349159241, 0.03068726137280464, 0.5179857015609741, 1.460685133934021, -0.4681152403354645, 0.4103613793849945, 0.9962776303291321, -1.174078345298767, 0.16457043588161469, -0.4011428952217102, 0.11715493351221085]]]

the cat
[[[-0.8400075435638428, -0.5093206167221069, 1.130834937095642, 0.7481938600540161, -0.7305459976196289, 0.5178737640380859, -1.118652105331421, -1.0242630243301392, 0.514030396938324, 0.8393980264663696, -0.023268600925803185, -2.2383272647857666, -0.03122742474079132, -1.2464303970336914, 0.9613706469535828, -1.1131536960601807, -1.074524164199829, 0.1508791446685791, 0.3683038353919983, -1.2756327390670776, 0.6698740124702454, 0.7561905980110168, -1.6202713251113892, 1.545621395111084, 0.05560773238539696, -0.9309567809104919, 1.2275934219360352, -0.9505036473274231, -0.7091813683509827, -0.15806809067726135, -0.7917418479919434, -1.3444372415542603, 0.10393375903367996, 1.5947117805480957, 0.4669826626777649, 0.13244545459747314, -0.364488810300827, 1.1154695749282837, -0.7246027588844299, 0.17249174416065216, 0.8434399366378784, -1.5432251691818237, -1.4481124877929688, -0.09170503169298172, 0.12687264382839203, -0.5455881953239441, -0.04354849085211754, -0.9599468111991882, 0.760073184967041, 0.8156039118766785, -0.6373966336250305, -1.9676134586334229, -0.8335974812507629, 0.04076067730784416, 0.24971218407154083, 0.8117730617523193, 0.9550521373748779, 0.5245764255523682, -0.7009257674217224, 1.0511342287063599, 1.8243168592453003, 0.9039221405982971, 1.651097059249878, 0.12324421852827072, -0.2724103629589081, -1.0967981815338135, -0.36734119057655334, 0.8242843151092529, 1.1011501550674438, 0.897817075252533, 0.08771505206823349, 0.0078034610487520695, -0.8386877179145813, 1.9754937887191772, 2.1318421363830566, 0.22980789840221405, -0.2246069759130478, 0.7153059244155884, 2.2629332542419434, 0.9068023562431335, -0.7175303101539612, -0.3654184639453888, 2.2070131301879883, 0.2751791775226593, -0.615077555179596, 0.23770439624786377, 0.19022497534751892, 0.3028354346752167, 0.3039189279079437, -0.4308827519416809, -0.0398104265332222, 0.4562862515449524, 0.4859687387943268, 0.3568810224533081, -0.533802330493927, 0.43290266394615173, 0.13058175146579742, 1.318532943725586, 0.7459312081336975, -1.1572123765945435, 0.0074856779538095, -1.707261085510254, -0.4208108186721802, -1.2056734561920166, -0.6138342618942261, 2.2005531787872314, 1.320898413658142, 1.1635454893112183, -1.9565503597259521, -0.500298023223877, 0.7676767706871033, -1.08065927028656, -1.078041434288025, -2.603545904159546, -1.992792010307312, 0.5863044261932373, -1.6534531116485596, -0.43621402978897095, -0.19911932945251465, -0.7918327450752258, 1.697899580001831, -0.22131158411502838, 0.03382854163646698, 0.678334653377533, -0.5101106762886047, 0.21967920660972595, 0.40259024500846863, -0.19474685192108154]]]

little red riding hood
[[[-0.7243664860725403, -1.1617622375488281, 0.09322784096002579, 1.4092531204223633, -0.13685837388038635, 1.7834006547927856, -2.6736934185028076, -0.9747875332832336, 0.4598475992679596, 0.7286549210548401, 0.18382640182971954, -0.7372169494628906, 0.1701541393995285, 0.23481035232543945, 0.9968224167823792, -2.2879278659820557, 0.14975965023040771, 0.04395860433578491, -0.8519250750541687, -1.3478466272354126, 0.1917032152414322, -0.2881140410900116, -0.5977125763893127, 1.1617122888565063, -1.4929840564727783, -0.48085543513298035, 0.31620320677757263, -0.29503992199897766, 0.5772812366485596, 0.9237298965454102, 0.16433826088905334, -0.6868844032287598, 0.07663997262716293, 0.23368944227695465, 1.5836373567581177, -1.116452693939209, 0.550092339515686, -1.6459085941314697, 0.12615086138248444, -0.7724705934524536, -0.025694826617836952, -2.29813551902771, -0.707287073135376, -0.2638053297996521, 1.6655114889144897, -0.3051845133304596, 0.015618633478879929, -0.4279249608516693, 0.4156060516834259, -0.21272359788417816, -1.3159712553024292, 0.4820519983768463, -0.40460124611854553, 0.5315644145011902, 0.2522352933883667, -0.6125892996788025, -0.02118581347167492, 0.6493278741836548, -0.3051187992095947, 0.7159472107887268, 1.6868047714233398, 0.04285703971982002, 0.6387056112289429, -0.21799208223819733, 0.4620627164840698, -0.0830400213599205, -0.13712525367736816, 0.6958832740783691, 0.9049339890480042, 0.11732388287782669, -0.1833614856004715, 0.63933265209198, -0.9007490873336792, 0.5541048645973206, 2.89428973197937, -0.31254956126213074, 1.0522956848144531, 1.2461299896240234, 2.4608027935028076, 2.2886576652526855, -2.17958402633667, -1.0351377725601196, 1.878542423248291, 0.06986452639102936, 0.013357124291360378, -0.1210465133190155, 1.4201806783676147, 0.7188275456428528, -0.21700984239578247, -0.01381482370197773, -0.5015201568603516, 0.2978748679161072, 0.5700433254241943, 0.42863112688064575, 0.14925988018512726, -0.1674342304468155, 0.9309520721435547, 1.7537254095077515, 0.016622269526124, -0.47622472047805786, -1.046962857246399, -0.9588115215301514, -0.47521379590034485, 0.1489429473876953, -1.7680500745773315, 0.44720104336738586, 0.8506010174751282, 1.3871949911117554, -0.9991344809532166, -0.9552122950553894, 0.05560674890875816, 1.2476375102996826, -0.9282723665237427, -0.6005507707595825, -2.41343092918396, -0.3140721321105957, -1.0519092082977295, 0.43280941247940063, -1.394089698791504, 0.17909198999404907, 1.4550707340240479, -0.46882298588752747, 0.5525917410850525, 0.11270003020763397, -2.069598436355591, -0.3893181383609772, 0.6181312799453735, -0.7533317804336548]]]

a chicken
[[[-1.4109761714935303, 0.017426438629627228, 0.470889687538147, 1.010501503944397, -0.6321938037872314, 0.6311213374137878, -1.626764178276062, -0.7496767044067383, 0.5192121267318726, 1.7145729064941406, -0.006088146939873695, -1.8300365209579468, 0.3070381283760071, -1.0254372358322144, 1.1748385429382324, -1.261260986328125, -0.6346681118011475, 0.33196330070495605, 0.13814637064933777, -2.3409104347229004, 0.4244947135448456, -0.11447765678167343, -1.2146430015563965, 1.6851900815963745, 0.8747032880783081, -0.9444900751113892, 0.6418742537498474, -1.3500301837921143, 0.5368325114250183, 0.0663360208272934, -1.2822606563568115, -1.6108942031860352, 0.45581039786338806, 0.7878513932228088, 0.47588983178138733, 0.2082095891237259, -0.06927033513784409, 0.7129926681518555, -0.1061212494969368, -0.244563490152359, 0.7272068858146667, -1.2462961673736572, -0.8220845460891724, 0.03893478587269783, -0.2895106375217438, -0.6274510622024536, 0.5126160383224487, -1.225189208984375, 0.09635280817747116, 0.6411666870117188, -0.4253652095794678, -1.061479926109314, -0.36483290791511536, 0.14342062175273895, -0.32592105865478516, 1.1302720308303833, 1.2850325107574463, 0.6997591257095337, -1.7419118881225586, 1.1121530532836914, 1.046389102935791, 1.4644073247909546, 1.9846453666687012, -0.10875008255243301, -0.2871623635292053, -1.4650336503982544, -0.2847215235233307, 1.2685043811798096, 0.9322531819343567, 1.1409443616867065, -0.3771151900291443, 0.027658620849251747, -0.30688586831092834, 0.4349832832813263, 1.9423617124557495, 0.6458553075790405, 0.3722076714038849, 0.43745940923690796, 2.9963808059692383, 1.375198245048523, -0.6605976223945618, -0.8517272472381592, 1.8145602941513062, -0.34300515055656433, -0.7297077178955078, -0.37441304326057434, 0.957271933555603, 0.45886799693107605, -0.033997438848018646, -0.513971745967865, 0.46819013357162476, 1.0718677043914795, 0.5666919946670532, 0.15521694719791412, -2.0230817794799805, 0.2479473501443863, 0.605934739112854, 1.2012476921081543, 0.07186344265937805, -1.1041414737701416, 0.35388627648353577, -0.9415578842163086, -0.7768161296844482, -0.37004876136779785, -1.1458696126937866, 1.590847134590149, 1.6389070749282837, 0.812446653842926, -1.9995782375335693, -0.8742285370826721, -0.25465652346611023, -0.3052937686443329, -1.0560275316238403, -2.1365902423858643, -1.8563683032989502, -0.23619593679904938, -1.6391605138778687, -0.6644386053085327, -0.17372043430805206, -0.6275801062583923, 0.9645405411720276, 0.5597164630889893, 0.3760029375553131, 0.6971599459648132, -0.8064521551132202, 0.7638693451881409, 0.5786380767822266, 0.3159678280353546]]]

the dog
[[[-0.8940034508705139, -0.3849961757659912, 0.9084855318069458, 1.0236902236938477, -1.2011176347732544, 0.6613121628761292, -1.49405038356781, -0.1962442249059677, 0.3364731967449188, 0.47191712260246277, -0.298142671585083, -2.1236765384674072, 0.17801660299301147, -1.547667145729065, 1.3130946159362793, -1.3374918699264526, -0.9651643633842468, -0.47196048498153687, 0.7321063280105591, -1.1042163372039795, 0.4939809739589691, 0.18294264376163483, -1.1543089151382446, 1.588830590248108, -0.05678818002343178, -1.3819776773452759, 1.3301650285720825, -1.0013071298599243, -0.3557104468345642, -0.4732004404067993, -0.38639092445373535, -0.6103844046592712, 0.3057396709918976, 1.2897584438323975, 0.3147335350513458, 0.06299317628145218, -0.07779818773269653, 1.0896044969558716, -0.5889456272125244, 0.22591455280780792, 0.9850559830665588, -1.3962361812591553, -1.5337283611297607, -0.3186802864074707, 0.2706981599330902, -0.6399723887443542, -0.4151274859905243, -1.1657419204711914, 0.5354379415512085, 0.6174198389053345, -0.7036893963813782, -1.7607121467590332, -1.2035263776779175, 0.4655163586139679, 0.054488006979227066, 0.6351035833358765, 1.2409943342208862, 0.11417292803525925, -0.4126570522785187, 1.275668740272522, 1.8635584115982056, 0.9237012267112732, 1.448695421218872, 0.2233482301235199, 0.10510098934173584, -1.0304352045059204, -0.9947879314422607, 0.8964412212371826, 1.096773624420166, 0.9762531518936157, 0.19271112978458405, -0.017420941963791847, -0.9827318787574768, 2.3503875732421875, 2.0312724113464355, -0.14722806215286255, -0.10710329562425613, 0.656578540802002, 1.9433046579360962, 1.0928720235824585, -0.21910499036312103, -1.1026992797851562, 2.4093754291534424, 0.4095948040485382, -0.5386577844619751, 0.4996790289878845, 0.24982041120529175, 0.39961084723472595, 0.4826243817806244, -0.6725484132766724, -0.3460851013660431, 0.9753092527389526, 0.45182004570961, 0.3204599916934967, -1.030846118927002, 0.5554957389831543, 0.10224209725856781, 1.6683186292648315, 0.3496303856372833, -1.6747887134552002, 0.2480415552854538, -1.20749831199646, -0.07072645425796509, -0.9508135318756104, -1.108894944190979, 2.3805058002471924, 1.399138331413269, 0.9144869446754456, -1.1191362142562866, -0.30466601252555847, 0.589434802532196, -0.7724021077156067, -0.8535990715026855, -2.7499547004699707, -1.5604596138000488, 0.37360692024230957, -1.4895340204238892, -0.6890186071395874, -0.31747791171073914, -0.6188483834266663, 1.636762261390686, -0.3801330327987671, -0.10316411405801773, 0.15523017942905426, -0.7853361368179321, -0.21115657687187195, 0.5087632536888123, 0.22760824859142303]]]

the cow
[[[-0.7344413995742798, -1.486135482788086, 0.7678408026695251, 0.6053692102432251, -0.30501407384872437, 1.1900423765182495, -1.0756778717041016, -0.643779993057251, 0.7968908548355103, 0.9655239582061768, 0.2883927524089813, -2.1597530841827393, 0.4156222641468048, -1.3210266828536987, 0.9700044393539429, -0.9128082394599915, -1.087355613708496, 0.44956672191619873, 0.11080247908830643, -1.42772376537323, 0.5625771880149841, 0.5157548189163208, -0.9836918115615845, 1.3426214456558228, 0.16112104058265686, -0.31048405170440674, 1.2899458408355713, -1.05255925655365, -0.21441708505153656, -0.18575023114681244, -0.9678680300712585, -1.1798139810562134, -0.17249776422977448, 2.170482873916626, 1.062381625175476, -0.03984943404793739, -0.04304054006934166, 0.5528730154037476, -0.48573076725006104, -0.32289162278175354, 0.643191397190094, -1.311173677444458, -1.1367169618606567, 0.3236406147480011, -0.2791569232940674, -0.5312397480010986, -0.5761470794677734, -1.0233089923858643, 0.20838139951229095, 1.4713780879974365, -0.7924973964691162, -1.4418156147003174, -0.1296912580728531, -0.4112786054611206, 0.49976441264152527, 0.7506362795829773, 0.7106685042381287, 0.8226085305213928, -0.8431491255760193, 0.8731579780578613, 1.0868223905563354, 0.7906271815299988, 2.0865731239318848, 0.515092670917511, -0.5817437767982483, -1.2343782186508179, -0.486680269241333, 0.8529301881790161, 0.457926481962204, 0.8729304671287537, 0.29165101051330566, -0.26894283294677734, -0.822944164276123, 1.3586679697036743, 2.519258737564087, 0.6364730596542358, 0.30461040139198303, 1.0109641551971436, 2.4903693199157715, 0.7577131986618042, -1.1732860803604126, -0.8225756883621216, 2.0937764644622803, 0.2573778033256531, -1.0838536024093628, 0.03507108986377716, 0.21357408165931702, 0.32282528281211853, 0.32642799615859985, -0.0062650032341480255, -0.40919235348701477, 0.8952307105064392, 0.4035818874835968, 0.7570578455924988, -0.8852564692497253, 0.3059215545654297, -0.08181428164243698, 1.5648349523544312, -0.09198509901762009, -1.04116690158844, -0.12121071666479111, -1.6927424669265747, -0.7753663659095764, -0.48626846075057983, -0.9221339225769043, 2.2334423065185547, 1.8447701930999756, 0.6636135578155518, -1.9160478115081787, -1.180466890335083, 0.6509146094322205, -0.8248643279075623, -0.6069110631942749, -2.7173099517822266, -1.9612311124801636, 0.6426230072975159, -1.455604910850525, -0.7392385601997375, -0.6756962537765503, -0.584653377532959, 0.8177775740623474, 0.084746815264225, 0.712147057056427, 0.06072075292468071, -0.581685483455658, 0.1375182569026947, 0.6320682764053345, -0.38987141847610474]]]

the cat
[[[-0.8400075435638428, -0.5093206167221069, 1.130834937095642, 0.7481938600540161, -0.7305459976196289, 0.5178737640380859, -1.118652105331421, -1.0242630243301392, 0.514030396938324, 0.8393980264663696, -0.023268600925803185, -2.2383272647857666, -0.03122742474079132, -1.2464303970336914, 0.9613706469535828, -1.1131536960601807, -1.074524164199829, 0.1508791446685791, 0.3683038353919983, -1.2756327390670776, 0.6698740124702454, 0.7561905980110168, -1.6202713251113892, 1.545621395111084, 0.05560773238539696, -0.9309567809104919, 1.2275934219360352, -0.9505036473274231, -0.7091813683509827, -0.15806809067726135, -0.7917418479919434, -1.3444372415542603, 0.10393375903367996, 1.5947117805480957, 0.4669826626777649, 0.13244545459747314, -0.364488810300827, 1.1154695749282837, -0.7246027588844299, 0.17249174416065216, 0.8434399366378784, -1.5432251691818237, -1.4481124877929688, -0.09170503169298172, 0.12687264382839203, -0.5455881953239441, -0.04354849085211754, -0.9599468111991882, 0.760073184967041, 0.8156039118766785, -0.6373966336250305, -1.9676134586334229, -0.8335974812507629, 0.04076067730784416, 0.24971218407154083, 0.8117730617523193, 0.9550521373748779, 0.5245764255523682, -0.7009257674217224, 1.0511342287063599, 1.8243168592453003, 0.9039221405982971, 1.651097059249878, 0.12324421852827072, -0.2724103629589081, -1.0967981815338135, -0.36734119057655334, 0.8242843151092529, 1.1011501550674438, 0.897817075252533, 0.08771505206823349, 0.0078034610487520695, -0.8386877179145813, 1.9754937887191772, 2.1318421363830566, 0.22980789840221405, -0.2246069759130478, 0.7153059244155884, 2.2629332542419434, 0.9068023562431335, -0.7175303101539612, -0.3654184639453888, 2.2070131301879883, 0.2751791775226593, -0.615077555179596, 0.23770439624786377, 0.19022497534751892, 0.3028354346752167, 0.3039189279079437, -0.4308827519416809, -0.0398104265332222, 0.4562862515449524, 0.4859687387943268, 0.3568810224533081, -0.533802330493927, 0.43290266394615173, 0.13058175146579742, 1.318532943725586, 0.7459312081336975, -1.1572123765945435, 0.0074856779538095, -1.707261085510254, -0.4208108186721802, -1.2056734561920166, -0.6138342618942261, 2.2005531787872314, 1.320898413658142, 1.1635454893112183, -1.9565503597259521, -0.500298023223877, 0.7676767706871033, -1.08065927028656, -1.078041434288025, -2.603545904159546, -1.992792010307312, 0.5863044261932373, -1.6534531116485596, -0.43621402978897095, -0.19911932945251465, -0.7918327450752258, 1.697899580001831, -0.22131158411502838, 0.03382854163646698, 0.678334653377533, -0.5101106762886047, 0.21967920660972595, 0.40259024500846863, -0.19474685192108154]]]

the pig
[[[-0.7479056715965271, -1.088991403579712, 0.46991297602653503, 0.9865900278091431, -1.018473505973816, 0.8407209515571594, -1.3486908674240112, -0.6341840624809265, 0.5467049479484558, 1.1292009353637695, 0.12786489725112915, -1.9564660787582397, 0.18706601858139038, -1.3825101852416992, 1.0362026691436768, -0.8880714774131775, -1.4127696752548218, 0.404975950717926, -0.05220452696084976, -1.3691903352737427, 0.33676403760910034, 0.08452203124761581, -1.262790560722351, 1.0278856754302979, 0.17600810527801514, -0.5571230053901672, 1.2726305723190308, -0.9577229619026184, 0.13560685515403748, -0.10051579773426056, -0.6328713297843933, -1.3147307634353638, 0.23113788664340973, 1.8416534662246704, 1.1127939224243164, -0.2556949853897095, -0.15120504796504974, 0.8008442521095276, -0.2927892506122589, -0.07949382066726685, 0.9900686740875244, -1.4004684686660767, -1.536446452140808, 0.2208482176065445, -0.16503511369228363, -0.64242023229599, -0.358461856842041, -0.7538039684295654, 0.12955494225025177, 2.0701637268066406, -0.8044515252113342, -1.2162169218063354, 0.39814361929893494, -0.7294316291809082, -0.057189010083675385, 0.5088756084442139, 0.9273325204849243, 0.6913743019104004, -1.3204641342163086, 0.5855119824409485, 1.0841668844223022, 1.006485104560852, 2.1076879501342773, 0.3737638592720032, -0.34659573435783386, -1.0620898008346558, -0.7580174207687378, 0.632175862789154, 0.2889685332775116, 0.9804508686065674, 0.13744160532951355, 0.18834197521209717, -0.7205660939216614, 1.4215049743652344, 2.4427084922790527, 0.5432154536247253, 0.29403719305992126, 0.9545826315879822, 1.8695725202560425, 0.8377661108970642, -0.7245184183120728, -0.2954104244709015, 2.0978264808654785, -0.14791348576545715, -0.9290565848350525, 0.3332609534263611, 0.11172670871019363, 0.4526851773262024, 0.25795161724090576, -0.5709599256515503, -0.002379203215241432, 0.9809989333152771, 0.02400030381977558, 0.4443669617176056, -0.9456567764282227, 0.4664088785648346, 0.1621612310409546, 1.5916844606399536, -0.10820726305246353, -1.4063388109207153, -0.4677850008010864, -1.531257152557373, -0.5363546013832092, -1.0513054132461548, -0.9589803218841553, 2.469102382659912, 1.899261474609375, 1.0142360925674438, -2.2119178771972656, -0.703339695930481, 0.9913063645362854, -0.413310706615448, -0.7247468829154968, -2.8795862197875977, -2.0250940322875977, 0.25851836800575256, -1.3236488103866577, -0.3303770124912262, -0.13756921887397766, -0.37438255548477173, 1.3417718410491943, 0.030762696638703346, 0.33855140209198, 0.46048668026924133, -0.4060048758983612, 0.3479216992855072, 0.27837201952934265, -0.2050357162952423]]]

the mother
[[[-0.8463371992111206, 0.11568450927734375, 1.06209135055542, 0.15562106668949127, -0.674877405166626, 0.6282384991645813, -1.4224247932434082, -0.28444644808769226, 0.9162904620170593, 1.5425266027450562, 0.11242243647575378, -2.117016077041626, 0.34888285398483276, -1.2031617164611816, 0.631841778755188, -0.8138832449913025, -0.6811947226524353, 0.6627894639968872, 0.3852851092815399, -1.61302649974823, 0.6893506646156311, 0.26737067103385925, -1.8636575937271118, 1.8372759819030762, 0.27274996042251587, -1.5169004201889038, 2.475311040878296, -1.3444758653640747, 0.2207515686750412, -0.42478570342063904, -0.08372623473405838, -1.1876331567764282, -0.4584812521934509, 0.7900646924972534, 0.6819567084312439, 0.14752687513828278, -0.4899429976940155, 0.8671929836273193, -0.9345800876617432, -0.0052150459960103035, 1.1859122514724731, -1.468377709388733, -1.0086705684661865, -0.33682477474212646, -0.00546659529209137, -0.22615326941013336, -0.19613946974277496, -1.0924094915390015, 0.2509796619415283, 1.067422866821289, -0.872283935546875, -1.6715166568756104, -0.7500451803207397, -0.1053810715675354, -0.27823153138160706, 0.43332499265670776, 1.0197081565856934, -0.027627065777778625, -1.1016188859939575, 1.021462321281433, 1.986324429512024, 1.3676233291625977, 1.9410035610198975, -0.07368280738592148, -0.2519039511680603, -1.2008541822433472, -0.4221469461917877, 0.7748959064483643, 1.6209479570388794, 0.6077854037284851, 0.3713300824165344, 0.5653866529464722, -0.6191903352737427, 1.5917586088180542, 1.985905408859253, 0.5417919754981995, -0.19338372349739075, 0.5976986885070801, 1.5299122333526611, 0.6746194362640381, -0.4974537491798401, -0.13319097459316254, 1.641167402267456, -0.07634181529283524, -1.2189098596572876, 0.16366617381572723, 0.5861529111862183, -0.5708114504814148, 0.02434363402426243, -0.68641597032547, -0.11104597896337509, 1.0340393781661987, 0.24571074545383453, 0.4441045820713043, -0.7746672630310059, 0.5669402480125427, 0.31589022278785706, 1.1528990268707275, 0.7643545866012573, -1.2908400297164917, 0.14464342594146729, -1.0698304176330566, -0.2777964770793915, -0.7597005367279053, -0.8962209820747375, 2.096106767654419, 1.2245571613311768, 1.353239893913269, -1.5381592512130737, -0.6137930154800415, 0.419906884431839, -0.8415539264678955, -0.8112583160400391, -2.5044684410095215, -1.9093470573425293, 0.033946387469768524, -1.8178426027297974, 0.20613275468349457, -0.2514294683933258, -0.9404348731040955, 1.6692646741867065, -1.1204650402069092, -0.07686291635036469, 0.7439641356468201, -0.8435131907463074, 0.5929515957832336, 0.05052148178219795, 0.07850665599107742]]]

a princess
[[[-1.199779987335205, -0.7055571675300598, 1.1949772834777832, 0.21569998562335968, -0.8812662363052368, 0.9714080095291138, -0.930513858795166, -1.498510718345642, 0.34405192732810974, 0.3509990870952606, -1.0164639949798584, -1.269784927368164, 0.4842263162136078, -0.685267448425293, 0.9754748940467834, -1.9933280944824219, -0.6196793913841248, 0.1514037549495697, 1.1044628620147705, -1.0137734413146973, 0.6582074165344238, 0.9222267270088196, -0.47393834590911865, 1.174364686012268, 0.5338764190673828, -1.5647178888320923, 0.8776514530181885, -1.0657827854156494, 0.8301112651824951, -0.1726551055908203, -0.03719732165336609, -1.4429014921188354, -0.30096396803855896, 1.0914591550827026, 1.0416914224624634, -0.030714306980371475, -0.3780917823314667, -0.636860191822052, -0.2641826272010803, 0.029454490169882774, 0.9195046424865723, -2.557039260864258, -0.41380709409713745, 0.08683471381664276, 0.6730988621711731, -0.7096620202064514, 0.5325737595558167, -0.5695263743400574, 0.7841107845306396, 0.9485371112823486, -1.0348191261291504, -1.146651268005371, -1.2926949262619019, -0.8803630471229553, -0.6097767949104309, -0.2759963870048523, 0.35113248229026794, 0.24949002265930176, 0.27873748540878296, 1.9459216594696045, 0.8514263033866882, 0.970323383808136, 1.3316982984542847, 1.6443743705749512, -0.30919644236564636, -0.9961662292480469, 0.4076687693595886, 0.7882896661758423, 1.057822346687317, 0.9643420577049255, 0.11422188580036163, -0.3817458152770996, -0.9051352143287659, 1.5169649124145508, 2.6600801944732666, -0.6641559600830078, 0.26443207263946533, 0.515882134437561, 1.7488757371902466, 1.0190792083740234, -1.0156646966934204, -0.21289850771427155, 0.8606244325637817, 0.3238533139228821, -0.6930232048034668, -0.863922119140625, 0.8155742287635803, 0.14348623156547546, 0.09034954756498337, -1.4296164512634277, 1.0883369445800781, 1.7423629760742188, 0.08261939883232117, 0.07352402806282043, -1.8231004476547241, -0.6702848076820374, 0.09216275811195374, 0.8220190405845642, 0.1802516132593155, -0.6709716320037842, 0.5543597936630249, -1.0212560892105103, -0.09545125812292099, -1.3809692859649658, -1.7823419570922852, 2.0512025356292725, 1.4025863409042358, 1.2670375108718872, -1.8262393474578857, 0.5124464631080627, 1.1754205226898193, -0.0728125050663948, 0.008773569017648697, -1.6736729145050049, -1.8161861896514893, 0.1248726174235344, -1.8497648239135742, -0.8998699188232422, 0.04986714571714401, -0.6814929842948914, 1.757709264755249, -0.3655528426170349, 0.3430626392364502, 0.4279119372367859, -0.5517809987068176, -0.22038941085338593, 1.0161867141723633, -0.03784312680363655]]]

little red hen
[[[-0.556848406791687, -0.07517608255147934, 0.457210510969162, 0.6493308544158936, -1.0062910318374634, 0.8731403946876526, -1.4308899641036987, -2.110037326812744, 1.2510818243026733, 0.05382777750492096, -1.0145868062973022, -1.7339653968811035, -0.0017578148981556296, -0.248643159866333, 1.2108266353607178, -1.797647476196289, -0.07362013310194016, -0.0703694298863411, -0.8603485822677612, -1.2653298377990723, -0.37498217821121216, -0.7069264054298401, -0.5352681279182434, 2.110307216644287, -0.9001620411872864, 0.21195478737354279, -0.7666981220245361, -0.7473570704460144, -0.22679907083511353, 0.9502086639404297, 0.44075241684913635, -0.6341254115104675, 0.15621979534626007, -0.04657893627882004, 1.8222448825836182, -0.2106117606163025, -0.08255190402269363, -0.49168136715888977, -0.48039960861206055, -0.41568484902381897, -0.956924319267273, -0.7818634510040283, -1.01615571975708, -0.1699303537607193, 0.385698139667511, 0.08798081427812576, 0.47762158513069153, -0.03898071125149727, 0.20982122421264648, -0.8357940316200256, -1.4316707849502563, 0.33277562260627747, 0.5903729200363159, -0.13328731060028076, -0.8730448484420776, 0.4332604706287384, 0.6645880341529846, 1.5663282871246338, -2.2045793533325195, -0.6279074549674988, 1.2778537273406982, 0.5974406003952026, 0.3055342435836792, -0.5352084040641785, 0.9937724471092224, 0.26216045022010803, -0.5685664415359497, 0.9389476180076599, 1.064476490020752, 0.8977993130683899, -1.6889572143554688, 0.5511722564697266, -0.8420469760894775, -0.3409615755081177, 1.1119515895843506, 1.2156373262405396, 1.2988269329071045, 1.7301924228668213, 2.127342939376831, 1.582318663597107, -0.24528124928474426, -0.4753133952617645, 1.7912590503692627, 0.4773302972316742, -0.7419300079345703, 1.2538843154907227, 0.6978084444999695, 1.2551015615463257, 0.2642490863800049, 0.521177351474762, -0.9279574155807495, 0.46376684308052063, 0.9794355034828186, 0.6340273022651672, -0.5336663126945496, -0.09058710932731628, 1.4251389503479004, 0.49425050616264343, -0.15235790610313416, -0.08387765288352966, -0.903929591178894, -1.041921615600586, -1.1689269542694092, 1.2411534786224365, -0.25677159428596497, 0.6512470245361328, 0.32451197504997253, 2.3291661739349365, -1.7267647981643677, -0.3347805142402649, 0.0471840538084507, 0.41949892044067383, -1.867203950881958, -1.463307499885559, -1.8638814687728882, -0.05824798718094826, -0.7052206993103027, 0.010680298320949078, -1.8923250436782837, 0.6046647429466248, 1.609257698059082, 0.8585631847381592, 0.6652542948722839, 1.1577990055084229, -2.2111339569091797, 0.6413092613220215, 0.12992237508296967, -1.1820180416107178]]]

oahu
[[[-0.3212766647338867, -1.0644683837890625, -0.06855224072933197, 0.9269245862960815, -0.5221636295318604, 0.03265885263681412, -1.0942354202270508, -1.1414132118225098, 0.6631137132644653, 1.8040704727172852, 0.4934961497783661, -2.244459867477417, 0.44706040620803833, -0.6718043684959412, 0.48141422867774963, -0.3955153822898865, -1.1592077016830444, 0.7094232439994812, 0.7111982703208923, -1.8443849086761475, -0.03339477628469467, 0.8671756386756897, -1.9210458993911743, 1.2966800928115845, 0.5004296898841858, -0.8271973133087158, 1.1014509201049805, -1.2163816690444946, 0.9025682210922241, -0.40056005120277405, -0.23459051549434662, -1.4335182905197144, -0.21017761528491974, 1.3950495719909668, 0.45589110255241394, -0.34594643115997314, -0.77120441198349, 0.04937972128391266, -0.9433411359786987, 0.5357018113136292, 0.23876023292541504, -1.7352633476257324, -1.6197254657745361, -0.4090094268321991, -0.09282604604959488, 0.19376523792743683, 0.5338140726089478, -1.217397689819336, 0.5340142846107483, 1.046529769897461, -0.15289771556854248, -1.1028534173965454, 0.39124685525894165, 0.48448342084884644, -0.2927607595920563, 0.32767927646636963, 0.589765727519989, 0.5813828706741333, -0.6340361833572388, 1.4114019870758057, 1.1395450830459595, 0.5954515337944031, 2.4014334678649902, 0.6861120462417603, -0.9079522490501404, -1.4062765836715698, 0.008986848406493664, 0.42056402564048767, 1.0232876539230347, -0.23913472890853882, 0.7097269296646118, 0.5396004319190979, -0.42325642704963684, 0.9856921434402466, 1.8594897985458374, 0.24551884829998016, 0.09696021676063538, 0.30930572748184204, 1.7647343873977661, 1.1270138025283813, -0.8015638589859009, -1.2936042547225952, 1.474360466003418, -0.23838162422180176, -0.6027049422264099, 0.1810707300901413, 1.4478923082351685, -0.00426936149597168, -0.4430296719074249, -1.3254717588424683, 0.5183839201927185, 0.7685927152633667, 0.7392793893814087, -0.35619229078292847, -1.1285816431045532, -0.4056086242198944, 1.033935308456421, 1.6052526235580444, 0.5412687659263611, -1.182476282119751, -0.06521080434322357, -1.0240182876586914, 0.17338807880878448, -1.1758253574371338, -0.27284783124923706, 1.9020622968673706, 1.5417370796203613, 1.5582377910614014, -2.124436855316162, -0.8203887939453125, 0.5734751224517822, -0.531967282295227, -0.8388264179229736, -1.919865369796753, -1.8696147203445435, 0.07918372750282288, -1.587744116783142, -0.0648498460650444, -0.6920881271362305, -1.223784327507019, 1.2911689281463623, 1.2347761392593384, -0.6735858917236328, 0.930424153804779, -1.4545766115188599, 0.9417570233345032, 0.5851855278015137, 0.4783582389354706]]]

amerika
[[[-1.515463948249817, -0.6647501587867737, -0.10512885451316833, 0.6064810156822205, 0.18732301890850067, 0.7967720627784729, -0.24381275475025177, -1.4568244218826294, 0.01744021847844124, 2.0736358165740967, 0.04523675888776779, -1.6767277717590332, 1.6442642211914062, -0.7173871397972107, 0.19043278694152832, -0.9174687266349792, -0.46198078989982605, 1.81864595413208, 0.9158948659896851, -1.3954558372497559, 0.25329917669296265, 0.8666132092475891, -1.8140239715576172, 0.4903346002101898, 0.241082563996315, 0.2938203513622284, 0.7299985885620117, -0.7909294366836548, -0.19651280343532562, -0.7597146034240723, -0.37844741344451904, -1.4092187881469727, 0.20472685992717743, 1.234824776649475, 0.21937908232212067, -0.1735885739326477, -0.35817381739616394, -0.16889190673828125, -0.7495156526565552, 0.4887072741985321, -0.13084009289741516, -2.1031320095062256, -0.057426780462265015, 0.30247700214385986, -0.6247003674507141, -0.4938142001628876, -0.05974051356315613, -1.3569676876068115, 1.0959769487380981, 0.8982710838317871, -1.3908852338790894, -1.621177077293396, 0.15810289978981018, -0.6821200251579285, 0.06911329180002213, 0.7265501022338867, -0.06937488913536072, 1.4073586463928223, -0.28196096420288086, 1.1699564456939697, 0.6829378604888916, 0.06634239107370377, 1.7219699621200562, 0.9441125392913818, -1.1707524061203003, -0.6443727016448975, 0.11316748708486557, 0.4937328100204468, 1.32194983959198, 0.1375526636838913, 0.9425205588340759, -0.9545454382896423, 0.1797066628932953, 1.1671350002288818, 2.6422853469848633, -0.515706479549408, -0.11586164683103561, 0.19532716274261475, 2.3024187088012695, 0.8979158401489258, -1.109940528869629, -0.8739653825759888, 0.7480798959732056, -0.16009025275707245, -0.1157606989145279, -0.6946107745170593, 1.321857213973999, 0.6050508618354797, -0.09303702414035797, -1.8315376043319702, 1.1083284616470337, 1.2489783763885498, 1.3899340629577637, -0.589477002620697, -0.7749456763267517, -0.5802102088928223, 0.5941352844238281, 1.580690622329712, 0.4058826267719269, -0.8654373288154602, 0.8440966010093689, -0.873799741268158, -0.43950164318084717, -1.4422590732574463, -1.3462105989456177, 2.47585129737854, 0.7859766483306885, 0.5914432406425476, -1.9158046245574951, -0.2866414487361908, 0.7132736444473267, -0.6284355521202087, -0.30838483572006226, -2.0596232414245605, -0.9284213781356812, -0.04409399628639221, -1.9748374223709106, -0.014327015727758408, -0.406921923160553, -0.8007586002349854, 1.3186659812927246, -0.17748752236366272, -0.22271285951137543, 1.2805687189102173, -1.1249598264694214, -0.012512256391346455, 0.4460199177265167, 0.5094726085662842]]]

Hawaii
[[[-1.1109869480133057, 0.2868932783603668, -0.052624594420194626, 0.8320865631103516, 0.3819867968559265, 0.24606330692768097, -1.3837202787399292, -1.4223227500915527, 0.018749287351965904, 1.2298847436904907, 0.6426393985748291, -1.8601999282836914, 1.6758463382720947, -0.5103291869163513, 0.9519549012184143, -0.6140130162239075, -1.434653639793396, 0.7414584755897522, 0.6382609605789185, -0.8994824290275574, 1.1125208139419556, 1.459589958190918, -1.2977677583694458, 1.4331327676773071, 0.9289196729660034, 0.1209111139178276, 1.0039912462234497, -0.4916822016239166, 0.20633332431316376, -1.8883640766143799, -0.24426576495170593, -1.487791657447815, -0.4868640601634979, 2.222111463546753, 0.3847368359565735, -1.575183391571045, -1.0225012302398682, -0.07865388691425323, -0.34139689803123474, -0.08739954978227615, 0.027127761393785477, -1.6545706987380981, -0.6493798494338989, -0.5310602784156799, -0.04590000957250595, -1.6782550811767578, 0.15857672691345215, -0.8186320066452026, 0.1874970942735672, 2.0734009742736816, -0.2858325242996216, -1.2850234508514404, 0.14167284965515137, -0.9977203011512756, -1.4102003574371338, 0.5368126630783081, 0.524612545967102, 0.7818084359169006, -0.9415211081504822, 1.403920292854309, 0.8096597194671631, 0.07550740242004395, 2.775419235229492, -0.26979294419288635, -0.866016685962677, -1.3866738080978394, 0.8583249449729919, 0.4925570487976074, 0.8580102324485779, 0.17361503839492798, 0.351601779460907, 0.3184833228588104, 0.0008073304197750986, 0.5379312038421631, 1.0000556707382202, -0.024290749803185463, 0.9353090524673462, 0.6153480410575867, 1.61217200756073, -0.04314974695444107, -0.20629392564296722, -0.9955765008926392, 0.8272590041160583, -0.7974308133125305, -1.0091131925582886, 0.17804807424545288, 1.1540449857711792, 0.38585415482521057, -0.989800751209259, -0.49606046080589294, 0.4591401517391205, 0.947172999382019, 0.7614759802818298, -0.47813665866851807, -0.9933679699897766, 0.5599037408828735, 0.7062730193138123, 1.4411770105361938, 0.9019581079483032, -1.3017497062683105, 1.054918885231018, -0.5921133756637573, -0.7961076498031616, -0.962529182434082, -0.1558523327112198, 2.2622761726379395, 0.8861850500106812, 0.9799091219902039, -2.124084234237671, -0.45340994000434875, 0.2233637422323227, -0.951666533946991, -0.40446731448173523, -1.5531377792358398, -1.9179413318634033, 0.36128607392311096, -1.1035144329071045, 0.2632882297039032, -0.7850950956344604, -0.9217750430107117, 0.34228482842445374, 0.5323090553283691, -0.9991604685783386, 0.5435482859611511, -0.33280837535858154, 2.094374179840088, 0.12050538510084152, 0.7445579171180725]]]

Hawai'i
[[[-1.3697553873062134, 0.4127606153488159, -0.10923535376787186, 0.4285435080528259, 1.7566657066345215, 0.7693399786949158, -0.9279941916465759, -1.4162899255752563, -0.28204336762428284, 1.3744111061096191, 1.586024284362793, -1.4435852766036987, 0.9848781824111938, -0.5385152101516724, 0.9750504493713379, 0.09033899009227753, -1.8919968605041504, 1.2520898580551147, 0.1228095293045044, -0.4017697870731354, 0.6688096523284912, 0.7124839425086975, -0.8906598091125488, 0.6752992272377014, 1.2313566207885742, 1.3483208417892456, -0.3831217586994171, -0.6708086729049683, 1.3061708211898804, -1.0577868223190308, -1.0133435726165771, -1.9227488040924072, 0.45406150817871094, 2.551939010620117, 1.107149600982666, -0.7820920348167419, -1.2397093772888184, -1.0331470966339111, -0.22647663950920105, 0.2140858918428421, -0.1704370528459549, -1.3826302289962769, -0.5307834148406982, -0.48434773087501526, -0.07781029492616653, 0.8853071928024292, 0.90352463722229, -0.39601781964302063, 0.08382230252027512, 1.7256779670715332, -0.8997166156768799, -0.4931936264038086, -0.4441473186016083, -0.25570565462112427, -1.8287427425384521, 0.05775773152709007, 0.056393131613731384, 0.11534645408391953, -0.5998479723930359, 0.8608786463737488, -0.16607198119163513, -0.5044360756874084, 2.1764256954193115, 1.200183391571045, -0.3430669605731964, -1.135886549949646, 0.8068036437034607, -0.23390606045722961, 0.17835387587547302, -1.5452135801315308, 1.0091304779052734, -0.29288405179977417, -0.2734997868537903, -0.7405058741569519, -0.19673430919647217, -0.4699684977531433, 0.03835690766572952, -0.8736969828605652, 1.6099904775619507, 0.11637581884860992, 0.2753496468067169, -0.5067626237869263, 1.3549607992172241, -0.2942649722099304, -0.1469627320766449, 0.7584409117698669, 1.1315919160842896, -0.21808086335659027, -1.3695554733276367, -0.7210734486579895, 0.540589451789856, 0.7048578262329102, -0.5569565892219543, -1.3831967115402222, -1.6731674671173096, 1.1012091636657715, 0.16015565395355225, 0.9162381887435913, 0.6755043864250183, -0.7548696994781494, 1.8882133960723877, -0.6826626062393188, 0.07920880615711212, -0.8687241673469543, 0.09694576263427734, 1.851068377494812, 1.0423073768615723, 0.9697181582450867, -2.0568156242370605, -0.15704378485679626, 0.3666957914829254, -0.11607779562473297, -0.6523839235305786, -0.7165638208389282, -2.4747283458709717, 0.7301371693611145, -1.308990716934204, 0.3120560050010681, -0.6305460929870605, -0.06170135363936424, 0.3024071455001831, 1.2172863483428955, -0.5774233341217041, -0.5582577586174011, -1.4455996751785278, 2.4342241287231445, 0.5227030515670776, 0.5939528942108154]]]

pacific
[[[-1.3630825281143188, -1.1619611978530884, 0.2609386146068573, 1.1344645023345947, -0.1750384122133255, 0.01697474718093872, -1.1076929569244385, -0.5326539278030396, 0.6366115212440491, 1.4738105535507202, 0.28892865777015686, -1.6118247509002686, 0.061398427933454514, -1.0597761869430542, 0.941730260848999, -1.1801351308822632, -1.5445022583007812, 1.2935264110565186, 0.268934428691864, -1.5667626857757568, 0.11057941615581512, 0.4637193977832794, -1.1428190469741821, 0.8972585201263428, 0.0793498232960701, -0.8535098433494568, 0.5324121713638306, -1.4506895542144775, 0.12907427549362183, 0.001141707762144506, -0.5670745372772217, -2.047166347503662, 0.22834822535514832, 0.4290105104446411, 1.1338545083999634, -1.072745680809021, -0.8244830369949341, -0.007828103378415108, -0.740238606929779, -0.3177487850189209, 0.4746716618537903, -1.4122437238693237, -0.29147592186927795, -0.043015867471694946, 0.3193010985851288, -0.025185564532876015, 0.1672247350215912, -1.927607536315918, 0.9826188087463379, 0.7129831910133362, 0.12815700471401215, -0.9805870056152344, -0.45458197593688965, -0.07808475196361542, -0.6026080846786499, -0.5480677485466003, 0.7202963829040527, 1.030103325843811, -0.9860609769821167, 0.7597853541374207, 1.467910885810852, 1.1710469722747803, 1.710600733757019, -0.16976161301136017, -0.33341333270072937, -1.3027111291885376, 0.0813896581530571, 0.347500205039978, 0.91945880651474, 0.9052218198776245, 0.32548606395721436, -0.4383266568183899, 0.143205463886261, 1.3551408052444458, 2.661811590194702, 0.07799842208623886, 0.7608940601348877, -0.15646614134311676, 2.680079936981201, 0.9312237501144409, -1.4985235929489136, -0.5718203186988831, 0.7468214631080627, 0.07679172605276108, -0.2630632519721985, -0.1832432746887207, 1.3561886548995972, 1.0731632709503174, 0.26054689288139343, -0.9617315530776978, 0.798583447933197, 0.9160541296005249, 0.3996882140636444, 0.1121889129281044, -1.2916969060897827, -0.3697003722190857, 0.2680612802505493, 1.6489859819412231, 1.1320548057556152, -0.34544357657432556, 0.2799188494682312, -1.4731154441833496, -0.1429729163646698, -0.8483383059501648, -1.0737496614456177, 2.142002582550049, 2.028517484664917, 0.6527153849601746, -1.5012353658676147, -0.34852826595306396, 0.5027002692222595, -0.3620145618915558, -0.6470627188682556, -1.9780268669128418, -2.0787508487701416, 0.548678994178772, -1.216278076171875, -0.28473466634750366, -1.1641398668289185, -0.962189793586731, 1.5992028713226318, 0.9803597927093506, 0.033478252589702606, 0.9604909420013428, -1.498653531074524, 1.2090295553207397, 0.4078788757324219, -0.2073339968919754]]]

fiji
[[[-1.0957368612289429, -0.743745744228363, 0.7293529510498047, 1.252009391784668, -0.07725822180509567, 0.4805377721786499, -1.3934416770935059, -1.1185694932937622, 0.041322145611047745, 2.210418462753296, -0.2718554139137268, -1.4984394311904907, -0.2342124879360199, -1.0174994468688965, 1.585273027420044, -1.0282037258148193, -1.3317779302597046, 1.0227199792861938, 0.5579420328140259, -2.112492084503174, 0.6337594985961914, 0.3773786127567291, -0.929774284362793, 1.4155185222625732, 0.857819676399231, -1.1622265577316284, 1.18394935131073, -1.4232865571975708, 0.2879212200641632, -0.569773256778717, -1.1096054315567017, -1.2134740352630615, -0.2251845747232437, 1.2927523851394653, 0.32265520095825195, -0.1109456792473793, -0.6493642330169678, 0.40678393840789795, -0.9167576432228088, -0.37389346957206726, 0.4027724862098694, -1.6233757734298706, -1.1016902923583984, -0.14822371304035187, 0.16972658038139343, -0.6543489098548889, -0.15025195479393005, -1.0071651935577393, 0.31586503982543945, 1.1552510261535645, -0.4135996401309967, -1.6292226314544678, -0.5851508975028992, -0.08312920480966568, -0.42357775568962097, 0.5342723727226257, 0.7612395286560059, 0.975943386554718, -0.5136359333992004, 0.9041678309440613, 1.267971158027649, 0.6137475371360779, 1.6456185579299927, 0.19858135282993317, -0.6156613230705261, -1.3192715644836426, 0.05671376734972, 0.5862781405448914, 0.7932524085044861, 0.6092851161956787, 0.7586607933044434, 0.23215986788272858, -0.34609296917915344, 1.3654173612594604, 2.1169142723083496, 0.43500831723213196, 0.1056850403547287, -0.17139366269111633, 1.7493964433670044, 1.319208025932312, -1.6941505670547485, -1.2962360382080078, 0.5740683078765869, 0.09787474572658539, -0.7033076882362366, 0.08645456284284592, 1.220105528831482, 0.09069386124610901, -0.022944172844290733, -0.6173951625823975, 1.093755841255188, 1.218714952468872, 1.0256365537643433, 0.10816355049610138, -0.979313313961029, 0.22163692116737366, 0.9239252209663391, 1.4203969240188599, 0.7326161861419678, -0.4586755335330963, 0.05162492394447327, -1.4646472930908203, -0.5815871953964233, -1.0061606168746948, -1.0711522102355957, 2.148008346557617, 1.4658749103546143, 1.2036207914352417, -1.4998656511306763, -0.483892560005188, 0.8400770425796509, -0.26804137229919434, -0.4255702793598175, -1.9097135066986084, -2.338627576828003, 0.3627080023288727, -1.4010053873062134, -0.509209930896759, -0.20922131836414337, -1.840596079826355, 1.4757767915725708, 0.8078726530075073, -0.08924704045057297, 0.3594197928905487, -0.8653072714805603, 1.19338059425354, 0.5056127905845642, 0.16990622878074646]]]

hawaii
[[[-0.8635190725326538, -0.6129171848297119, 0.6205592155456543, 1.8430861234664917, 0.6662304997444153, 0.06407787650823593, -1.6193991899490356, -1.0700469017028809, 0.05285437032580376, 0.6693748235702515, -0.19083644449710846, -1.087210774421692, 0.9787222146987915, -1.1290112733840942, 0.7656707167625427, -0.8678184747695923, -1.4513574838638306, 1.0544317960739136, 0.26814132928848267, -0.9937785863876343, 1.4062798023223877, 1.1325558423995972, -1.4313642978668213, 0.5515565872192383, 0.2675357162952423, -0.40599170327186584, 0.0855938047170639, -0.5491337180137634, -0.418253093957901, -1.4539539813995361, -0.684185802936554, -2.0393600463867188, 0.057576052844524384, 1.6676266193389893, 0.19781839847564697, -1.4490383863449097, -0.1940392702817917, 0.4510895311832428, 0.6949425339698792, 0.33146101236343384, 0.25868648290634155, -1.6656256914138794, -0.6533056497573853, 0.1445561647415161, -0.39217761158943176, -0.8119693994522095, 0.5652681589126587, -0.2617521286010742, 0.079351507127285, 1.6766283512115479, -0.59856116771698, -1.5685350894927979, 0.8130435347557068, -0.690796971321106, -0.5942805409431458, 1.0014649629592896, 0.873437762260437, 0.8138691186904907, -0.2420545369386673, 0.418380469083786, 1.1378757953643799, 0.5937455892562866, 2.0177485942840576, -0.03245209529995918, -0.6314214468002319, -1.5908318758010864, 0.4976772665977478, 0.43225574493408203, 1.352791428565979, -0.29983413219451904, 0.30473166704177856, -0.7384800910949707, 0.09378179907798767, 1.0296999216079712, 1.770563006401062, -0.08774138987064362, 0.8040387630462646, 1.1273589134216309, 2.216735601425171, 0.8893174529075623, -1.059112787246704, -1.2234081029891968, 0.6694734692573547, -1.409010887145996, -1.20685875415802, -0.2903744876384735, 0.2501709461212158, 0.7018049359321594, -0.3904893100261688, -1.220357894897461, 0.7574458122253418, 1.7106924057006836, 1.2003165483474731, 0.1558941900730133, -1.3304704427719116, 0.8094907999038696, 0.5842833518981934, 1.9886398315429688, 0.7177373766899109, -1.9665806293487549, 1.1302640438079834, -1.147691011428833, 0.10338443517684937, -0.3854047358036041, -1.0138578414916992, 2.60356068611145, 1.7304201126098633, 0.3877411484718323, -1.7336994409561157, -0.5304147601127625, -0.3928382396697998, -0.013331076130270958, -0.9622356295585632, -2.132190465927124, -0.7131595015525818, 0.5439925193786621, -1.306764006614685, -0.1343582272529602, -0.10420623421669006, -1.1406270265579224, -0.30166953802108765, 0.026328328996896744, -0.46602046489715576, 0.36425137519836426, -0.32454249262809753, 0.9430084228515625, 0.07892344892024994, 0.07269269973039627]]]

oahu
[[[-0.3212766647338867, -1.0644683837890625, -0.06855224072933197, 0.9269245862960815, -0.5221636295318604, 0.03265885263681412, -1.0942354202270508, -1.1414132118225098, 0.6631137132644653, 1.8040704727172852, 0.4934961497783661, -2.244459867477417, 0.44706040620803833, -0.6718043684959412, 0.48141422867774963, -0.3955153822898865, -1.1592077016830444, 0.7094232439994812, 0.7111982703208923, -1.8443849086761475, -0.03339477628469467, 0.8671756386756897, -1.9210458993911743, 1.2966800928115845, 0.5004296898841858, -0.8271973133087158, 1.1014509201049805, -1.2163816690444946, 0.9025682210922241, -0.40056005120277405, -0.23459051549434662, -1.4335182905197144, -0.21017761528491974, 1.3950495719909668, 0.45589110255241394, -0.34594643115997314, -0.77120441198349, 0.04937972128391266, -0.9433411359786987, 0.5357018113136292, 0.23876023292541504, -1.7352633476257324, -1.6197254657745361, -0.4090094268321991, -0.09282604604959488, 0.19376523792743683, 0.5338140726089478, -1.217397689819336, 0.5340142846107483, 1.046529769897461, -0.15289771556854248, -1.1028534173965454, 0.39124685525894165, 0.48448342084884644, -0.2927607595920563, 0.32767927646636963, 0.589765727519989, 0.5813828706741333, -0.6340361833572388, 1.4114019870758057, 1.1395450830459595, 0.5954515337944031, 2.4014334678649902, 0.6861120462417603, -0.9079522490501404, -1.4062765836715698, 0.008986848406493664, 0.42056402564048767, 1.0232876539230347, -0.23913472890853882, 0.7097269296646118, 0.5396004319190979, -0.42325642704963684, 0.9856921434402466, 1.8594897985458374, 0.24551884829998016, 0.09696021676063538, 0.30930572748184204, 1.7647343873977661, 1.1270138025283813, -0.8015638589859009, -1.2936042547225952, 1.474360466003418, -0.23838162422180176, -0.6027049422264099, 0.1810707300901413, 1.4478923082351685, -0.00426936149597168, -0.4430296719074249, -1.3254717588424683, 0.5183839201927185, 0.7685927152633667, 0.7392793893814087, -0.35619229078292847, -1.1285816431045532, -0.4056086242198944, 1.033935308456421, 1.6052526235580444, 0.5412687659263611, -1.182476282119751, -0.06521080434322357, -1.0240182876586914, 0.17338807880878448, -1.1758253574371338, -0.27284783124923706, 1.9020622968673706, 1.5417370796203613, 1.5582377910614014, -2.124436855316162, -0.8203887939453125, 0.5734751224517822, -0.531967282295227, -0.8388264179229736, -1.919865369796753, -1.8696147203445435, 0.07918372750282288, -1.587744116783142, -0.0648498460650444, -0.6920881271362305, -1.223784327507019, 1.2911689281463623, 1.2347761392593384, -0.6735858917236328, 0.930424153804779, -1.4545766115188599, 0.9417570233345032, 0.5851855278015137, 0.4783582389354706]]]

hawai
[[[-1.393474817276001, -0.6726167798042297, 0.8517189025878906, 1.5802862644195557, -0.14182645082473755, 0.0711677148938179, -1.4890261888504028, -0.8395934700965881, -0.051432400941848755, 0.3638859689235687, -0.19286058843135834, -1.2185719013214111, 0.6579203605651855, -1.0481243133544922, 0.46585264801979065, -1.3050154447555542, -1.0902684926986694, 1.430100440979004, 0.5161168575286865, -1.1569541692733765, 1.3184607028961182, 1.3183324337005615, -0.8575355410575867, -0.005272882524877787, 0.36905229091644287, -0.7706006169319153, 0.5099783539772034, -0.1211908683180809, -0.5763527750968933, -1.52488112449646, -0.6334560513496399, -1.4531410932540894, 0.3829668164253235, 1.4847604036331177, 0.1957004964351654, -1.2136670351028442, 0.14234477281570435, -0.10920290648937225, 0.4111897647380829, 0.31314775347709656, 0.09724204987287521, -1.2236193418502808, -0.8691078424453735, 0.3611646592617035, -0.09006380289793015, -0.47060027718544006, 0.5076762437820435, -0.34839174151420593, 0.1385708600282669, 1.4699289798736572, -1.0298694372177124, -1.4550974369049072, 0.7552205324172974, -0.7151785492897034, 0.18442122638225555, 1.355769157409668, 0.9484521150588989, 0.15254439413547516, 0.2575135827064514, 1.1947330236434937, 0.9205470681190491, 0.061857059597969055, 1.9683915376663208, 0.8052783608436584, -0.6819311380386353, -1.6812561750411987, 0.23154354095458984, 0.67348313331604, 1.5289703607559204, -0.458395779132843, 0.06906121969223022, -0.7357709407806396, 0.10372132807970047, 0.35342252254486084, 1.9682283401489258, -0.5641636848449707, 0.10565874725580215, 1.065678358078003, 2.2464559078216553, 0.9639965891838074, -0.3448641002178192, -1.1637561321258545, 0.501890242099762, -0.6817604899406433, -1.3997875452041626, -0.8535879254341125, 0.3895273804664612, 0.423873633146286, -0.309355229139328, -1.1787902116775513, 1.235129475593567, 1.8155664205551147, 1.258931279182434, 0.16746751964092255, -2.003849983215332, 0.1538408100605011, 0.9202492833137512, 2.7405874729156494, 0.2775636911392212, -0.9207624197006226, 0.9169239401817322, -0.48032107949256897, -0.30459725856781006, -0.49067118763923645, -1.648046612739563, 2.5832715034484863, 1.5317896604537964, 0.42469143867492676, -1.8838815689086914, -0.333804190158844, -0.743993878364563, -0.3270173966884613, -0.06606138497591019, -2.3366074562072754, -1.0619282722473145, 0.1552303582429886, -2.009286642074585, -0.4538705348968506, 0.19793035089969635, -0.9321607351303101, 0.05550209805369377, 0.26037898659706116, 0.07951772958040237, 0.2695437967777252, -0.385493665933609, 0.9684696793556213, 0.565055251121521, -0.2626800537109375]]]

hawaii
[[[-0.8635190725326538, -0.6129171848297119, 0.6205592155456543, 1.8430861234664917, 0.6662304997444153, 0.06407787650823593, -1.6193991899490356, -1.0700469017028809, 0.05285437032580376, 0.6693748235702515, -0.19083644449710846, -1.087210774421692, 0.9787222146987915, -1.1290112733840942, 0.7656707167625427, -0.8678184747695923, -1.4513574838638306, 1.0544317960739136, 0.26814132928848267, -0.9937785863876343, 1.4062798023223877, 1.1325558423995972, -1.4313642978668213, 0.5515565872192383, 0.2675357162952423, -0.40599170327186584, 0.0855938047170639, -0.5491337180137634, -0.418253093957901, -1.4539539813995361, -0.684185802936554, -2.0393600463867188, 0.057576052844524384, 1.6676266193389893, 0.19781839847564697, -1.4490383863449097, -0.1940392702817917, 0.4510895311832428, 0.6949425339698792, 0.33146101236343384, 0.25868648290634155, -1.6656256914138794, -0.6533056497573853, 0.1445561647415161, -0.39217761158943176, -0.8119693994522095, 0.5652681589126587, -0.2617521286010742, 0.079351507127285, 1.6766283512115479, -0.59856116771698, -1.5685350894927979, 0.8130435347557068, -0.690796971321106, -0.5942805409431458, 1.0014649629592896, 0.873437762260437, 0.8138691186904907, -0.2420545369386673, 0.418380469083786, 1.1378757953643799, 0.5937455892562866, 2.0177485942840576, -0.03245209529995918, -0.6314214468002319, -1.5908318758010864, 0.4976772665977478, 0.43225574493408203, 1.352791428565979, -0.29983413219451904, 0.30473166704177856, -0.7384800910949707, 0.09378179907798767, 1.0296999216079712, 1.770563006401062, -0.08774138987064362, 0.8040387630462646, 1.1273589134216309, 2.216735601425171, 0.8893174529075623, -1.059112787246704, -1.2234081029891968, 0.6694734692573547, -1.409010887145996, -1.20685875415802, -0.2903744876384735, 0.2501709461212158, 0.7018049359321594, -0.3904893100261688, -1.220357894897461, 0.7574458122253418, 1.7106924057006836, 1.2003165483474731, 0.1558941900730133, -1.3304704427719116, 0.8094907999038696, 0.5842833518981934, 1.9886398315429688, 0.7177373766899109, -1.9665806293487549, 1.1302640438079834, -1.147691011428833, 0.10338443517684937, -0.3854047358036041, -1.0138578414916992, 2.60356068611145, 1.7304201126098633, 0.3877411484718323, -1.7336994409561157, -0.5304147601127625, -0.3928382396697998, -0.013331076130270958, -0.9622356295585632, -2.132190465927124, -0.7131595015525818, 0.5439925193786621, -1.306764006614685, -0.1343582272529602, -0.10420623421669006, -1.1406270265579224, -0.30166953802108765, 0.026328328996896744, -0.46602046489715576, 0.36425137519836426, -0.32454249262809753, 0.9430084228515625, 0.07892344892024994, 0.07269269973039627]]]

lucille ball
[[[-0.8296337127685547, -1.13347589969635, 0.7115780711174011, 1.1770639419555664, 0.7594476342201233, 0.5541965961456299, -1.9912196397781372, -0.8519065976142883, 0.04014457389712334, 1.240285873413086, -0.024132324382662773, -1.7699249982833862, 0.10146661102771759, -0.7341712713241577, 1.6646828651428223, -1.8953789472579956, -0.07248226553201675, 1.178686499595642, 0.492101788520813, -1.1327282190322876, 0.3044591248035431, 0.1335679590702057, -1.3053374290466309, 0.929368257522583, 0.525705099105835, -0.6555666327476501, 0.11996208131313324, -0.3809487223625183, 0.19800853729248047, 0.06514611840248108, -0.7207186222076416, -0.4579160511493683, -0.4705773890018463, 0.9929236769676208, 1.8868409395217896, 0.40147486329078674, 0.004609507974237204, 1.3080536127090454, -1.1541856527328491, -0.6817169785499573, -0.03542749956250191, -1.466219186782837, -0.8893284201622009, -0.9010176062583923, 0.20697017014026642, -0.57518070936203, 1.145058035850525, -1.7094463109970093, 0.2769573926925659, 0.059294745326042175, -0.9880982637405396, -2.098215103149414, -0.7204200029373169, 0.3372781574726105, -0.007182467728853226, 0.1497780680656433, -0.06737717986106873, -0.2852732539176941, -1.1926369667053223, 0.9108580946922302, 1.5038419961929321, 0.749207079410553, 1.9605090618133545, 0.21717475354671478, -0.008951656520366669, -0.9509136080741882, -0.4472801089286804, 0.7327634692192078, 0.41681045293807983, -0.3305395245552063, 0.17627009749412537, 0.06767606735229492, -1.2057839632034302, 1.185600757598877, 2.4475934505462646, -0.5935861468315125, -0.04385488107800484, 0.18720309436321259, 2.996795415878296, 0.8301814794540405, -1.6524803638458252, -0.25430169701576233, 1.8687989711761475, -0.1476152390241623, -0.6298661231994629, 0.7022648453712463, 0.8308812975883484, -0.12316390872001648, -0.3298048973083496, -0.475210040807724, -0.26505690813064575, 0.18993106484413147, 0.2676701545715332, 0.518821656703949, -1.1417031288146973, -0.19365699589252472, 0.9787899255752563, 1.6104100942611694, 0.7034778594970703, -1.3941820859909058, 0.8061702847480774, -1.107194185256958, -1.3121213912963867, -0.04103776067495346, -0.6467738151550293, 1.3752013444900513, 2.3341145515441895, 1.0213476419448853, -1.3696489334106445, -1.2875741720199585, -0.13937516510486603, 0.8242390751838684, -0.7264472246170044, -1.3988138437271118, -1.6897772550582886, 0.016859453171491623, -1.6870121955871582, 0.005993715021759272, -0.027291251346468925, -0.43964821100234985, 1.6663302183151245, 0.1383233666419983, 1.3215386867523193, 0.5565952658653259, -0.5793999433517456, 0.6991776823997498, 0.3336889445781708, -0.2803118824958801]]]

william hays
[[[-1.674214243888855, 0.016846800222992897, 0.2793717384338379, 0.6615830659866333, -0.5478180050849915, 0.3438456654548645, -1.2542351484298706, -0.8438390493392944, 0.8378127813339233, 1.4194680452346802, 0.4536067545413971, -0.7950132489204407, 0.5420353412628174, -0.7329302430152893, 1.1090402603149414, -0.92330002784729, -0.973162055015564, 0.4817708134651184, 0.47370654344558716, -2.844029664993286, 0.4692875146865845, 0.7901334762573242, -1.740247368812561, 1.299353837966919, 0.6173693537712097, -1.1320769786834717, 1.133111596107483, -0.8230175971984863, 0.23264306783676147, -0.8664271235466003, -0.8336091637611389, -1.9340564012527466, 0.11674213409423828, 0.49055466055870056, -0.010955605655908585, 0.48334428668022156, 0.3131903409957886, 0.030471302568912506, -0.0562983900308609, 0.7221382856369019, -0.13438472151756287, -1.6031619310379028, -0.7503407597541809, -0.40112581849098206, 0.029139945283532143, 0.2903256118297577, 1.056631326675415, -1.1291619539260864, 0.24165651202201843, 0.6186162829399109, -0.6499771475791931, -1.1370664834976196, -0.6036425828933716, 0.2952020764350891, -0.26297301054000854, 0.5832107663154602, 0.4273616373538971, 0.9470744729042053, -0.9492921829223633, 0.7005822658538818, 1.142248511314392, 1.393201470375061, 1.9048337936401367, -0.46725499629974365, -0.4908415377140045, -0.6682572960853577, -0.04154065623879433, 0.800814688205719, 0.959805965423584, 0.18664751946926117, -0.18138712644577026, 0.01722715049982071, 0.04694274440407753, 0.5121400952339172, 1.7917704582214355, -0.7955317497253418, 0.4576706886291504, -0.922312319278717, 2.641366720199585, 2.2406272888183594, -1.6356313228607178, -1.256659746170044, 1.0077372789382935, -0.5204446911811829, -0.6311540007591248, 0.2628677487373352, 1.7260442972183228, -0.45126286149024963, 0.46304041147232056, -0.48832663893699646, 1.6791596412658691, 0.50701904296875, 0.8716198801994324, 0.04207656905055046, -1.8443845510482788, 0.35046494007110596, 0.9629325270652771, 0.5347769260406494, 0.8847943544387817, -0.7746325135231018, 0.798359751701355, -0.9110151529312134, -0.18849070370197296, -1.0451316833496094, -0.34871262311935425, 1.395729422569275, 2.183793067932129, 1.009324550628662, -1.0577675104141235, -0.39328059554100037, -0.2724111080169678, 0.09605106711387634, -2.022449254989624, -0.6239095330238342, -2.118825912475586, 0.7023418545722961, -1.723129153251648, -0.654780387878418, -0.12485411763191223, -0.9189767837524414, 1.6051818132400513, -0.3715439438819885, 0.24850834906101227, -0.007225471083074808, -1.955390214920044, 0.714834988117218, 0.42936551570892334, 0.4353221356868744]]]

d.w. griffith
[[[-1.5110639333724976, 0.39807748794555664, 1.2893909215927124, -0.2695103585720062, -0.03446468710899353, 0.6892399191856384, -0.7680872082710266, 0.17584337294101715, 0.4155363440513611, 1.3091025352478027, -1.120116949081421, -1.3789061307907104, -0.010004948824644089, -0.1578986644744873, 1.5714293718338013, -1.1979353427886963, -0.09951028972864151, -0.21958787739276886, -0.020115839317440987, -1.415815830230713, -0.4784436523914337, 0.5087820291519165, -1.1143537759780884, 2.912259578704834, 0.015211186371743679, -0.9326382875442505, 1.2397292852401733, -1.2508794069290161, 0.37758153676986694, 1.2214292287826538, -0.2981579601764679, -1.9655581712722778, 1.392640471458435, 0.005115898791700602, 0.8209245800971985, -0.30969950556755066, 0.6542861461639404, 0.32641005516052246, -1.7036455869674683, 0.301017701625824, 0.16568349301815033, -0.05648256093263626, -0.7479520440101624, -0.07537536323070526, -0.15522871911525726, 0.8379601240158081, 1.2913999557495117, -0.9789953827857971, 0.6041615009307861, 0.7140135765075684, -1.6760350465774536, -0.72151780128479, -1.6987446546554565, 1.7145174741744995, 0.265627384185791, -0.06192241981625557, 0.03827431797981262, 0.5922315120697021, -1.4397839307785034, 1.0806334018707275, 1.2865025997161865, 0.22285358607769012, -0.2038133293390274, -0.08907578140497208, 1.1478792428970337, -0.25387677550315857, -0.8505483865737915, 1.724770426750183, 1.3244835138320923, -0.5842949748039246, -0.11505861580371857, -0.8011125922203064, -1.0342849493026733, 0.5296164751052856, 1.384330153465271, 0.14782872796058655, 0.14504362642765045, 0.03336333483457565, 0.4800358712673187, 1.5196019411087036, -1.4106758832931519, -1.3947449922561646, 0.9912927746772766, -0.13442501425743103, -0.8639649748802185, 1.331971526145935, 2.0300300121307373, 0.25576767325401306, -1.30388343334198, -1.0162369012832642, -0.8192293643951416, -0.053626302629709244, -0.40049514174461365, 0.3607521057128906, -0.9181883931159973, -0.565924882888794, 0.5892203450202942, 0.2842753529548645, 0.8793144822120667, -0.9485631585121155, 0.20962929725646973, -0.7822074890136719, -0.31793317198753357, 0.530519962310791, -0.5385556817054749, 1.4033359289169312, 1.534001111984253, 2.522170305252075, -1.7239950895309448, -0.9011172652244568, -0.07540736347436905, 0.10022007673978806, -1.6339300870895386, -0.9315646290779114, -1.2376776933670044, 1.3737983703613281, -1.5780032873153687, 0.15015842020511627, -1.1187719106674194, 0.07665654271841049, 1.6616307497024536, -0.35954615473747253, -0.3581104278564453, -0.08441004902124405, -1.5724775791168213, 0.4661853611469269, 1.31387460231781, -0.09546247869729996]]]

the cox group
[[[-0.03078954853117466, -0.3801581859588623, 0.8055878281593323, 1.140538215637207, -0.43958044052124023, 0.7682082056999207, -1.3550236225128174, -1.0049737691879272, 1.3640891313552856, 1.0004520416259766, 0.6522969007492065, -1.7231075763702393, 1.0145790576934814, -0.050927575677633286, 0.15775100886821747, -2.3739168643951416, -0.41847434639930725, 1.3956776857376099, 0.48158878087997437, -1.4609893560409546, -0.003532648319378495, -0.5020197629928589, -2.1295762062072754, 0.5409193634986877, -0.6800881028175354, -0.8297403454780579, 0.5304358601570129, -1.2630398273468018, 0.05814167857170105, 1.5490241050720215, 0.7529793977737427, -1.983413577079773, 0.1371995061635971, -0.0430709570646286, 1.9712321758270264, -0.4662587642669678, -1.1611411571502686, 0.09983120113611221, -0.9746041297912598, -0.22577933967113495, -0.5241946578025818, -1.9996908903121948, -0.9985212087631226, -1.319831132888794, 0.9767175912857056, 0.7903928756713867, 0.388710081577301, -1.666211485862732, 1.245370864868164, -0.021978693082928658, -0.5782992243766785, -1.0082472562789917, -0.21239295601844788, 0.5551473498344421, 0.041246041655540466, 0.06722712516784668, 0.4999580979347229, 0.8131788372993469, 0.1781567484140396, 1.5879236459732056, 0.8807601928710938, 0.9282774329185486, 1.5490731000900269, -0.8996391892433167, -0.9257998466491699, -0.661443293094635, -0.19489231705665588, 0.6764354705810547, 1.0834720134735107, 0.18061043322086334, 0.27223271131515503, -0.5659932494163513, -0.4324153959751129, 1.170145869255066, 1.4535424709320068, 0.3566240072250366, 1.6204429864883423, 1.6742873191833496, 2.1237998008728027, 1.6757490634918213, -1.123245358467102, -0.7182086706161499, 2.009113073348999, 0.7503545880317688, 0.620292603969574, 1.161577582359314, 1.1647164821624756, 0.2551899254322052, 0.8144636750221252, 0.10533531755208969, -0.4660433530807495, -0.15215684473514557, 0.23299968242645264, -0.06610851734876633, -0.32079967856407166, 0.3390309810638428, 0.12371482700109482, 0.7252779603004456, 0.8295303583145142, 0.1586257368326187, -0.9235594868659973, -0.3080153167247772, -0.40226688981056213, -1.0312458276748657, -0.37515345215797424, 0.2702970504760742, 1.390316367149353, 1.2618780136108398, -1.9135500192642212, -0.4407510757446289, -0.04800818860530853, -0.31044483184814453, -0.7452191710472107, -1.7369000911712646, -2.2278709411621094, -0.1286669224500656, -1.8013324737548828, 0.18018727004528046, -1.7496942281723022, -0.36054256558418274, 1.0943937301635742, -0.34513598680496216, 0.08037853240966797, -0.1058756411075592, -1.3029112815856934, -0.10598255693912506, 0.41683250665664673, -0.4750750660896301]]]

william hays
[[[-1.674214243888855, 0.016846800222992897, 0.2793717384338379, 0.6615830659866333, -0.5478180050849915, 0.3438456654548645, -1.2542351484298706, -0.8438390493392944, 0.8378127813339233, 1.4194680452346802, 0.4536067545413971, -0.7950132489204407, 0.5420353412628174, -0.7329302430152893, 1.1090402603149414, -0.92330002784729, -0.973162055015564, 0.4817708134651184, 0.47370654344558716, -2.844029664993286, 0.4692875146865845, 0.7901334762573242, -1.740247368812561, 1.299353837966919, 0.6173693537712097, -1.1320769786834717, 1.133111596107483, -0.8230175971984863, 0.23264306783676147, -0.8664271235466003, -0.8336091637611389, -1.9340564012527466, 0.11674213409423828, 0.49055466055870056, -0.010955605655908585, 0.48334428668022156, 0.3131903409957886, 0.030471302568912506, -0.0562983900308609, 0.7221382856369019, -0.13438472151756287, -1.6031619310379028, -0.7503407597541809, -0.40112581849098206, 0.029139945283532143, 0.2903256118297577, 1.056631326675415, -1.1291619539260864, 0.24165651202201843, 0.6186162829399109, -0.6499771475791931, -1.1370664834976196, -0.6036425828933716, 0.2952020764350891, -0.26297301054000854, 0.5832107663154602, 0.4273616373538971, 0.9470744729042053, -0.9492921829223633, 0.7005822658538818, 1.142248511314392, 1.393201470375061, 1.9048337936401367, -0.46725499629974365, -0.4908415377140045, -0.6682572960853577, -0.04154065623879433, 0.800814688205719, 0.959805965423584, 0.18664751946926117, -0.18138712644577026, 0.01722715049982071, 0.04694274440407753, 0.5121400952339172, 1.7917704582214355, -0.7955317497253418, 0.4576706886291504, -0.922312319278717, 2.641366720199585, 2.2406272888183594, -1.6356313228607178, -1.256659746170044, 1.0077372789382935, -0.5204446911811829, -0.6311540007591248, 0.2628677487373352, 1.7260442972183228, -0.45126286149024963, 0.46304041147232056, -0.48832663893699646, 1.6791596412658691, 0.50701904296875, 0.8716198801994324, 0.04207656905055046, -1.8443845510482788, 0.35046494007110596, 0.9629325270652771, 0.5347769260406494, 0.8847943544387817, -0.7746325135231018, 0.798359751701355, -0.9110151529312134, -0.18849070370197296, -1.0451316833496094, -0.34871262311935425, 1.395729422569275, 2.183793067932129, 1.009324550628662, -1.0577675104141235, -0.39328059554100037, -0.2724111080169678, 0.09605106711387634, -2.022449254989624, -0.6239095330238342, -2.118825912475586, 0.7023418545722961, -1.723129153251648, -0.654780387878418, -0.12485411763191223, -0.9189767837524414, 1.6051818132400513, -0.3715439438819885, 0.24850834906101227, -0.007225471083074808, -1.955390214920044, 0.714834988117218, 0.42936551570892334, 0.4353221356868744]]]

robert barnes
[[[-0.5954295992851257, 0.00011822026135632768, 1.1137104034423828, 0.8554397225379944, 0.5113517045974731, 0.8453377485275269, -1.6125798225402832, -0.2572159469127655, 0.40168240666389465, 1.6281341314315796, 0.24009275436401367, -0.5792635679244995, -0.5199044942855835, -1.6656007766723633, 1.2840758562088013, -1.6315099000930786, -0.20452335476875305, 0.8817829489707947, 0.13857273757457733, -1.992466688156128, 1.237581491470337, -0.9863913655281067, -1.2257317304611206, 0.9004011750221252, -0.13386689126491547, -0.5921776294708252, 0.7263592481613159, -1.7046712636947632, -0.4286910891532898, 0.9461821913719177, -0.24421747028827667, -1.503472089767456, 0.7713782787322998, -0.16114507615566254, 2.019132375717163, -0.1600019484758377, 0.8262444734573364, 0.7761355638504028, -0.6636975407600403, -0.45552611351013184, 0.15431085228919983, -1.237830400466919, -1.366207242012024, -0.017369387671351433, -0.1645822823047638, 0.19321386516094208, -0.5652830600738525, -1.9030972719192505, 0.22732403874397278, 0.14777018129825592, -1.1839464902877808, -0.8213808536529541, -0.44977548718452454, 1.2902905941009521, -0.26740995049476624, 0.21637432277202606, 0.028790056705474854, 1.2303582429885864, -1.4996929168701172, 1.1281660795211792, 1.636395812034607, 0.5968776345252991, 1.2358227968215942, -0.8073381185531616, 0.2633945047855377, -1.210817575454712, -1.6258667707443237, 0.7165724039077759, 1.2636101245880127, -0.005208536051213741, 0.20141465961933136, -0.420232355594635, -0.051784809678792953, 0.8826388716697693, 2.2326695919036865, -0.8017243146896362, 0.6956044435501099, 1.0656546354293823, 2.195145606994629, 1.7418980598449707, -1.4074006080627441, -1.60285484790802, 1.5231363773345947, 0.6390484571456909, 0.16011777520179749, 0.4306214451789856, 1.6614564657211304, 0.92771977186203, -0.010384732857346535, 0.033624693751335144, 0.1887737363576889, 0.6918871998786926, -0.2991870641708374, 0.5475067496299744, -1.1930861473083496, 0.060355108231306076, 0.36956432461738586, 1.703080415725708, 0.5524085164070129, -0.7065852284431458, 0.11179084330797195, -1.0701653957366943, -0.6944429874420166, 0.09272563457489014, -0.6809787750244141, 0.496690571308136, 0.954944908618927, 0.6628286242485046, -1.1794724464416504, -1.328005313873291, -0.455740362405777, 0.28928864002227783, -1.421399712562561, -1.2393858432769775, -2.184957265853882, 0.8051339983940125, -1.813137412071228, -0.2122327834367752, -1.3354352712631226, 0.1956672966480255, 1.255609154701233, 0.4130314588546753, 1.09682035446167, 0.7117812037467957, -1.2811163663864136, 0.08567705005407333, -0.30907943844795227, 0.03338015452027321]]]

james owen
[[[-1.0418009757995605, -0.6088070273399353, 0.29305559396743774, 0.8297796845436096, 0.5232198238372803, 0.7278611063957214, -0.543808102607727, -2.1687560081481934, -1.1893386840820312, 1.5665931701660156, 0.11429868638515472, -1.3628112077713013, -0.2633461654186249, -1.059049367904663, 1.3976184129714966, -1.6322846412658691, -0.8900302648544312, 1.4874688386917114, 0.22631125152111053, -1.8030076026916504, 0.03973408788442612, -0.39060938358306885, -1.8115878105163574, 1.0549745559692383, -0.7639221549034119, -1.4308651685714722, -0.1881629377603531, -1.5303839445114136, 0.035357505083084106, 0.07072627544403076, -0.8685624599456787, -1.4720451831817627, 1.0501309633255005, -0.47892823815345764, 1.1339524984359741, 0.3561769425868988, 0.13066689670085907, 0.430684894323349, -0.7185103893280029, 0.2095765322446823, -0.337899774312973, -1.625949501991272, -0.27788814902305603, -0.37777337431907654, 0.16148948669433594, 0.8438257575035095, 0.4043004810810089, -0.6317641735076904, 0.9573523998260498, 0.3241642713546753, -0.5840802192687988, -0.41315922141075134, -0.7686747312545776, 1.1733907461166382, 0.02292574755847454, 0.7086237668991089, -1.4384732821781654e-05, 0.8022922277450562, -0.5997262001037598, 1.1058082580566406, 1.9163093566894531, 0.11483535915613174, 1.0441240072250366, 0.027581805363297462, -0.5222084522247314, -1.0448782444000244, -1.1657185554504395, 0.7599198818206787, 0.674086332321167, -0.36115020513534546, 0.9110328555107117, -0.6230095028877258, 0.650960385799408, 0.803005039691925, 1.5997649431228638, -0.6849393844604492, 0.5005099177360535, 0.08874231576919556, 2.2507081031799316, 2.0111842155456543, -1.3598648309707642, -1.707421898841858, 1.4040374755859375, 0.2955282926559448, 0.6551098227500916, -0.10471981763839722, 2.2949259281158447, 0.56207674741745, 0.1235804408788681, -1.4498860836029053, 1.3354548215866089, -0.1041831448674202, 0.2775643765926361, 0.39566221833229065, -0.9764357209205627, -0.059963759034872055, 1.180391550064087, 0.6889310479164124, 0.9674311280250549, -1.047253131866455, 0.0474979467689991, -1.0595377683639526, 0.2875840663909912, -0.9923055171966553, -0.5772435665130615, 1.0975357294082642, 1.5834823846817017, 1.1556833982467651, -1.2538535594940186, 0.6336675882339478, 0.014537530951201916, 1.174085021018982, -1.3985868692398071, -0.8625357747077942, -2.0260772705078125, 0.9468309283256531, -1.6455844640731812, 0.2322252094745636, -1.396317720413208, -0.22939449548721313, 1.3801149129867554, 0.19882401823997498, 0.11751072108745575, 0.17491163313388824, -1.7219886779785156, 1.43596351146698, 0.0063360752537846565, 0.005995876155793667]]]

edgar whiteham
[[[-1.162965178489685, -0.9171868562698364, 0.4649917781352997, 0.9537221789360046, -0.6788838505744934, 0.8250977993011475, -1.3799803256988525, -0.9697082042694092, -0.5143471956253052, 2.135814905166626, 0.5426978468894958, -1.4346957206726074, 0.6443251371383667, -1.0363129377365112, 0.5965921878814697, -1.2913880348205566, -0.6195003390312195, 0.9504669308662415, 1.1069978475570679, -2.0551812648773193, 0.5069900751113892, 0.7728915214538574, -1.072066307067871, 1.0921298265457153, -0.22635821998119354, -0.8073102831840515, 0.28391432762145996, -2.1598734855651855, 0.4559631645679474, -0.9776198267936707, -0.573131799697876, -0.9926510453224182, -0.1376800239086151, 1.2888283729553223, 1.8052666187286377, -0.2229313850402832, 0.08054640889167786, -0.1502341479063034, 0.12058234214782715, 0.35587748885154724, -0.7234928607940674, -2.2299718856811523, -1.102768898010254, -0.33415883779525757, 0.05873079597949982, 0.5177996158599854, 1.079451084136963, -0.7431889772415161, 0.6596130728721619, 0.6216022372245789, -0.08612431585788727, -0.4225922226905823, -0.15118753910064697, -0.2292216271162033, -0.3318401277065277, 0.03687373176217079, -0.10943663865327835, 0.3316875696182251, -0.056348077952861786, 2.1287691593170166, 0.44359028339385986, 0.026116902008652687, 1.6572952270507812, -0.23198844492435455, -0.9650774598121643, -1.392015814781189, 0.12446074187755585, 1.0298302173614502, -0.2548852264881134, 0.48502230644226074, 0.7164483666419983, 0.05254737660288811, -0.4028050899505615, 0.8034431338310242, 1.9599438905715942, -0.15067200362682343, 0.601911187171936, 0.360408216714859, 2.715758800506592, 2.6041882038116455, -1.6742297410964966, -1.521967887878418, 0.8315601348876953, -0.6228430867195129, 0.42898955941200256, -0.08981728553771973, 2.282973289489746, -0.6219899654388428, -0.002451566280797124, -0.2804722785949707, 1.5739169120788574, 0.8327462673187256, 1.2311131954193115, -0.4725724160671234, -0.8146842122077942, -0.33406201004981995, 0.8961048722267151, 0.9429875016212463, 0.5841616988182068, -0.6273932456970215, -0.1873745173215866, -0.901421844959259, -0.2601459324359894, -0.869134783744812, -0.5879752039909363, 1.3418151140213013, 0.5449460744857788, 0.8894342184066772, -1.3041692972183228, 1.0203981399536133, -0.538909912109375, 0.06154587119817734, -0.10980982333421707, -1.8649187088012695, -2.22807240486145, 0.12757737934589386, -1.4988452196121216, 0.04490634799003601, -0.6400884389877319, 0.32837629318237305, 1.3333073854446411, -0.2907407879829407, -1.27488374710083, 0.3296447694301605, -1.401792049407959, 0.5454612970352173, 0.02868770994246006, 0.11870302259922028]]]

lloyd bailey
[[[-1.594742774963379, -0.09145236015319824, -0.1348332315683365, 0.016109803691506386, -0.27225661277770996, 0.5501068234443665, -1.3751208782196045, -0.6941075921058655, 0.36929190158843994, 0.8415856957435608, 0.42465516924858093, -2.0433313846588135, 0.37641656398773193, -0.7986700534820557, 0.6097942590713501, -0.8567625284194946, -1.4300823211669922, 0.7318861484527588, 1.0188602209091187, -0.9164980053901672, 0.32093527913093567, 0.2802460193634033, -2.177607536315918, 0.9758478999137878, 0.2776987552642822, -0.691116213798523, 0.45464053750038147, -1.638027548789978, -0.41058114171028137, -1.3050816059112549, -0.3125745356082916, -1.6958575248718262, 0.18239176273345947, 0.5813893675804138, 1.4908182621002197, -0.037130359560251236, -0.3003118336200714, 0.39996951818466187, -0.21970011293888092, 0.6791709065437317, -0.017396559938788414, -1.946952223777771, -0.9234296679496765, -0.9628909826278687, 0.26026540994644165, 0.5374571681022644, 0.5415428280830383, -1.0205930471420288, 1.0856562852859497, 0.36775267124176025, -1.1559828519821167, -0.9113458395004272, -1.9361504316329956, -0.3343609571456909, 0.33990564942359924, -0.3361077606678009, 0.25183072686195374, 0.9523816108703613, -0.29975777864456177, 1.4992954730987549, 0.7419004440307617, 0.21467745304107666, 1.4845536947250366, 0.29012688994407654, 0.0027670240961015224, -0.8909602165222168, 0.07095447927713394, 0.9958217144012451, 0.25209808349609375, -0.14346662163734436, 0.5732029676437378, -0.09015151113271713, -0.5242304801940918, 0.48909130692481995, 1.801006555557251, -0.42674902081489563, 0.27792102098464966, -0.10176802426576614, 2.3301546573638916, 1.3752726316452026, -1.0906226634979248, -0.5663002729415894, 1.2404656410217285, 0.03645027056336403, 0.018485913053154945, 1.116180181503296, 1.8225576877593994, -0.22185593843460083, 0.04322708025574684, -1.189431071281433, 1.6839426755905151, 0.9120042324066162, 0.6178996562957764, 0.04425667226314545, -0.8060536980628967, -0.36286741495132446, 1.3790252208709717, 1.3791447877883911, 1.4433372020721436, -0.3545420169830322, 0.29035070538520813, -0.3128339946269989, -0.6609587073326111, -1.8496676683425903, -0.2145964801311493, 0.5474344491958618, 1.814756155014038, 2.0762646198272705, -1.905272126197815, 1.0390968322753906, 0.22269579768180847, 0.43582046031951904, -0.9245681762695312, -0.8316125273704529, -2.821659803390503, 0.6419229507446289, -1.3919782638549805, 0.22297266125679016, -0.9646960496902466, -0.834251880645752, 2.2678239345550537, -0.4450053572654724, 0.6295839548110962, 0.10735469311475754, -1.5023815631866455, 0.7748574614524841, 0.11403355747461319, 0.029896194115281105]]]

william hefner
[[[-1.5547362565994263, 0.17923656105995178, 0.90489262342453, 0.4901883602142334, -0.20284193754196167, 0.7497037053108215, -1.820538878440857, -0.8021692633628845, -0.28705480694770813, 1.6278647184371948, 0.031735580414533615, -1.755708932876587, -0.5047319531440735, -1.6768081188201904, 1.9043720960617065, -0.22435471415519714, -0.6128562092781067, 1.136094093322754, 0.44347354769706726, -2.115565299987793, 0.7583194375038147, 0.4150204062461853, -1.1660295724868774, 1.880372166633606, 0.9341772198677063, -1.1280629634857178, 1.124281406402588, -1.2986102104187012, 0.6079719066619873, -0.8429027199745178, -0.6630173921585083, -1.6182968616485596, 0.7824611663818359, 0.36926546692848206, 0.8919460773468018, 0.10310078412294388, 0.18388782441616058, 0.12600257992744446, -1.2443923950195312, 0.17070284485816956, 0.03617685288190842, -0.5384626984596252, -0.45526865124702454, 0.046566784381866455, 0.11020950227975845, -0.1551291048526764, -0.20188423991203308, -1.3212932348251343, 0.7889922261238098, 1.08905827999115, -0.7100447416305542, -0.5206629633903503, -0.3171587288379669, 0.8693720102310181, -0.8819440007209778, 0.35395359992980957, 1.3664252758026123, 0.0527428537607193, -1.915244698524475, 0.7072718143463135, 1.2767695188522339, 1.642828345298767, 1.1523016691207886, -0.04765678569674492, -0.2582261264324188, -0.9015635251998901, -0.8567439317703247, 0.8283071517944336, 1.1763862371444702, -0.25811463594436646, 0.3284910023212433, 0.005492681171745062, 0.3652985692024231, 0.5557582378387451, 0.9925527572631836, -0.6466151475906372, 0.10116441547870636, -0.3797343969345093, 1.647129774093628, 1.7142680883407593, -2.182283401489258, -0.7975346446037292, 1.0321072340011597, -0.05740080401301384, -1.011154055595398, 1.1304535865783691, 1.4768311977386475, -0.2413354516029358, 0.04812494292855263, -1.2678780555725098, 0.8263905644416809, 0.5722777843475342, 0.21364447474479675, -0.18996602296829224, -1.7369911670684814, 1.0316989421844482, 0.8275469541549683, 0.9432331323623657, 0.36676308512687683, 0.1165413111448288, 0.8892630338668823, -0.5080248713493347, -0.8733444213867188, 0.3361220359802246, -1.0972554683685303, 1.4387809038162231, 2.16585373878479, 0.8667120337486267, -2.0749475955963135, -0.21521981060504913, -0.1250666081905365, 0.1477179080247879, -1.867732048034668, -0.8572115302085876, -2.076288938522339, 0.8991565704345703, -1.6278409957885742, 0.2502496838569641, -0.5053713321685791, -1.3325799703598022, 1.0912420749664307, -0.4052538275718689, 0.1443510800600052, 0.21350069344043732, -0.9394636154174805, 1.3994005918502808, 0.4471948742866516, -0.023174434900283813]]]

david baddiel
[[[-0.9280769228935242, -0.30739825963974, 0.7853015065193176, -0.042730435729026794, -0.2937590479850769, 1.5818225145339966, -1.8976500034332275, -0.6744349002838135, 0.028261076658964157, 1.1809747219085693, -0.19485005736351013, -0.9730675220489502, 0.4589303135871887, -0.6570394039154053, 1.273227572441101, -1.2099273204803467, -0.823311448097229, -0.12851858139038086, 0.466653048992157, -2.4626657962799072, -0.048777107149362564, -0.3685709834098816, -1.694960355758667, 2.0918099880218506, -0.00783971231430769, -0.6384789347648621, 1.3468308448791504, -2.8174545764923096, 0.33949172496795654, 0.9006394743919373, -0.34308844804763794, -1.7661006450653076, 0.6254220604896545, -0.015509232878684998, 1.3351987600326538, -1.3921605348587036, 1.390278935432434, -0.46916356682777405, -1.0384973287582397, -0.25028496980667114, 0.0252720657736063, -1.2550638914108276, -1.1288084983825684, -0.19805052876472473, 0.4607478976249695, 0.47725218534469604, 0.8682320713996887, -0.7160137295722961, 0.899493396282196, 0.38117438554763794, -0.8244695663452148, 0.5725570321083069, -0.224040687084198, 1.1957758665084839, -0.039825811982154846, -0.2333257645368576, -0.003427978605031967, 0.8642701506614685, -0.4850173890590668, 0.33811241388320923, 1.5985263586044312, 0.7623260021209717, 0.6366916298866272, -0.7292302846908569, 0.09474680572748184, -0.3672012388706207, -0.899753212928772, 0.6485073566436768, 0.6888403296470642, 0.5187471508979797, -0.60158371925354, -0.12771977484226227, -0.9393423795700073, 0.5402112603187561, 2.1339986324310303, -0.17115582525730133, 1.1090834140777588, 0.5674235820770264, 1.8729459047317505, 3.10221266746521, -2.2412681579589844, -1.0696568489074707, 0.895153284072876, -0.4782319962978363, -0.6808232665061951, 1.528167963027954, 1.3889743089675903, 0.37798380851745605, 0.2515842318534851, 0.086061030626297, -0.1953258365392685, 0.3391694128513336, -0.12366095185279846, 1.1729650497436523, -0.9733502268791199, 0.015424155630171299, -0.052547208964824677, 0.041053999215364456, 1.2260276079177856, -0.4791645109653473, -0.5158239006996155, -0.6870079636573792, -0.7233365178108215, 0.3895642161369324, 0.022619351744651794, 0.6603447198867798, 2.216977596282959, 1.3432707786560059, -0.9760468602180481, -0.1446429044008255, 0.31596270203590393, -0.5166376233100891, -1.0770515203475952, -0.7055625319480896, -1.9007244110107422, 1.3145170211791992, -1.4279457330703735, -0.10457650572061539, -1.2542331218719482, -0.03445372357964516, 0.8400624990463257, -0.4935041069984436, -0.2357652187347412, -0.3737798035144806, -1.6000503301620483, -0.14677710831165314, 0.8469728827476501, 0.16545040905475616]]]

steve austin
[[[-0.9779725670814514, -0.7086802124977112, 1.176537275314331, 0.5872275233268738, 0.2734135687351227, 0.9097623229026794, -1.2335008382797241, -1.9060800075531006, -0.9990761876106262, 0.33635926246643066, 0.1737578809261322, -1.027871012687683, 0.007746690884232521, 0.12291058897972107, 1.134265422821045, -1.5729426145553589, -0.3025025427341461, 0.8151969909667969, -0.35883820056915283, -1.6244378089904785, -0.12809205055236816, -0.48211732506752014, -0.39069825410842896, 1.0310678482055664, -0.6336212754249573, -1.0951929092407227, 0.6216914057731628, -2.1934237480163574, -0.7259382605552673, 0.006968381814658642, -1.0442203283309937, -1.8488404750823975, 0.4518454968929291, 0.5539975166320801, 1.4186207056045532, 0.15838691592216492, 0.4079129993915558, -0.2921997606754303, -0.03724672272801399, 0.2297631800174713, -0.8311789631843567, -0.9520780444145203, 0.6128785610198975, -0.03695525601506233, 0.06300099194049835, 1.0405973196029663, 0.7652859687805176, -0.017938924953341484, 0.745795726776123, 0.5068525671958923, -0.9077048897743225, -0.18726903200149536, -1.4042834043502808, 0.12099701911211014, 0.30968213081359863, -0.1699124425649643, 0.6198483109474182, 0.3398727774620056, -0.2884814739227295, 0.0640641525387764, 2.007632255554199, 0.41855937242507935, -0.13199453055858612, 1.1483248472213745, 0.1956096887588501, -1.205607533454895, 0.29693520069122314, 1.5392216444015503, 0.36501428484916687, -0.5002124309539795, 0.3892696797847748, -0.5916079878807068, -0.8726247549057007, 0.8803411722183228, 2.1528124809265137, -1.0338828563690186, 0.12244780361652374, 1.0607423782348633, 2.667997121810913, 2.581007480621338, -0.745520293712616, -1.2291700839996338, 0.5086647272109985, 0.2039836347103119, -0.7919901609420776, 0.15516479313373566, 2.005833864212036, 0.8322217464447021, 0.7498299479484558, -1.30614173412323, 0.15606153011322021, -0.08960802108049393, 0.6327778100967407, 0.7565237879753113, -2.347851514816284, 0.6787317395210266, 0.5171393156051636, 0.964119553565979, 0.702312171459198, -0.7240116000175476, 0.07556620985269547, -0.5230805277824402, -0.31319460272789, 0.24569302797317505, -0.7422288656234741, 1.6174347400665283, 2.305224657058716, 1.4130854606628418, -1.5250909328460693, -0.6433439254760742, -0.27527374029159546, 0.2524299919605255, -1.7461644411087036, -1.0859181880950928, -1.5991953611373901, -0.2963206171989441, -1.153037190437317, 0.23482032120227814, -1.1560150384902954, -0.4263257682323456, 1.2890057563781738, 0.26912999153137207, 0.43741917610168457, -0.3913394808769226, -1.7967666387557983, 1.6224851608276367, 0.7156315445899963, -1.1506986618041992]]]

douglas adams
[[[-1.0363417863845825, 0.1799643635749817, 0.46585971117019653, 1.272857666015625, 0.26942387223243713, -0.10610345751047134, -1.7846143245697021, -0.7832033038139343, -0.24315159022808075, 0.36144229769706726, 0.2462133914232254, -0.2887406051158905, 0.5782753825187683, -0.8377585411071777, 1.852943778038025, -1.599387764930725, -0.6096195578575134, 0.6008384227752686, -0.18913455307483673, -2.1675350666046143, 0.04308002442121506, -0.3788166642189026, -1.6854767799377441, 0.2682296335697174, -0.08365719020366669, -1.2169806957244873, -0.11500599980354309, -0.6834805011749268, 0.4398297965526581, -1.0863779783248901, -0.27313175797462463, -1.427224040031433, 1.2537468671798706, -0.057818230241537094, 1.280881404876709, 0.5305224061012268, -0.22483375668525696, -0.3380502462387085, -0.492555171251297, 0.07246313244104385, -0.9478122591972351, -0.8065478205680847, -1.3181358575820923, -0.5587170124053955, -0.03480905294418335, 1.392564058303833, 1.506463646888733, -0.6265767812728882, 0.7450816631317139, 0.8012189865112305, -1.0426980257034302, -0.1824999749660492, -1.000243067741394, 0.3754332959651947, -0.16288422048091888, -0.15731121599674225, 0.7542644143104553, -0.11748183518648148, -0.9089832305908203, -0.3539406359195709, 1.8072876930236816, 1.4958959817886353, 1.0330381393432617, 0.5158860087394714, 0.4453648626804352, -1.688226580619812, -0.585458517074585, 1.5101914405822754, 0.39038175344467163, -1.1959974765777588, 0.31085237860679626, -0.07664014399051666, -0.20375648140907288, 0.3408474624156952, 1.269284963607788, -0.6390165090560913, 0.5145083665847778, 0.19964878261089325, 1.5889651775360107, 1.3186756372451782, -1.230554461479187, -1.7888370752334595, 0.5135905742645264, -0.8690215945243835, 0.36173105239868164, 0.7987273335456848, 2.334242105484009, -0.12133697420358658, 0.1728178709745407, -0.5540857911109924, 0.745142936706543, 0.7547770738601685, 0.058667369186878204, 0.04056019335985184, -1.2167882919311523, 0.34677818417549133, 0.7736530900001526, 0.42959094047546387, 1.900472640991211, -0.5694190263748169, 1.546371579170227, -1.0036416053771973, -0.3042006194591522, 0.3370533585548401, 0.3144696354866028, 0.8303921818733215, 1.9326529502868652, 1.5538569688796997, -1.3792545795440674, -0.835273027420044, -1.1725565195083618, 1.7093987464904785, -1.3760287761688232, -0.3190942406654358, -1.9363346099853516, 0.9349072575569153, -1.489112138748169, 0.47596749663352966, -2.116520643234253, -0.7049126625061035, 1.394856333732605, 0.8992664813995361, 1.1253377199172974, 0.00333297997713089, -2.1136817932128906, 1.4017934799194336, -0.14833180606365204, -0.15711547434329987]]]

sam giddins
[[[-1.0448530912399292, -0.3349246382713318, 0.4114958345890045, 0.40739789605140686, -0.332592248916626, 0.9918110370635986, -1.7787076234817505, -1.1755056381225586, -0.4392564296722412, 1.5224013328552246, -0.03558364138007164, -1.5470678806304932, -0.16682089865207672, -1.0036163330078125, 1.0978082418441772, -0.8202473521232605, -0.5485698580741882, 1.0827261209487915, 0.21073859930038452, -2.739962577819824, 0.5257523059844971, -0.2879294753074646, -1.3939119577407837, 0.9587860703468323, -0.1698302924633026, -0.532545268535614, 0.27592670917510986, -1.637161135673523, 0.5258795619010925, 0.2885013520717621, -0.5697323083877563, -1.8820043802261353, 1.3609428405761719, -0.16342175006866455, 0.6534481644630432, -0.6217657923698425, 0.3995494544506073, -0.21806204319000244, -1.4293636083602905, -0.5701478719711304, 0.1217082142829895, -1.0884735584259033, 0.2906586825847626, -0.4748495817184448, -0.669357419013977, 1.3076214790344238, 0.4431926906108856, -1.6184091567993164, 0.40227580070495605, 0.1431538164615631, -1.346372127532959, -0.1811181753873825, -1.484713077545166, 0.45795080065727234, 0.21482230722904205, -1.0153404474258423, 0.3284440338611603, 0.6272990703582764, -0.8244240283966064, 0.8439439535140991, 1.0376496315002441, 1.1013015508651733, -0.3140697181224823, -0.029262583702802658, 0.6488076448440552, -0.85616135597229, -1.246485948562622, 0.485996812582016, 0.8499029278755188, -0.14724291861057281, 0.5947623252868652, 0.3147045969963074, -1.3572580814361572, 1.6138532161712646, 2.2037081718444824, -0.8755642175674438, 0.6254867315292358, 0.13660277426242828, 1.5512440204620361, 1.516526699066162, -0.48082882165908813, -1.0392279624938965, 1.0617153644561768, 0.9438310861587524, -0.2003517895936966, 0.6163623332977295, 1.918908953666687, 1.0799773931503296, 0.468805730342865, -1.3944833278656006, 1.9722020626068115, 0.48687320947647095, 0.12892203032970428, -0.11655169725418091, -0.23678956925868988, 0.3927103281021118, 0.786633312702179, 1.10622239112854, 0.9525945782661438, -0.2831639349460602, 0.3891427218914032, -0.5070448517799377, -0.7703964710235596, 0.3182191252708435, 0.25352731347084045, 1.7343354225158691, 1.3329445123672485, 1.540565848350525, -1.9460073709487915, -0.04606536775827408, -0.31902676820755005, 1.067819356918335, -1.1574715375900269, -0.6017038822174072, -2.20322585105896, 0.6416066288948059, -1.2373168468475342, -0.24775584042072296, -0.7226484417915344, -0.9202685952186584, 2.77982234954834, -0.13596007227897644, -0.058042012155056, -0.31282535195350647, -1.2565101385116577, 1.2619963884353638, -0.0947607234120369, -0.5494062900543213]]]

steve mcintosh
[[[-1.435228943824768, -0.28180593252182007, 0.977048933506012, 0.06193841993808746, -0.354265958070755, 0.24376258254051208, -0.5599386096000671, -1.0048916339874268, -0.0766419842839241, 0.08182218670845032, 0.6527784466743469, -1.3432339429855347, -0.5802609920501709, -1.043228268623352, 1.5528801679611206, -0.05643764138221741, -1.515788197517395, 1.197412371635437, 1.0521100759506226, -1.4194737672805786, 1.1231600046157837, -0.2958696782588959, -0.8482204675674438, 1.0170480012893677, 0.8887796401977539, -0.623652994632721, 0.13332416117191315, -1.8802975416183472, 0.5261125564575195, 0.026107171550393105, 0.007705909200012684, -2.1115760803222656, 1.177498459815979, 1.0573816299438477, 1.0384571552276611, -0.684140145778656, -0.1176614910364151, 0.2223934680223465, -0.9611313939094543, -0.7074893712997437, 0.12912560999393463, -1.76313316822052, -0.11660308390855789, -0.4119845926761627, -0.277671217918396, 0.7267515063285828, 0.08063076436519623, -1.7318843603134155, 0.6690350770950317, 0.7827728986740112, -0.1792772263288498, -2.135714054107666, -1.1858952045440674, -0.47505056858062744, -0.21909518539905548, -0.2229553461074829, 0.09485378116369247, 1.9079811573028564, -1.0379621982574463, -0.019699130207300186, 1.3147506713867188, 1.7461721897125244, 1.1517916917800903, 0.13626497983932495, -0.8234735131263733, -0.8477995991706848, -0.18589268624782562, 0.8419296741485596, 0.8926820158958435, -0.7541168928146362, 0.22072303295135498, -0.7739740014076233, -0.07332601398229599, 1.9713563919067383, 1.4383994340896606, -0.8217852115631104, 1.7933534383773804, -0.11017242819070816, 2.256530523300171, 2.375535249710083, -1.6001075506210327, -1.0414048433303833, 0.9014787077903748, -0.0027697759214788675, 0.040247831493616104, 0.43367740511894226, 1.6916239261627197, 0.47232648730278015, 0.3450349271297455, -0.176715686917305, 0.006620654836297035, 0.39192575216293335, 0.6823458075523376, -0.1496029943227768, -0.4860523045063019, -0.8821877241134644, 0.9688220620155334, 1.7542582750320435, 1.111698865890503, 0.3460575044155121, 0.28694918751716614, -1.421787977218628, -1.1654094457626343, -0.7143596410751343, -0.9368895292282104, 1.2837884426116943, 1.4647060632705688, 1.381045937538147, -2.295029878616333, 0.3086738884449005, -0.12840084731578827, -0.036648403853178024, -0.5629198551177979, -1.2448248863220215, -1.5875108242034912, 1.1165590286254883, -0.9798394441604614, -0.5006498694419861, -0.4096856117248535, -0.766895592212677, 1.6918997764587402, -0.44461482763290405, 0.14124688506126404, -0.2585875988006592, -0.6353256702423096, 0.5745053887367249, -0.2073919028043747, -0.2595420181751251]]]

david vetter
[[[-1.1876356601715088, 0.11733164638280869, 0.8371644616127014, 0.8959246873855591, -0.41397953033447266, 1.0824676752090454, -1.4867103099822998, -0.01573871821165085, -0.023211173713207245, 1.0199650526046753, 0.9131718277931213, -1.033355712890625, -0.052602484822273254, -1.1722110509872437, 0.77907794713974, -2.354091167449951, -0.5881546139717102, 0.14164669811725616, 0.544745147228241, -2.056262493133545, 0.2751987874507904, -1.0124937295913696, -0.9923955798149109, 0.8315075039863586, -0.391788125038147, -0.5695968866348267, 0.21096231043338776, -1.4127558469772339, 0.13941268622875214, 0.9030981659889221, -0.6562407612800598, -1.0466675758361816, 0.7983859777450562, -0.00881787296384573, 0.7121229767799377, -0.5885815620422363, 0.06595036387443542, 1.103392481803894, 0.08273596316576004, -0.651914119720459, 0.10318304598331451, -0.984771728515625, -1.7237699031829834, 0.056456971913576126, 0.19136656820774078, 0.1460617184638977, 0.3279326856136322, -1.3470544815063477, 0.34686604142189026, -0.5414470434188843, -0.7551816701889038, -0.6527521014213562, 0.14247450232505798, 1.0436069965362549, -0.4705968201160431, 0.7395347952842712, 0.38600465655326843, 0.5624027252197266, -0.9023666977882385, 0.6153952479362488, 2.150696277618408, 1.413500428199768, 0.6638565063476562, -0.5847882032394409, -0.48881638050079346, -1.5162099599838257, -1.569806694984436, 0.6172352433204651, 0.37200435996055603, 0.03155723214149475, -0.4038994610309601, -1.2995457649230957, -0.03179674968123436, 0.905249834060669, 2.437075138092041, -0.6127384305000305, 0.1825142800807953, 1.3739652633666992, 2.9702165126800537, 2.3397440910339355, -2.002821683883667, -1.490373969078064, 1.222111463546753, -0.013405262492597103, 0.21365045011043549, 1.6481525897979736, 1.3171123266220093, 1.3516581058502197, 0.17408666014671326, -0.3081247806549072, -0.593982458114624, 0.23913638293743134, 0.869850754737854, 0.47571009397506714, 0.12196359783411026, 0.33568480610847473, -0.40870487689971924, 1.7064300775527954, 0.9467980265617371, -0.49355408549308777, 0.16921785473823547, -0.26443397998809814, 0.5061304569244385, 0.2773885130882263, 0.21710960566997528, 1.1934242248535156, 1.4601411819458008, 0.6755769848823547, -1.067234992980957, -0.45395827293395996, -1.3990716934204102, -0.07339335232973099, -1.4635998010635376, -2.078684091567993, -1.6187071800231934, 0.37785300612449646, -1.5927441120147705, 0.001856215880252421, -1.2810848951339722, 0.13772854208946228, 1.5164146423339844, -0.4616701602935791, -0.196306511759758, 0.6721827983856201, -1.356886625289917, 0.07480380684137344, 0.5612350106239319, 0.18291756510734558]]]

michael collins
[[[-1.6222223043441772, -0.12947821617126465, 1.0398228168487549, 0.46784499287605286, -0.4363700747489929, 1.0779480934143066, -1.2467772960662842, -0.789802074432373, -0.05244342237710953, 1.3682547807693481, 0.9109991192817688, -0.7104471921920776, -0.05647347494959831, -0.8996909260749817, 1.3277428150177002, -1.4130560159683228, -0.6862441897392273, 0.5488904714584351, 0.08513246476650238, -2.2845053672790527, 0.37599772214889526, -0.9044023752212524, -1.236668348312378, 1.708345651626587, 0.16013678908348083, -1.4649626016616821, 0.7373830080032349, -1.5925848484039307, 0.21715465188026428, -0.256231427192688, -1.1844829320907593, -1.2730510234832764, 0.8886962532997131, 0.9094294309616089, 0.545011043548584, 0.28008049726486206, 0.35637181997299194, 0.1937633901834488, -0.5529618263244629, 0.4130763113498688, -0.04013431817293167, -1.7684298753738403, 0.26070210337638855, -0.36899420619010925, -0.1563115119934082, 0.80450439453125, 0.812303364276886, -1.4906855821609497, 0.5405108332633972, 0.0936538353562355, -1.3695608377456665, -0.863211989402771, -1.387497067451477, 0.8372531533241272, 0.3248908817768097, 0.32999998331069946, 0.8371902704238892, 0.8659704923629761, -1.0265613794326782, -0.2712034285068512, 1.1977497339248657, 0.9900851249694824, 0.14469391107559204, -0.07471572607755661, -0.02604680322110653, -1.2727519273757935, -0.9972904324531555, 1.1813361644744873, 1.1393488645553589, -0.3946883976459503, -0.18745826184749603, -1.0261526107788086, -0.7099950909614563, 0.6431746482849121, 1.9675973653793335, -1.016349196434021, 0.3639332056045532, 0.0818338692188263, 2.6500895023345947, 1.7307088375091553, -0.6675074696540833, -1.523959755897522, 0.6213085055351257, -0.22968646883964539, 0.01307069230824709, 0.4434654116630554, 2.187464475631714, 0.44212889671325684, 0.30837282538414, -0.9983342885971069, 1.3109543323516846, 0.5174288153648376, 0.8121576905250549, 0.4836008548736572, -1.1511049270629883, 0.3042721748352051, 0.21542945504188538, 1.5241109132766724, 0.9108624458312988, -0.1730835884809494, 0.6753032207489014, -1.0423712730407715, -0.3957222104072571, -0.6535336971282959, 0.0009763899724930525, 1.459542989730835, 1.9711084365844727, 1.3754693269729614, -1.4683592319488525, -0.7388696074485779, -0.8709688782691956, 0.17646166682243347, -1.3177720308303833, -0.7812144756317139, -2.0845351219177246, 0.1121111586689949, -1.4114335775375366, 0.2581996023654938, -0.8397560119628906, 0.0005648989463225007, 2.1941330432891846, -0.025555003434419632, 0.25425779819488525, -0.28843894600868225, -1.4028871059417725, 1.7336713075637817, 0.002599171129986644, -0.41265466809272766]]]

david baddiel
[[[-0.9280769228935242, -0.30739825963974, 0.7853015065193176, -0.042730435729026794, -0.2937590479850769, 1.5818225145339966, -1.8976500034332275, -0.6744349002838135, 0.028261076658964157, 1.1809747219085693, -0.19485005736351013, -0.9730675220489502, 0.4589303135871887, -0.6570394039154053, 1.273227572441101, -1.2099273204803467, -0.823311448097229, -0.12851858139038086, 0.466653048992157, -2.4626657962799072, -0.048777107149362564, -0.3685709834098816, -1.694960355758667, 2.0918099880218506, -0.00783971231430769, -0.6384789347648621, 1.3468308448791504, -2.8174545764923096, 0.33949172496795654, 0.9006394743919373, -0.34308844804763794, -1.7661006450653076, 0.6254220604896545, -0.015509232878684998, 1.3351987600326538, -1.3921605348587036, 1.390278935432434, -0.46916356682777405, -1.0384973287582397, -0.25028496980667114, 0.0252720657736063, -1.2550638914108276, -1.1288084983825684, -0.19805052876472473, 0.4607478976249695, 0.47725218534469604, 0.8682320713996887, -0.7160137295722961, 0.899493396282196, 0.38117438554763794, -0.8244695663452148, 0.5725570321083069, -0.224040687084198, 1.1957758665084839, -0.039825811982154846, -0.2333257645368576, -0.003427978605031967, 0.8642701506614685, -0.4850173890590668, 0.33811241388320923, 1.5985263586044312, 0.7623260021209717, 0.6366916298866272, -0.7292302846908569, 0.09474680572748184, -0.3672012388706207, -0.899753212928772, 0.6485073566436768, 0.6888403296470642, 0.5187471508979797, -0.60158371925354, -0.12771977484226227, -0.9393423795700073, 0.5402112603187561, 2.1339986324310303, -0.17115582525730133, 1.1090834140777588, 0.5674235820770264, 1.8729459047317505, 3.10221266746521, -2.2412681579589844, -1.0696568489074707, 0.895153284072876, -0.4782319962978363, -0.6808232665061951, 1.528167963027954, 1.3889743089675903, 0.37798380851745605, 0.2515842318534851, 0.086061030626297, -0.1953258365392685, 0.3391694128513336, -0.12366095185279846, 1.1729650497436523, -0.9733502268791199, 0.015424155630171299, -0.052547208964824677, 0.041053999215364456, 1.2260276079177856, -0.4791645109653473, -0.5158239006996155, -0.6870079636573792, -0.7233365178108215, 0.3895642161369324, 0.022619351744651794, 0.6603447198867798, 2.216977596282959, 1.3432707786560059, -0.9760468602180481, -0.1446429044008255, 0.31596270203590393, -0.5166376233100891, -1.0770515203475952, -0.7055625319480896, -1.9007244110107422, 1.3145170211791992, -1.4279457330703735, -0.10457650572061539, -1.2542331218719482, -0.03445372357964516, 0.8400624990463257, -0.4935041069984436, -0.2357652187347412, -0.3737798035144806, -1.6000503301620483, -0.14677710831165314, 0.8469728827476501, 0.16545040905475616]]]

joe rogan
[[[-1.246549367904663, -0.8187543749809265, 0.5224055647850037, 0.9550381302833557, -0.8549788594245911, 1.151415467262268, -1.2870006561279297, -0.9394519925117493, -0.3620526194572449, 1.8069627285003662, 0.07546288520097733, -1.5372445583343506, 0.13371223211288452, -0.616952657699585, -0.06841248273849487, -0.7496817708015442, -1.7902281284332275, 1.2266514301300049, 1.1211333274841309, -1.77836275100708, 0.553331196308136, -0.2575284540653229, -1.2351799011230469, 0.826447069644928, -0.4467151463031769, -0.9974035620689392, -0.26316162943840027, -1.3663277626037598, 0.35283753275871277, -0.7824058532714844, -0.9363983869552612, -1.9501636028289795, 0.698595404624939, 0.3242308497428894, 1.6840791702270508, -0.2576161324977875, -0.02172974683344364, -0.32533159852027893, -0.44261395931243896, -0.45338165760040283, -0.31274503469467163, -2.1180214881896973, -0.5485092401504517, -0.7525686621665955, -0.28739994764328003, 1.4125841856002808, 0.6507049798965454, -0.4706205129623413, 0.637721061706543, 1.1743090152740479, -0.15343180298805237, -0.9991045594215393, -0.1321946382522583, 0.09109942615032196, -0.39042970538139343, -0.21735554933547974, 0.38643595576286316, 1.1288683414459229, 0.13312135636806488, 1.0347245931625366, 1.0217620134353638, 0.1762063205242157, 1.1990586519241333, 0.6176242232322693, -0.94525545835495, -0.9086681604385376, -0.5516939163208008, 0.2445753514766693, 0.5100502967834473, 0.16778357326984406, 0.9368152022361755, -0.5510662794113159, -0.5698503851890564, 1.894682765007019, 1.8222888708114624, -0.7556682825088501, 0.044927533715963364, -0.08669964969158173, 1.9860447645187378, 2.488863945007324, -1.2670782804489136, -1.1158641576766968, 0.808780312538147, 0.7321568727493286, 0.9337685704231262, 0.6672762632369995, 1.7833595275878906, 0.4732861816883087, -0.1838238537311554, -1.6175448894500732, 1.5813839435577393, 1.112094759941101, 0.7924853563308716, -0.4358927309513092, -0.925001323223114, -0.29723450541496277, 0.10606822371482849, 1.1334166526794434, 1.0739831924438477, -0.7767437696456909, 0.39925721287727356, -1.11431086063385, -0.44321170449256897, -0.6299817562103271, -0.7949275374412537, 1.171981930732727, 2.026556968688965, 1.0644394159317017, -2.314676523208618, 0.19928501546382904, -0.062490493059158325, 1.3553322553634644, -0.34876811504364014, -0.9633632898330688, -1.7643159627914429, 0.7925897836685181, -1.566156268119812, 0.21461895108222961, -0.6036348938941956, -0.40316516160964966, 1.6590399742126465, 0.0375913605093956, 0.06757555902004242, -0.4691603481769562, -1.7711049318313599, 0.13071244955062866, 0.6497658491134644, 0.24599696695804596]]]

mark andrews
[[[-1.6044460535049438, 0.5076773762702942, 0.9016277194023132, 0.6137689352035522, -0.07894507050514221, 0.783330500125885, -0.8479359149932861, -1.0237468481063843, -0.5728825926780701, 1.0041911602020264, 0.3622781038284302, -1.8314169645309448, -0.1320963203907013, -1.3862677812576294, 0.47876280546188354, -1.1962815523147583, -0.06601230055093765, 1.250226378440857, -0.9196401238441467, -1.9885246753692627, 0.8732528686523438, -0.4635346829891205, -1.1238222122192383, 0.7944337725639343, -0.19921042025089264, -1.1775654554367065, 1.6927473545074463, -1.9384181499481201, 0.0827694982290268, -0.11683537065982819, -0.2899790406227112, -1.7539414167404175, 0.0718814805150032, -0.929354190826416, 1.4651293754577637, -0.6756066679954529, 0.979840874671936, 0.6059557199478149, -1.8365931510925293, -0.3388131558895111, 0.08053337782621384, -0.7472215294837952, -1.075331211090088, -0.013860633596777916, 1.1455128192901611, 0.5601062774658203, 0.5526535511016846, -1.8111028671264648, 0.6383215188980103, 0.17085152864456177, -0.7371779084205627, -0.5565223693847656, -0.8103105425834656, 0.7603560090065002, -0.591158926486969, 0.7837933301925659, -0.14989084005355835, 0.7977935671806335, 0.016091061756014824, 1.7912559509277344, 1.6797996759414673, 0.28092053532600403, 0.9457149505615234, 1.1682883501052856, -0.10675466060638428, -1.117272138595581, -0.9966810345649719, 0.9831411838531494, 0.9656837582588196, 0.3731059432029724, 0.5890994071960449, -0.9855425953865051, 0.3815837800502777, 1.3553225994110107, 0.6403201222419739, -0.764401376247406, 0.03243125230073929, 0.31687596440315247, 1.7095667123794556, 2.006723642349243, -0.6318148374557495, -0.9969845414161682, 1.2164112329483032, 0.4106418490409851, -0.21239350736141205, 0.9875577092170715, 1.8242344856262207, -0.08660133928060532, -0.5363500714302063, -1.130932092666626, 0.6622226238250732, 0.8674472570419312, 0.9748561978340149, 0.8007620573043823, -1.5967100858688354, -0.6522622108459473, 0.8281075358390808, 0.68461674451828, 0.7666740417480469, -0.6222974061965942, 0.24562394618988037, -0.7017225027084351, -0.20255009829998016, -0.5730704069137573, -0.9190772175788879, 1.5670158863067627, 1.133177399635315, 1.5283761024475098, -0.9229413866996765, -0.7590543031692505, -0.7560230493545532, 0.3959214687347412, -0.926485538482666, -1.0460631847381592, -1.4505969285964966, 0.28057071566581726, -2.503866672515869, -0.08862052112817764, -1.4515964984893799, -0.9806307554244995, 1.192672610282898, -0.22127994894981384, 0.5466983318328857, 0.7210490107536316, -1.3558779954910278, 1.1484001874923706, 1.8175629377365112, 0.4865797162055969]]]

Orkney
[[[-0.9178428649902344, -0.03548048809170723, 0.6647427678108215, 1.6457178592681885, 0.3806285858154297, 0.07395999878644943, -1.1729707717895508, -0.6834662556648254, -0.46323662996292114, 2.205789566040039, 0.7591591477394104, -1.7126200199127197, -0.19469857215881348, -1.047946572303772, 0.6827045679092407, -0.8786498308181763, -1.0746036767959595, 0.1545754075050354, -0.041426882147789, -1.1252731084823608, 0.23534783720970154, 0.10375265032052994, -0.7261353135108948, 1.029282808303833, 0.9825954437255859, -0.4007421135902405, 0.37428590655326843, -1.640984296798706, 0.6065383553504944, -1.3861629962921143, -0.723231315612793, -1.8741329908370972, -0.012968423776328564, 1.1152170896530151, 0.9205560088157654, -0.010559472255408764, 0.07509002089500427, -0.929701030254364, -1.4690176248550415, 0.3956015706062317, -0.15631069242954254, -1.0529588460922241, -0.9209338426589966, -0.08241662383079529, 0.4402272403240204, -0.22039984166622162, 0.47727036476135254, -1.0561307668685913, 0.8879076242446899, 1.9189492464065552, 0.25880321860313416, -1.0587854385375977, -0.6136802434921265, 0.0036386516876518726, -1.1150611639022827, 0.11468367278575897, 0.18078185617923737, -0.13033263385295868, -1.1036345958709717, 1.5094553232192993, 1.2748788595199585, 0.7797625064849854, 0.9515401721000671, 1.316936731338501, 0.04534647613763809, -1.497774362564087, 0.4240783154964447, 0.717526376247406, 0.14964663982391357, -0.2845546007156372, 0.8278716206550598, 0.11469454318284988, -0.9118021726608276, 0.5926458239555359, 1.3663357496261597, -0.9329159259796143, -1.3404451608657837, -0.5874293446540833, 1.0959631204605103, 0.5685089826583862, -1.0983909368515015, -1.0670982599258423, 0.8728729486465454, 0.4076695144176483, 0.6405208706855774, 1.2416609525680542, 1.6480484008789062, -0.3515565097332001, -0.6182540059089661, -1.0277225971221924, 0.9703620672225952, 0.26830652356147766, -0.3568134009838104, -0.38250094652175903, -1.5962879657745361, -0.20413421094417572, 0.3636913001537323, 1.5719780921936035, 0.4271656274795532, -0.29241710901260376, 0.6276101469993591, -0.3582550883293152, -0.953536331653595, -0.6520755290985107, 0.1713199019432068, 1.559051275253296, 1.1405067443847656, 2.1135036945343018, -1.5755418539047241, -0.7806726098060608, 0.530138373374939, -0.14691154658794403, -0.08767077326774597, -1.5053958892822266, -2.528522253036499, 0.5962840914726257, -1.823588252067566, -0.13768911361694336, 0.08551409840583801, -0.9305219650268555, 2.444669246673584, 1.5160366296768188, -0.6184569597244263, 0.2472560554742813, -1.2914199829101562, 2.183264970779419, 1.5931552648544312, 0.32926952838897705]]]

Orkney
[[[-0.9178428649902344, -0.03548048809170723, 0.6647427678108215, 1.6457178592681885, 0.3806285858154297, 0.07395999878644943, -1.1729707717895508, -0.6834662556648254, -0.46323662996292114, 2.205789566040039, 0.7591591477394104, -1.7126200199127197, -0.19469857215881348, -1.047946572303772, 0.6827045679092407, -0.8786498308181763, -1.0746036767959595, 0.1545754075050354, -0.041426882147789, -1.1252731084823608, 0.23534783720970154, 0.10375265032052994, -0.7261353135108948, 1.029282808303833, 0.9825954437255859, -0.4007421135902405, 0.37428590655326843, -1.640984296798706, 0.6065383553504944, -1.3861629962921143, -0.723231315612793, -1.8741329908370972, -0.012968423776328564, 1.1152170896530151, 0.9205560088157654, -0.010559472255408764, 0.07509002089500427, -0.929701030254364, -1.4690176248550415, 0.3956015706062317, -0.15631069242954254, -1.0529588460922241, -0.9209338426589966, -0.08241662383079529, 0.4402272403240204, -0.22039984166622162, 0.47727036476135254, -1.0561307668685913, 0.8879076242446899, 1.9189492464065552, 0.25880321860313416, -1.0587854385375977, -0.6136802434921265, 0.0036386516876518726, -1.1150611639022827, 0.11468367278575897, 0.18078185617923737, -0.13033263385295868, -1.1036345958709717, 1.5094553232192993, 1.2748788595199585, 0.7797625064849854, 0.9515401721000671, 1.316936731338501, 0.04534647613763809, -1.497774362564087, 0.4240783154964447, 0.717526376247406, 0.14964663982391357, -0.2845546007156372, 0.8278716206550598, 0.11469454318284988, -0.9118021726608276, 0.5926458239555359, 1.3663357496261597, -0.9329159259796143, -1.3404451608657837, -0.5874293446540833, 1.0959631204605103, 0.5685089826583862, -1.0983909368515015, -1.0670982599258423, 0.8728729486465454, 0.4076695144176483, 0.6405208706855774, 1.2416609525680542, 1.6480484008789062, -0.3515565097332001, -0.6182540059089661, -1.0277225971221924, 0.9703620672225952, 0.26830652356147766, -0.3568134009838104, -0.38250094652175903, -1.5962879657745361, -0.20413421094417572, 0.3636913001537323, 1.5719780921936035, 0.4271656274795532, -0.29241710901260376, 0.6276101469993591, -0.3582550883293152, -0.953536331653595, -0.6520755290985107, 0.1713199019432068, 1.559051275253296, 1.1405067443847656, 2.1135036945343018, -1.5755418539047241, -0.7806726098060608, 0.530138373374939, -0.14691154658794403, -0.08767077326774597, -1.5053958892822266, -2.528522253036499, 0.5962840914726257, -1.823588252067566, -0.13768911361694336, 0.08551409840583801, -0.9305219650268555, 2.444669246673584, 1.5160366296768188, -0.6184569597244263, 0.2472560554742813, -1.2914199829101562, 2.183264970779419, 1.5931552648544312, 0.32926952838897705]]]

the Orkney Islands
[[[-1.4175955057144165, 0.2150040566921234, 1.1771117448806763, 1.056862473487854, 1.2220654487609863, 0.19135794043540955, -1.0638587474822998, -1.0583536624908447, 0.48667874932289124, 1.5667647123336792, 0.18737860023975372, -2.3737599849700928, -0.6884763240814209, -0.6541298031806946, 2.0078318119049072, -1.076468586921692, -0.6456649899482727, -0.000836764054838568, 0.7038338780403137, -0.4964805841445923, -0.18328838050365448, 0.9378603100776672, -0.38125964999198914, 1.2320129871368408, 0.035873811691999435, -0.5455038547515869, 1.3665032386779785, -0.9906439781188965, 1.4636311531066895, 0.04702448472380638, -1.876786470413208, -1.72154700756073, -0.1839049756526947, 0.7717018723487854, 1.779327630996704, -0.3493702709674835, -1.3183634281158447, -0.6785019636154175, -1.047483205795288, 0.45349258184432983, 0.25586700439453125, -1.8522355556488037, -0.953081488609314, 0.7779102921485901, 1.3884845972061157, 0.34856072068214417, -0.7092322111129761, -0.6796596050262451, -0.004324857611209154, 0.34459102153778076, -0.01831413246691227, -0.6784921884536743, -1.035601258277893, -0.1239025890827179, -1.1140676736831665, -1.2242138385772705, 0.3003806471824646, -0.37782034277915955, -0.6153303384780884, 1.9440703392028809, 1.7821247577667236, 0.1965944916009903, 1.8633285760879517, 1.9193947315216064, -0.4865136444568634, -0.7043749094009399, 1.4063212871551514, -0.22623984515666962, -0.11052589118480682, -0.612666666507721, 0.6949529647827148, -0.984959602355957, -0.8364060521125793, 0.6177701354026794, 1.2623118162155151, 0.42937663197517395, -0.4904918968677521, -0.728253960609436, 1.3236496448516846, 0.2723495662212372, -1.3014140129089355, -0.6003920435905457, 1.312354326248169, 0.4792744815349579, 0.1474645584821701, 0.3299456238746643, 2.1087374687194824, -0.37369197607040405, -1.1088106632232666, -1.323231816291809, -0.12606821954250336, -0.6151993870735168, -0.9294734597206116, -0.32293304800987244, -1.5452864170074463, -0.4030420482158661, 0.3272257447242737, 1.2650192975997925, -0.34086036682128906, 0.5003718137741089, -0.2644461393356323, -0.2591475248336792, -0.4729827642440796, 0.2988630533218384, -0.5822182893753052, 1.7356138229370117, 1.4340310096740723, 1.4115350246429443, -0.4263206124305725, -1.0041595697402954, 0.15018227696418762, 0.20163430273532867, -0.6470157504081726, -1.1367638111114502, -1.4199267625808716, 0.30298280715942383, -1.5161713361740112, -0.08327890932559967, 0.1921360194683075, 1.027414321899414, 1.7975001335144043, -0.467635840177536, 1.154122233390808, 0.130948007106781, -2.074244737625122, 0.9126670956611633, 0.8953003287315369, 0.5180231332778931]]]

orkney
[[[-0.9714683294296265, -0.8518238663673401, -0.42617106437683105, 0.9725549817085266, -0.62926185131073, 0.34721261262893677, -1.2588664293289185, -0.32758817076683044, -0.29827818274497986, 1.4402060508728027, -0.03489943593740463, -1.767374873161316, -0.24925482273101807, -0.8517313003540039, 1.0526864528656006, -0.47402188181877136, -0.34321993589401245, 1.3153797388076782, 0.1364758014678955, -1.940976858139038, 0.36709699034690857, 0.37306979298591614, -0.989711582660675, 1.0135982036590576, 1.0158571004867554, -1.297433853149414, 0.8365374207496643, -1.5333454608917236, 0.34963908791542053, -1.00271737575531, -1.3578381538391113, -2.088456869125366, 0.303114652633667, 0.7584006190299988, 0.09317805618047714, -0.5802419781684875, 0.5618996620178223, 0.15049655735492706, -0.6757181286811829, 0.12876945734024048, 0.5731441974639893, -1.8723909854888916, -1.146759033203125, -0.41876405477523804, -0.11410344392061234, -0.5055037140846252, 0.5521032214164734, -1.3104664087295532, 0.8557502031326294, 0.6615505218505859, -0.14643654227256775, -1.1938248872756958, -1.0232818126678467, -0.028504742309451103, -0.6662276983261108, 0.4948921799659729, 0.634730339050293, 0.7077036499977112, -0.9269339442253113, 1.868253231048584, 1.8418023586273193, 1.3580737113952637, 1.4106577634811401, 0.3645305335521698, 0.43761205673217773, -0.736575186252594, 0.053878702223300934, 0.5179688334465027, 1.4617685079574585, 0.2592243552207947, 0.031608279794454575, -0.6706783175468445, -0.9688342213630676, 1.75955331325531, 1.9691163301467896, -0.7380491495132446, -0.725556492805481, 0.10323019325733185, 2.4013724327087402, 0.9963827133178711, -1.1312423944473267, -0.5456603765487671, 1.1875988245010376, -0.024715885519981384, -0.5229797959327698, -0.3649206757545471, 1.2242636680603027, 0.959507167339325, -0.3555392324924469, -0.6706192493438721, 1.523266077041626, 0.8175955414772034, 0.9375329613685608, 0.10265058279037476, -0.9096524715423584, -0.053832512348890305, 0.5616415143013, 2.2253646850585938, 0.7352098822593689, -1.5088117122650146, 0.7177976965904236, -0.5660884380340576, -0.7302829027175903, -1.1179132461547852, -1.6152756214141846, 1.5818713903427124, 1.38777494430542, 1.163922667503357, -2.1271259784698486, 0.012595651671290398, 0.46903419494628906, -0.5366887450218201, -0.4909065067768097, -1.7136553525924683, -1.2211778163909912, 0.45422935485839844, -1.5128121376037598, -0.7168835997581482, 0.27852147817611694, -0.9055630564689636, 1.484433650970459, 0.11798883229494095, -0.337239146232605, 0.910284161567688, -0.5980382561683655, 0.5978677868843079, 0.8470150232315063, 0.5918684005737305]]]

scottish
[[[-0.9312388300895691, -0.9492564797401428, 0.11012629419565201, 0.6637043356895447, -0.22820822894573212, 0.7062678933143616, -1.6293145418167114, 0.052025485783815384, 0.659123420715332, 0.8616946935653687, 0.12299277633428574, -0.573153555393219, -0.5100724101066589, -0.6971191763877869, 0.7173649668693542, -1.8804672956466675, -0.42876294255256653, 1.5287370681762695, 0.1492166668176651, -1.5482854843139648, 0.7210847735404968, -1.7317979335784912, -0.7282865047454834, 0.46704137325286865, 0.0756317526102066, -0.6418267488479614, 0.41911718249320984, -1.7987468242645264, 0.6424380540847778, 0.4645829200744629, -0.7738394141197205, -2.0937864780426025, 0.7034810781478882, -0.07113485783338547, 1.689256191253662, -0.8319864869117737, -0.49399179220199585, -0.5474984645843506, 0.00928799994289875, -0.6020311713218689, -0.20906709134578705, -1.7453778982162476, -0.1656341701745987, -0.9297693967819214, -0.2466713935136795, 0.9428129196166992, 0.7993123531341553, -1.7769520282745361, 0.551585853099823, 0.6897281408309937, -0.612634539604187, -0.8337899446487427, -0.8371334075927734, -0.38789549469947815, -0.38659724593162537, -0.6167973279953003, 0.8703843951225281, 0.6908258199691772, -0.4721400737762451, 0.6501097679138184, 1.2786468267440796, 0.9084092378616333, 0.7731748223304749, 0.06501640379428864, 0.11489945650100708, -1.3120380640029907, -0.8791061043739319, 0.6169325709342957, 1.0931504964828491, 0.2797054350376129, 0.46583908796310425, -1.0997886657714844, -0.2221035659313202, 1.607824444770813, 1.5702754259109497, -0.7944243550300598, 0.983086109161377, 0.06926576793193817, 1.8968671560287476, 1.6949867010116577, -1.212013840675354, -0.932653546333313, 1.2282994985580444, -0.5285009145736694, 0.40817883610725403, 1.000067114830017, 1.594238042831421, 2.0219521522521973, 0.19994039833545685, -0.668279230594635, 1.209631323814392, 1.804654598236084, -0.2909073233604431, 0.775513231754303, -0.9323718547821045, -0.4313143193721771, -1.2800252437591553, 1.3440572023391724, 1.3214672803878784, -0.6249388456344604, 0.6530042886734009, -0.9653089642524719, -0.11946609616279602, -0.2512938678264618, -0.9954851865768433, 1.3159685134887695, 2.359565019607544, 1.9012103080749512, -1.569649338722229, -0.2245812863111496, -0.4095191955566406, 0.8499045372009277, -0.3483215868473053, -1.7149741649627686, -1.3864859342575073, 0.11923803389072418, -1.2228057384490967, -0.19464142620563507, -0.966324508190155, -0.6961824893951416, 1.3842148780822754, -0.01423782017081976, 1.1454076766967773, -0.40595218539237976, -1.8711135387420654, 0.6959913969039917, 0.6655990481376648, 0.10195697098970413]]]

scottish
[[[-0.9312388300895691, -0.9492564797401428, 0.11012629419565201, 0.6637043356895447, -0.22820822894573212, 0.7062678933143616, -1.6293145418167114, 0.052025485783815384, 0.659123420715332, 0.8616946935653687, 0.12299277633428574, -0.573153555393219, -0.5100724101066589, -0.6971191763877869, 0.7173649668693542, -1.8804672956466675, -0.42876294255256653, 1.5287370681762695, 0.1492166668176651, -1.5482854843139648, 0.7210847735404968, -1.7317979335784912, -0.7282865047454834, 0.46704137325286865, 0.0756317526102066, -0.6418267488479614, 0.41911718249320984, -1.7987468242645264, 0.6424380540847778, 0.4645829200744629, -0.7738394141197205, -2.0937864780426025, 0.7034810781478882, -0.07113485783338547, 1.689256191253662, -0.8319864869117737, -0.49399179220199585, -0.5474984645843506, 0.00928799994289875, -0.6020311713218689, -0.20906709134578705, -1.7453778982162476, -0.1656341701745987, -0.9297693967819214, -0.2466713935136795, 0.9428129196166992, 0.7993123531341553, -1.7769520282745361, 0.551585853099823, 0.6897281408309937, -0.612634539604187, -0.8337899446487427, -0.8371334075927734, -0.38789549469947815, -0.38659724593162537, -0.6167973279953003, 0.8703843951225281, 0.6908258199691772, -0.4721400737762451, 0.6501097679138184, 1.2786468267440796, 0.9084092378616333, 0.7731748223304749, 0.06501640379428864, 0.11489945650100708, -1.3120380640029907, -0.8791061043739319, 0.6169325709342957, 1.0931504964828491, 0.2797054350376129, 0.46583908796310425, -1.0997886657714844, -0.2221035659313202, 1.607824444770813, 1.5702754259109497, -0.7944243550300598, 0.983086109161377, 0.06926576793193817, 1.8968671560287476, 1.6949867010116577, -1.212013840675354, -0.932653546333313, 1.2282994985580444, -0.5285009145736694, 0.40817883610725403, 1.000067114830017, 1.594238042831421, 2.0219521522521973, 0.19994039833545685, -0.668279230594635, 1.209631323814392, 1.804654598236084, -0.2909073233604431, 0.775513231754303, -0.9323718547821045, -0.4313143193721771, -1.2800252437591553, 1.3440572023391724, 1.3214672803878784, -0.6249388456344604, 0.6530042886734009, -0.9653089642524719, -0.11946609616279602, -0.2512938678264618, -0.9954851865768433, 1.3159685134887695, 2.359565019607544, 1.9012103080749512, -1.569649338722229, -0.2245812863111496, -0.4095191955566406, 0.8499045372009277, -0.3483215868473053, -1.7149741649627686, -1.3864859342575073, 0.11923803389072418, -1.2228057384490967, -0.19464142620563507, -0.966324508190155, -0.6961824893951416, 1.3842148780822754, -0.01423782017081976, 1.1454076766967773, -0.40595218539237976, -1.8711135387420654, 0.6959913969039917, 0.6655990481376648, 0.10195697098970413]]]

the shetland islands
[[[-1.4367095232009888, -0.26195380091667175, 1.577246904373169, -0.6215773224830627, 1.5048502683639526, 0.9086687564849854, -1.1513994932174683, -1.2368649244308472, -0.11458919197320938, 1.651816487312317, -0.25709784030914307, -1.74979829788208, -0.09485476464033127, -1.1316378116607666, 0.6131198406219482, -1.5656367540359497, -1.5371230840682983, 0.35746440291404724, 0.554191529750824, -0.17864598333835602, -0.5485204458236694, 0.09362936019897461, -1.1723967790603638, 0.3045937418937683, 0.4434872269630432, -0.11769049614667892, 1.5011299848556519, -2.366159677505493, 0.8162554502487183, 0.5472486019134521, -0.6577848196029663, -1.5731061697006226, -0.3356490433216095, 0.6224142909049988, 2.791220188140869, 0.7901412844657898, -0.5662577748298645, -0.633041501045227, -0.3292568325996399, 0.6386616826057434, -0.19999337196350098, -1.5465651750564575, -0.197920024394989, 0.47408169507980347, 0.7831175327301025, 0.7497506141662598, 0.377946138381958, -1.139892339706421, 0.12016233801841736, 0.6744646430015564, -1.2783267498016357, -0.9589467644691467, -1.462838053703308, -0.4430849552154541, -0.4261890649795532, -0.6545732617378235, -0.6169064044952393, -0.8325340747833252, 0.062029898166656494, 0.802253782749176, 0.6212419867515564, -0.1969955414533615, 1.589156150817871, 1.8691339492797852, -0.40984228253364563, -0.6489173173904419, 1.010636806488037, -0.02484108693897724, 0.11650215089321136, 0.012250721454620361, 0.2207004874944687, -0.45761924982070923, -0.6199375987052917, -0.5150609612464905, 1.3736921548843384, -0.4989422559738159, 0.30589380860328674, -0.7881081700325012, 2.474001169204712, 0.6497165560722351, -1.4433062076568604, -0.5251190662384033, 0.7687787413597107, 0.14743171632289886, 0.5036618113517761, 0.2235678881406784, 2.2099342346191406, -0.20202010869979858, -0.7791323065757751, -0.7834155559539795, -0.6474289894104004, 0.9355149865150452, -1.5179733037948608, 0.8309674859046936, -1.7503278255462646, 0.5321812629699707, 0.5749121904373169, 0.5885209441184998, 0.4490130841732025, 0.5915977358818054, -0.10571109503507614, 0.7581674456596375, 0.33711129426956177, 0.42913132905960083, -0.04453088343143463, 2.076169013977051, 1.3566172122955322, 1.071049451828003, -1.0392805337905884, -0.31432145833969116, -0.5130603909492493, 0.27078256011009216, -0.11251161247491837, -1.6466189622879028, -1.560247540473938, 0.8262219429016113, -1.1068178415298462, 0.05305284261703491, 0.33810776472091675, 0.843629002571106, 2.3598580360412598, -1.0136798620224, 1.2385516166687012, 0.03372591733932495, -2.0927562713623047, -0.22470799088478088, 0.7288514971733093, -0.1012268215417862]]]

shetland
[[[-1.2056140899658203, -0.8743410110473633, 0.9285880923271179, 1.0395116806030273, -0.3480840027332306, 0.3785442113876343, -1.793351411819458, -1.3045927286148071, -0.09417856484651566, 1.0607343912124634, 0.5700792670249939, -1.4461729526519775, -0.12250293046236038, -1.4476821422576904, 2.512099266052246, -1.2847148180007935, -0.6597362160682678, 1.5024776458740234, 0.47941234707832336, -2.6564433574676514, 0.5977861285209656, 0.17450213432312012, -1.2758203744888306, 0.9716604948043823, 0.2533474564552307, -1.4915144443511963, 0.4163675904273987, -1.3317817449569702, 0.13280083239078522, -0.24592387676239014, -1.3009955883026123, -2.014514684677124, 0.7032775282859802, -0.2509712874889374, 0.5956948399543762, -0.47479572892189026, -0.39534899592399597, 0.8249937891960144, -0.07159674912691116, -0.8260406851768494, 0.17502057552337646, -1.3073474168777466, -0.737206220626831, -0.12969230115413666, 0.033465348184108734, 0.2211197018623352, 0.26350730657577515, -1.2946611642837524, -0.08360569179058075, -0.07464057207107544, -0.4728158414363861, -0.26910915970802307, -0.6555232405662537, -0.06195720657706261, -0.8879088759422302, 0.6722410321235657, 0.14211605489253998, -0.16879253089427948, -0.37551864981651306, 1.1789288520812988, 1.5423922538757324, 0.9343851208686829, 1.122119426727295, -0.506119430065155, -0.24416778981685638, -1.2373088598251343, -1.1956689357757568, 1.0581364631652832, 1.014295220375061, 0.008183780126273632, 0.30936193466186523, -0.6906442046165466, -0.020990097895264626, 1.213531732559204, 1.3791708946228027, -0.27513787150382996, -0.21939989924430847, 0.0013104949612170458, 2.2292401790618896, 1.2884424924850464, -1.451012134552002, -1.145779013633728, 1.4126343727111816, -0.3378989100456238, -0.021737556904554367, 0.5514799356460571, 1.6069716215133667, 0.8988677859306335, 0.23445914685726166, -0.6173747777938843, 1.7463016510009766, 1.6090023517608643, 0.41900745034217834, 0.6526997089385986, -0.7896732687950134, 0.12737105786800385, 0.16796967387199402, 1.7997287511825562, 0.8320134878158569, -1.305631160736084, 1.0463420152664185, -1.2607747316360474, 0.04958277568221092, -0.5352199077606201, -0.5311888456344604, 1.7798399925231934, 1.944630742073059, 0.821887731552124, -1.6481727361679077, -0.07215046882629395, -0.42362430691719055, 0.5461128950119019, -1.2598447799682617, -1.5858395099639893, -1.2038310766220093, 1.3652125597000122, -1.129316806793213, 0.18525224924087524, -0.6504508256912231, -0.8657122254371643, 1.912018895149231, -0.45987668633461, 0.40440458059310913, 0.24726466834545135, -0.47114434838294983, 0.49770793318748474, 0.38301193714141846, 0.4205663204193115]]]

scottish isles
[[[-0.9548040628433228, -0.058690618723630905, 0.6034722924232483, 0.20442339777946472, 0.641999363899231, 1.3946818113327026, -1.2612475156784058, 0.6521548628807068, 0.8306553959846497, 0.907409131526947, -0.42371344566345215, -0.3592607378959656, -0.9450907707214355, -0.8479287624359131, 0.17632216215133667, -2.297960042953491, 0.45190322399139404, 0.5862869620323181, -0.33509254455566406, -1.4342219829559326, 0.6818171739578247, -1.3114877939224243, -0.6730687618255615, 0.010222693905234337, -0.2838473916053772, -1.0051159858703613, 0.6849671602249146, -1.3978408575057983, 0.3384990990161896, 0.856115996837616, -0.23124587535858154, -1.6836373805999756, 0.6077454686164856, -1.0080116987228394, 2.834665060043335, -0.6470934748649597, 0.9431629180908203, 0.04390271008014679, -0.08552224189043045, -0.4113922715187073, -0.8813462853431702, -1.4075335264205933, 0.23938710987567902, -0.42206642031669617, 1.0510692596435547, 0.7017011642456055, 1.827568531036377, -1.3620715141296387, 0.89701908826828, 0.05798224359750748, -1.9961603879928589, -0.8295807242393494, -1.5159142017364502, 0.22462639212608337, 0.27727118134498596, -0.5851006507873535, 0.2855129539966583, -0.0722736194729805, -0.157120481133461, 0.6284938454627991, 1.2396048307418823, 0.013116258196532726, 0.8865589499473572, 0.7567062973976135, 1.0996472835540771, -0.8643969297409058, -0.23443707823753357, 0.4321056008338928, 0.14376606047153473, -0.3313516676425934, 0.6875032782554626, -1.1104086637496948, -0.37505701184272766, 0.6272711753845215, 1.7370827198028564, -0.8903153538703918, 0.18413449823856354, 1.0546622276306152, 1.88238525390625, 2.137228012084961, -1.0404592752456665, -1.4998672008514404, 2.1853528022766113, -0.38961249589920044, 0.6753284335136414, 0.8443846106529236, 1.6678853034973145, 1.7470428943634033, -0.03706774115562439, -0.027312038466334343, 0.06496918201446533, 0.4090636074542999, -0.5963823199272156, 0.9954311847686768, -0.5249696373939514, -0.750370442867279, -0.706719696521759, 0.6587846875190735, 0.4136831760406494, -0.4079325199127197, -0.026132557541131973, -0.3996630609035492, -0.13934814929962158, 0.9380251169204712, -0.8828646540641785, 0.2325131744146347, 1.4386012554168701, 1.1346182823181152, -0.36768484115600586, -0.6858468651771545, -1.066709041595459, 0.046021994203329086, -0.11792968213558197, -0.7238370776176453, -2.2029030323028564, -0.4068039357662201, -1.2515236139297485, -0.0356706902384758, -2.2436375617980957, 0.5082384943962097, 0.8132715821266174, 0.037583041936159134, 1.7205443382263184, -0.25454816222190857, -2.7740273475646973, 0.7491623759269714, 0.7799071073532104, -0.3319926857948303]]]

scottish hebrides
[[[-1.007979393005371, -0.20755262672901154, 1.21882963180542, 0.1034323126077652, 0.5126513838768005, 1.299977421760559, -1.780889630317688, 0.9684255123138428, 0.28010329604148865, 0.6535503268241882, -0.6053739190101624, -0.41540175676345825, -0.8143920302391052, -1.3849700689315796, 0.43604224920272827, -2.2515952587127686, 0.19428424537181854, 0.08691852539777756, -0.779329776763916, -1.6918909549713135, -0.009065343998372555, -1.1567503213882446, -0.8442513942718506, 1.04873526096344, -0.5347890257835388, -1.3178530931472778, 0.05895649641752243, -1.285963773727417, 0.11242963373661041, 0.05375593528151512, -0.45567435026168823, -1.6863869428634644, 1.3409734964370728, -0.833325207233429, 2.3266139030456543, -0.06395789980888367, 1.3805714845657349, -0.362804651260376, -0.04170442745089531, -0.025399308651685715, -0.5299385190010071, -1.1659009456634521, 0.26955991983413696, -0.10581093281507492, 0.4318869411945343, 0.9176145792007446, 1.7074339389801025, -0.5992299914360046, 0.5521472096443176, 0.14131614565849304, -2.1624319553375244, 0.17831102013587952, -1.3945976495742798, 0.15372537076473236, 0.29690882563591003, -0.20307444036006927, 0.4596157968044281, -0.2944442331790924, -1.1366686820983887, 0.9366583228111267, 1.289823293685913, 0.1820077747106552, 0.3071305453777313, -0.10655374079942703, 1.4385119676589966, -0.8935043215751648, -0.3969998359680176, 0.44412991404533386, 0.32368627190589905, -0.3658221364021301, 0.38246285915374756, -0.05696384981274605, -0.8826149106025696, 0.11154638975858688, 1.4917993545532227, -0.4311498999595642, 0.07289791852235794, 1.1869643926620483, 1.2431166172027588, 2.1892664432525635, -0.36062273383140564, -0.9263020753860474, 1.4598991870880127, 0.29873302578926086, 0.18244874477386475, 0.8074297904968262, 2.2825543880462646, 1.496031641960144, -0.025843679904937744, -0.5603048205375671, 0.8004368543624878, -0.22666315734386444, -0.1588566154241562, 1.3114304542541504, -0.7202196717262268, 0.2717653512954712, 0.1189797893166542, 0.32393333315849304, 0.5589215159416199, -0.3523068428039551, -0.1539427787065506, -0.9432882070541382, -0.7264789342880249, 1.6071597337722778, -0.3517690896987915, 1.291521430015564, 1.3983129262924194, 1.7098197937011719, -0.5007508397102356, -0.8283401131629944, -2.382112503051758, 0.7966405749320984, -0.527380108833313, -0.29322561621665955, -2.0009617805480957, -0.29517513513565063, -1.6277782917022705, 0.17991992831230164, -1.7037402391433716, 0.5972228646278381, 0.5305200219154358, -0.38270485401153564, 0.851893961429596, -0.14936672151088715, -2.65544056892395, 1.4380072355270386, 0.812095582485199, -0.7738668322563171]]]

the parthenon
[[[-1.2498664855957031, 0.48027482628822327, 0.4207218587398529, 1.0098074674606323, -0.11933790892362595, 0.8764545917510986, -1.0670783519744873, -0.44605013728141785, 0.31108200550079346, 1.7650750875473022, 0.34809672832489014, -1.816259741783142, 0.8739417791366577, -1.3344844579696655, 0.934360682964325, -0.9822573661804199, -0.33504918217658997, 0.8107661008834839, 0.83979332447052, -1.1880955696105957, -0.17373333871364594, 0.34797781705856323, -1.5337145328521729, 1.2334680557250977, -0.16264334321022034, -1.345234990119934, 2.190838575363159, -1.0406728982925415, -0.3401859700679779, -0.4456537365913391, 0.12223440408706665, -0.8437281250953674, -0.1752815991640091, 0.6411105990409851, 1.746200680732727, 0.6988613605499268, -0.24236515164375305, 0.3330410122871399, -1.300600528717041, 0.28450918197631836, 0.6170036792755127, -1.3342363834381104, -0.7648761868476868, 0.02330074831843376, 1.0435760021209717, 1.040325403213501, 0.31380534172058105, -1.5207172632217407, 0.8248172998428345, 0.6717204451560974, -1.5045238733291626, -0.9740011096000671, -1.0271061658859253, 1.108968734741211, 0.4698490500450134, 0.4678344428539276, 1.3282928466796875, -0.20776337385177612, -0.8060497641563416, 1.0285720825195312, 1.539691686630249, 0.4116455614566803, 1.740376591682434, 0.5398133397102356, -0.1840190589427948, -1.216012954711914, -0.13284003734588623, 1.1643096208572388, 0.7142449617385864, -0.9320274591445923, 0.7361903190612793, 0.13514553010463715, -0.40132567286491394, 1.1101794242858887, 1.7248351573944092, -0.4659404456615448, -0.10934202373027802, 0.10193230956792831, 2.056434154510498, 1.6507540941238403, -1.6610277891159058, -1.0626556873321533, 1.4247245788574219, 0.1207636147737503, 0.1806161254644394, 0.4858058989048004, 0.7788745760917664, -0.9737275838851929, -0.3654228746891022, -1.3713696002960205, -0.45947590470314026, -0.017939455807209015, 0.31193453073501587, -0.6483258605003357, -1.3652547597885132, 0.2616579830646515, 0.23498570919036865, 1.545932412147522, 0.2307901233434677, -0.4397294521331787, 0.454045832157135, 0.1683986634016037, 0.5490100979804993, -0.656978189945221, -0.8765367865562439, 1.629075288772583, 1.508020281791687, 0.4517711400985718, -1.7867906093597412, -0.5394570827484131, -0.1905185431241989, -0.7647519707679749, -1.4256623983383179, -2.101947546005249, -2.740856170654297, 0.00825743842869997, -1.9194962978363037, 0.7261519432067871, -0.5817366242408752, -0.41017472743988037, 1.533170461654663, -0.7257030010223389, -0.4519859552383423, 0.5234804749488831, -1.1488211154937744, 0.7681958079338074, -0.2625175416469574, -0.05595661327242851]]]

the Parthenon
[[[-0.917873740196228, 0.3401380181312561, 0.6173131465911865, 1.3122899532318115, -0.2333800196647644, 0.6657203435897827, -1.1592726707458496, -1.0712037086486816, 0.19289880990982056, 1.2498884201049805, 0.8092002272605896, -1.7719461917877197, 0.25376418232917786, -1.4653898477554321, 1.149640440940857, -0.9203698635101318, -0.6091553568840027, 0.7932973504066467, 0.7640045881271362, -0.9171939492225647, -0.5791317224502563, -0.1442466378211975, -1.4860851764678955, 1.362526774406433, -0.3002586364746094, -1.4775384664535522, 1.7585039138793945, -1.3659744262695312, -0.04201197996735573, -0.3523556888103485, 0.14771685004234314, -0.9384892582893372, 0.16354651749134064, 0.43254581093788147, 1.9151709079742432, 0.20975640416145325, -1.0116022825241089, 0.232819601893425, -1.4447513818740845, 0.0396888442337513, 0.9358824491500854, -1.0793291330337524, -0.860329270362854, 0.7351323962211609, 1.1769237518310547, 1.173107624053955, -0.2642013728618622, -0.9699504971504211, 0.7918745279312134, 0.7596313953399658, -1.2830615043640137, -0.29048722982406616, -1.026623249053955, 0.742989182472229, 0.3997129499912262, 0.2914811968803406, 1.83213210105896, -0.63081294298172, -0.8882407546043396, 1.0788248777389526, 2.034320116043091, 0.7266926765441895, 1.6663254499435425, 0.6160179972648621, -0.24106931686401367, -0.9554409980773926, 0.21519654989242554, 0.5777988433837891, 0.04223969951272011, -0.6935786604881287, 1.1022306680679321, -0.3321020007133484, -0.2408609837293625, 1.8060699701309204, 1.5637942552566528, -0.5755643248558044, -0.26277196407318115, -0.05071025714278221, 1.4034485816955566, 1.5615715980529785, -1.5304670333862305, -0.9507081508636475, 1.380118489265442, 0.7578765749931335, 0.47117143869400024, 0.1305588036775589, 1.1654022932052612, -0.8656641840934753, -0.2724311947822571, -1.2210360765457153, -0.31385067105293274, -0.010278807953000069, -0.26178544759750366, -0.8289656639099121, -1.5239589214324951, 0.4293633699417114, 0.765615701675415, 1.355747103691101, 0.10085185617208481, -0.40352097153663635, 0.010616997256875038, -0.004912496544420719, 0.7932244539260864, -1.133595585823059, -0.9489314556121826, 2.0375471115112305, 1.4418153762817383, 0.9118267297744751, -1.1138395071029663, -0.2837304472923279, -0.19644656777381897, -0.37621644139289856, -1.6651016473770142, -1.9688012599945068, -2.3726308345794678, 0.038293059915304184, -1.9230142831802368, 0.7771998643875122, -0.5824187994003296, -0.45262250304222107, 1.761103868484497, -0.1211153194308281, -0.812664270401001, 0.34805479645729065, -1.4467687606811523, 0.7267592549324036, -0.4076341390609741, -0.2004997432231903]]]

parthenon
[[[-1.1478214263916016, -0.017555158585309982, -0.36324819922447205, 1.0721302032470703, 0.2900046408176422, 0.28799229860305786, -0.7032739520072937, -0.9226969480514526, -0.33450135588645935, 1.596206784248352, -0.20639149844646454, -1.2246664762496948, 0.49516957998275757, -0.8246214985847473, 0.3538288474082947, -0.8955246806144714, -0.9870076179504395, 0.8276909589767456, 0.5942420363426208, -1.7334734201431274, -0.304413378238678, -0.21606625616550446, -1.4083969593048096, 0.8065692782402039, -0.036039113998413086, -1.2358006238937378, 0.9250779151916504, -1.3328721523284912, 0.400066077709198, 0.02700052596628666, -0.2506253719329834, -1.6578209400177002, 1.0066486597061157, 0.286274254322052, 0.8853130340576172, 0.10554450005292892, -0.30209097266197205, 0.30736005306243896, -1.0794425010681152, 0.417951375246048, 0.2935028076171875, -0.9662589430809021, -0.24817217886447906, -0.24440449476242065, 0.023591477423906326, 1.4102789163589478, 0.5345636010169983, -1.7146450281143188, 1.440621256828308, 0.9704209566116333, -1.017687439918518, -0.1774177849292755, -1.2599985599517822, 1.0182998180389404, 0.5322695970535278, 0.42362698912620544, 1.5492267608642578, 0.3833850920200348, -1.1176468133926392, 0.9325923323631287, 1.9656513929367065, 0.946395993232727, 1.0753488540649414, 0.9161576628684998, 0.7051995992660522, -1.669830322265625, -0.134075328707695, 1.4710540771484375, 1.2095816135406494, -0.8104532957077026, 0.5497825145721436, -0.6213826537132263, -0.43525242805480957, 0.5513822436332703, 2.4853196144104004, -0.25483259558677673, -0.23629243671894073, 0.6616422533988953, 2.101825714111328, 1.271178960800171, -1.1231645345687866, -1.3059371709823608, 1.4744703769683838, 0.012080642394721508, 0.8545753359794617, -0.0688537135720253, 1.4530786275863647, 0.31536638736724854, -0.01060835737735033, -2.151676893234253, -0.324023574590683, 0.24774499237537384, 0.36092567443847656, -0.3807438910007477, -1.4782236814498901, 0.08501674979925156, 0.4933708906173706, 1.8706146478652954, 0.38538599014282227, -0.553948700428009, 0.7618350982666016, -0.39930427074432373, 0.2535099983215332, -1.0270830392837524, -1.059486985206604, 1.7046984434127808, 1.387876033782959, 0.6799488663673401, -1.6622626781463623, -1.3958613872528076, 0.0791662335395813, -0.35738062858581543, -0.7241579294204712, -1.9801028966903687, -1.8330947160720825, 0.00815941859036684, -1.774026870727539, -0.08587569743394852, -0.8617736101150513, -1.1395785808563232, 1.7018072605133057, 0.325359046459198, -0.31676754355430603, 0.5308135151863098, -1.7153788805007935, 0.9828351140022278, -0.1535588949918747, -0.10103130340576172]]]

the Parthenon
[[[-0.917873740196228, 0.3401380181312561, 0.6173131465911865, 1.3122899532318115, -0.2333800196647644, 0.6657203435897827, -1.1592726707458496, -1.0712037086486816, 0.19289880990982056, 1.2498884201049805, 0.8092002272605896, -1.7719461917877197, 0.25376418232917786, -1.4653898477554321, 1.149640440940857, -0.9203698635101318, -0.6091553568840027, 0.7932973504066467, 0.7640045881271362, -0.9171939492225647, -0.5791317224502563, -0.1442466378211975, -1.4860851764678955, 1.362526774406433, -0.3002586364746094, -1.4775384664535522, 1.7585039138793945, -1.3659744262695312, -0.04201197996735573, -0.3523556888103485, 0.14771685004234314, -0.9384892582893372, 0.16354651749134064, 0.43254581093788147, 1.9151709079742432, 0.20975640416145325, -1.0116022825241089, 0.232819601893425, -1.4447513818740845, 0.0396888442337513, 0.9358824491500854, -1.0793291330337524, -0.860329270362854, 0.7351323962211609, 1.1769237518310547, 1.173107624053955, -0.2642013728618622, -0.9699504971504211, 0.7918745279312134, 0.7596313953399658, -1.2830615043640137, -0.29048722982406616, -1.026623249053955, 0.742989182472229, 0.3997129499912262, 0.2914811968803406, 1.83213210105896, -0.63081294298172, -0.8882407546043396, 1.0788248777389526, 2.034320116043091, 0.7266926765441895, 1.6663254499435425, 0.6160179972648621, -0.24106931686401367, -0.9554409980773926, 0.21519654989242554, 0.5777988433837891, 0.04223969951272011, -0.6935786604881287, 1.1022306680679321, -0.3321020007133484, -0.2408609837293625, 1.8060699701309204, 1.5637942552566528, -0.5755643248558044, -0.26277196407318115, -0.05071025714278221, 1.4034485816955566, 1.5615715980529785, -1.5304670333862305, -0.9507081508636475, 1.380118489265442, 0.7578765749931335, 0.47117143869400024, 0.1305588036775589, 1.1654022932052612, -0.8656641840934753, -0.2724311947822571, -1.2210360765457153, -0.31385067105293274, -0.010278807953000069, -0.26178544759750366, -0.8289656639099121, -1.5239589214324951, 0.4293633699417114, 0.765615701675415, 1.355747103691101, 0.10085185617208481, -0.40352097153663635, 0.010616997256875038, -0.004912496544420719, 0.7932244539260864, -1.133595585823059, -0.9489314556121826, 2.0375471115112305, 1.4418153762817383, 0.9118267297744751, -1.1138395071029663, -0.2837304472923279, -0.19644656777381897, -0.37621644139289856, -1.6651016473770142, -1.9688012599945068, -2.3726308345794678, 0.038293059915304184, -1.9230142831802368, 0.7771998643875122, -0.5824187994003296, -0.45262250304222107, 1.761103868484497, -0.1211153194308281, -0.812664270401001, 0.34805479645729065, -1.4467687606811523, 0.7267592549324036, -0.4076341390609741, -0.2004997432231903]]]

the parthenon
[[[-1.2498664855957031, 0.48027482628822327, 0.4207218587398529, 1.0098074674606323, -0.11933790892362595, 0.8764545917510986, -1.0670783519744873, -0.44605013728141785, 0.31108200550079346, 1.7650750875473022, 0.34809672832489014, -1.816259741783142, 0.8739417791366577, -1.3344844579696655, 0.934360682964325, -0.9822573661804199, -0.33504918217658997, 0.8107661008834839, 0.83979332447052, -1.1880955696105957, -0.17373333871364594, 0.34797781705856323, -1.5337145328521729, 1.2334680557250977, -0.16264334321022034, -1.345234990119934, 2.190838575363159, -1.0406728982925415, -0.3401859700679779, -0.4456537365913391, 0.12223440408706665, -0.8437281250953674, -0.1752815991640091, 0.6411105990409851, 1.746200680732727, 0.6988613605499268, -0.24236515164375305, 0.3330410122871399, -1.300600528717041, 0.28450918197631836, 0.6170036792755127, -1.3342363834381104, -0.7648761868476868, 0.02330074831843376, 1.0435760021209717, 1.040325403213501, 0.31380534172058105, -1.5207172632217407, 0.8248172998428345, 0.6717204451560974, -1.5045238733291626, -0.9740011096000671, -1.0271061658859253, 1.108968734741211, 0.4698490500450134, 0.4678344428539276, 1.3282928466796875, -0.20776337385177612, -0.8060497641563416, 1.0285720825195312, 1.539691686630249, 0.4116455614566803, 1.740376591682434, 0.5398133397102356, -0.1840190589427948, -1.216012954711914, -0.13284003734588623, 1.1643096208572388, 0.7142449617385864, -0.9320274591445923, 0.7361903190612793, 0.13514553010463715, -0.40132567286491394, 1.1101794242858887, 1.7248351573944092, -0.4659404456615448, -0.10934202373027802, 0.10193230956792831, 2.056434154510498, 1.6507540941238403, -1.6610277891159058, -1.0626556873321533, 1.4247245788574219, 0.1207636147737503, 0.1806161254644394, 0.4858058989048004, 0.7788745760917664, -0.9737275838851929, -0.3654228746891022, -1.3713696002960205, -0.45947590470314026, -0.017939455807209015, 0.31193453073501587, -0.6483258605003357, -1.3652547597885132, 0.2616579830646515, 0.23498570919036865, 1.545932412147522, 0.2307901233434677, -0.4397294521331787, 0.454045832157135, 0.1683986634016037, 0.5490100979804993, -0.656978189945221, -0.8765367865562439, 1.629075288772583, 1.508020281791687, 0.4517711400985718, -1.7867906093597412, -0.5394570827484131, -0.1905185431241989, -0.7647519707679749, -1.4256623983383179, -2.101947546005249, -2.740856170654297, 0.00825743842869997, -1.9194962978363037, 0.7261519432067871, -0.5817366242408752, -0.41017472743988037, 1.533170461654663, -0.7257030010223389, -0.4519859552383423, 0.5234804749488831, -1.1488211154937744, 0.7681958079338074, -0.2625175416469574, -0.05595661327242851]]]

the Parthenon
[[[-0.917873740196228, 0.3401380181312561, 0.6173131465911865, 1.3122899532318115, -0.2333800196647644, 0.6657203435897827, -1.1592726707458496, -1.0712037086486816, 0.19289880990982056, 1.2498884201049805, 0.8092002272605896, -1.7719461917877197, 0.25376418232917786, -1.4653898477554321, 1.149640440940857, -0.9203698635101318, -0.6091553568840027, 0.7932973504066467, 0.7640045881271362, -0.9171939492225647, -0.5791317224502563, -0.1442466378211975, -1.4860851764678955, 1.362526774406433, -0.3002586364746094, -1.4775384664535522, 1.7585039138793945, -1.3659744262695312, -0.04201197996735573, -0.3523556888103485, 0.14771685004234314, -0.9384892582893372, 0.16354651749134064, 0.43254581093788147, 1.9151709079742432, 0.20975640416145325, -1.0116022825241089, 0.232819601893425, -1.4447513818740845, 0.0396888442337513, 0.9358824491500854, -1.0793291330337524, -0.860329270362854, 0.7351323962211609, 1.1769237518310547, 1.173107624053955, -0.2642013728618622, -0.9699504971504211, 0.7918745279312134, 0.7596313953399658, -1.2830615043640137, -0.29048722982406616, -1.026623249053955, 0.742989182472229, 0.3997129499912262, 0.2914811968803406, 1.83213210105896, -0.63081294298172, -0.8882407546043396, 1.0788248777389526, 2.034320116043091, 0.7266926765441895, 1.6663254499435425, 0.6160179972648621, -0.24106931686401367, -0.9554409980773926, 0.21519654989242554, 0.5777988433837891, 0.04223969951272011, -0.6935786604881287, 1.1022306680679321, -0.3321020007133484, -0.2408609837293625, 1.8060699701309204, 1.5637942552566528, -0.5755643248558044, -0.26277196407318115, -0.05071025714278221, 1.4034485816955566, 1.5615715980529785, -1.5304670333862305, -0.9507081508636475, 1.380118489265442, 0.7578765749931335, 0.47117143869400024, 0.1305588036775589, 1.1654022932052612, -0.8656641840934753, -0.2724311947822571, -1.2210360765457153, -0.31385067105293274, -0.010278807953000069, -0.26178544759750366, -0.8289656639099121, -1.5239589214324951, 0.4293633699417114, 0.765615701675415, 1.355747103691101, 0.10085185617208481, -0.40352097153663635, 0.010616997256875038, -0.004912496544420719, 0.7932244539260864, -1.133595585823059, -0.9489314556121826, 2.0375471115112305, 1.4418153762817383, 0.9118267297744751, -1.1138395071029663, -0.2837304472923279, -0.19644656777381897, -0.37621644139289856, -1.6651016473770142, -1.9688012599945068, -2.3726308345794678, 0.038293059915304184, -1.9230142831802368, 0.7771998643875122, -0.5824187994003296, -0.45262250304222107, 1.761103868484497, -0.1211153194308281, -0.812664270401001, 0.34805479645729065, -1.4467687606811523, 0.7267592549324036, -0.4076341390609741, -0.2004997432231903]]]

the Parthenon
[[[-0.917873740196228, 0.3401380181312561, 0.6173131465911865, 1.3122899532318115, -0.2333800196647644, 0.6657203435897827, -1.1592726707458496, -1.0712037086486816, 0.19289880990982056, 1.2498884201049805, 0.8092002272605896, -1.7719461917877197, 0.25376418232917786, -1.4653898477554321, 1.149640440940857, -0.9203698635101318, -0.6091553568840027, 0.7932973504066467, 0.7640045881271362, -0.9171939492225647, -0.5791317224502563, -0.1442466378211975, -1.4860851764678955, 1.362526774406433, -0.3002586364746094, -1.4775384664535522, 1.7585039138793945, -1.3659744262695312, -0.04201197996735573, -0.3523556888103485, 0.14771685004234314, -0.9384892582893372, 0.16354651749134064, 0.43254581093788147, 1.9151709079742432, 0.20975640416145325, -1.0116022825241089, 0.232819601893425, -1.4447513818740845, 0.0396888442337513, 0.9358824491500854, -1.0793291330337524, -0.860329270362854, 0.7351323962211609, 1.1769237518310547, 1.173107624053955, -0.2642013728618622, -0.9699504971504211, 0.7918745279312134, 0.7596313953399658, -1.2830615043640137, -0.29048722982406616, -1.026623249053955, 0.742989182472229, 0.3997129499912262, 0.2914811968803406, 1.83213210105896, -0.63081294298172, -0.8882407546043396, 1.0788248777389526, 2.034320116043091, 0.7266926765441895, 1.6663254499435425, 0.6160179972648621, -0.24106931686401367, -0.9554409980773926, 0.21519654989242554, 0.5777988433837891, 0.04223969951272011, -0.6935786604881287, 1.1022306680679321, -0.3321020007133484, -0.2408609837293625, 1.8060699701309204, 1.5637942552566528, -0.5755643248558044, -0.26277196407318115, -0.05071025714278221, 1.4034485816955566, 1.5615715980529785, -1.5304670333862305, -0.9507081508636475, 1.380118489265442, 0.7578765749931335, 0.47117143869400024, 0.1305588036775589, 1.1654022932052612, -0.8656641840934753, -0.2724311947822571, -1.2210360765457153, -0.31385067105293274, -0.010278807953000069, -0.26178544759750366, -0.8289656639099121, -1.5239589214324951, 0.4293633699417114, 0.765615701675415, 1.355747103691101, 0.10085185617208481, -0.40352097153663635, 0.010616997256875038, -0.004912496544420719, 0.7932244539260864, -1.133595585823059, -0.9489314556121826, 2.0375471115112305, 1.4418153762817383, 0.9118267297744751, -1.1138395071029663, -0.2837304472923279, -0.19644656777381897, -0.37621644139289856, -1.6651016473770142, -1.9688012599945068, -2.3726308345794678, 0.038293059915304184, -1.9230142831802368, 0.7771998643875122, -0.5824187994003296, -0.45262250304222107, 1.761103868484497, -0.1211153194308281, -0.812664270401001, 0.34805479645729065, -1.4467687606811523, 0.7267592549324036, -0.4076341390609741, -0.2004997432231903]]]

the parthenon
[[[-1.2498664855957031, 0.48027482628822327, 0.4207218587398529, 1.0098074674606323, -0.11933790892362595, 0.8764545917510986, -1.0670783519744873, -0.44605013728141785, 0.31108200550079346, 1.7650750875473022, 0.34809672832489014, -1.816259741783142, 0.8739417791366577, -1.3344844579696655, 0.934360682964325, -0.9822573661804199, -0.33504918217658997, 0.8107661008834839, 0.83979332447052, -1.1880955696105957, -0.17373333871364594, 0.34797781705856323, -1.5337145328521729, 1.2334680557250977, -0.16264334321022034, -1.345234990119934, 2.190838575363159, -1.0406728982925415, -0.3401859700679779, -0.4456537365913391, 0.12223440408706665, -0.8437281250953674, -0.1752815991640091, 0.6411105990409851, 1.746200680732727, 0.6988613605499268, -0.24236515164375305, 0.3330410122871399, -1.300600528717041, 0.28450918197631836, 0.6170036792755127, -1.3342363834381104, -0.7648761868476868, 0.02330074831843376, 1.0435760021209717, 1.040325403213501, 0.31380534172058105, -1.5207172632217407, 0.8248172998428345, 0.6717204451560974, -1.5045238733291626, -0.9740011096000671, -1.0271061658859253, 1.108968734741211, 0.4698490500450134, 0.4678344428539276, 1.3282928466796875, -0.20776337385177612, -0.8060497641563416, 1.0285720825195312, 1.539691686630249, 0.4116455614566803, 1.740376591682434, 0.5398133397102356, -0.1840190589427948, -1.216012954711914, -0.13284003734588623, 1.1643096208572388, 0.7142449617385864, -0.9320274591445923, 0.7361903190612793, 0.13514553010463715, -0.40132567286491394, 1.1101794242858887, 1.7248351573944092, -0.4659404456615448, -0.10934202373027802, 0.10193230956792831, 2.056434154510498, 1.6507540941238403, -1.6610277891159058, -1.0626556873321533, 1.4247245788574219, 0.1207636147737503, 0.1806161254644394, 0.4858058989048004, 0.7788745760917664, -0.9737275838851929, -0.3654228746891022, -1.3713696002960205, -0.45947590470314026, -0.017939455807209015, 0.31193453073501587, -0.6483258605003357, -1.3652547597885132, 0.2616579830646515, 0.23498570919036865, 1.545932412147522, 0.2307901233434677, -0.4397294521331787, 0.454045832157135, 0.1683986634016037, 0.5490100979804993, -0.656978189945221, -0.8765367865562439, 1.629075288772583, 1.508020281791687, 0.4517711400985718, -1.7867906093597412, -0.5394570827484131, -0.1905185431241989, -0.7647519707679749, -1.4256623983383179, -2.101947546005249, -2.740856170654297, 0.00825743842869997, -1.9194962978363037, 0.7261519432067871, -0.5817366242408752, -0.41017472743988037, 1.533170461654663, -0.7257030010223389, -0.4519859552383423, 0.5234804749488831, -1.1488211154937744, 0.7681958079338074, -0.2625175416469574, -0.05595661327242851]]]

parthenon
[[[-1.1478214263916016, -0.017555158585309982, -0.36324819922447205, 1.0721302032470703, 0.2900046408176422, 0.28799229860305786, -0.7032739520072937, -0.9226969480514526, -0.33450135588645935, 1.596206784248352, -0.20639149844646454, -1.2246664762496948, 0.49516957998275757, -0.8246214985847473, 0.3538288474082947, -0.8955246806144714, -0.9870076179504395, 0.8276909589767456, 0.5942420363426208, -1.7334734201431274, -0.304413378238678, -0.21606625616550446, -1.4083969593048096, 0.8065692782402039, -0.036039113998413086, -1.2358006238937378, 0.9250779151916504, -1.3328721523284912, 0.400066077709198, 0.02700052596628666, -0.2506253719329834, -1.6578209400177002, 1.0066486597061157, 0.286274254322052, 0.8853130340576172, 0.10554450005292892, -0.30209097266197205, 0.30736005306243896, -1.0794425010681152, 0.417951375246048, 0.2935028076171875, -0.9662589430809021, -0.24817217886447906, -0.24440449476242065, 0.023591477423906326, 1.4102789163589478, 0.5345636010169983, -1.7146450281143188, 1.440621256828308, 0.9704209566116333, -1.017687439918518, -0.1774177849292755, -1.2599985599517822, 1.0182998180389404, 0.5322695970535278, 0.42362698912620544, 1.5492267608642578, 0.3833850920200348, -1.1176468133926392, 0.9325923323631287, 1.9656513929367065, 0.946395993232727, 1.0753488540649414, 0.9161576628684998, 0.7051995992660522, -1.669830322265625, -0.134075328707695, 1.4710540771484375, 1.2095816135406494, -0.8104532957077026, 0.5497825145721436, -0.6213826537132263, -0.43525242805480957, 0.5513822436332703, 2.4853196144104004, -0.25483259558677673, -0.23629243671894073, 0.6616422533988953, 2.101825714111328, 1.271178960800171, -1.1231645345687866, -1.3059371709823608, 1.4744703769683838, 0.012080642394721508, 0.8545753359794617, -0.0688537135720253, 1.4530786275863647, 0.31536638736724854, -0.01060835737735033, -2.151676893234253, -0.324023574590683, 0.24774499237537384, 0.36092567443847656, -0.3807438910007477, -1.4782236814498901, 0.08501674979925156, 0.4933708906173706, 1.8706146478652954, 0.38538599014282227, -0.553948700428009, 0.7618350982666016, -0.39930427074432373, 0.2535099983215332, -1.0270830392837524, -1.059486985206604, 1.7046984434127808, 1.387876033782959, 0.6799488663673401, -1.6622626781463623, -1.3958613872528076, 0.0791662335395813, -0.35738062858581543, -0.7241579294204712, -1.9801028966903687, -1.8330947160720825, 0.00815941859036684, -1.774026870727539, -0.08587569743394852, -0.8617736101150513, -1.1395785808563232, 1.7018072605133057, 0.325359046459198, -0.31676754355430603, 0.5308135151863098, -1.7153788805007935, 0.9828351140022278, -0.1535588949918747, -0.10103130340576172]]]

the Parthenon
[[[-0.917873740196228, 0.3401380181312561, 0.6173131465911865, 1.3122899532318115, -0.2333800196647644, 0.6657203435897827, -1.1592726707458496, -1.0712037086486816, 0.19289880990982056, 1.2498884201049805, 0.8092002272605896, -1.7719461917877197, 0.25376418232917786, -1.4653898477554321, 1.149640440940857, -0.9203698635101318, -0.6091553568840027, 0.7932973504066467, 0.7640045881271362, -0.9171939492225647, -0.5791317224502563, -0.1442466378211975, -1.4860851764678955, 1.362526774406433, -0.3002586364746094, -1.4775384664535522, 1.7585039138793945, -1.3659744262695312, -0.04201197996735573, -0.3523556888103485, 0.14771685004234314, -0.9384892582893372, 0.16354651749134064, 0.43254581093788147, 1.9151709079742432, 0.20975640416145325, -1.0116022825241089, 0.232819601893425, -1.4447513818740845, 0.0396888442337513, 0.9358824491500854, -1.0793291330337524, -0.860329270362854, 0.7351323962211609, 1.1769237518310547, 1.173107624053955, -0.2642013728618622, -0.9699504971504211, 0.7918745279312134, 0.7596313953399658, -1.2830615043640137, -0.29048722982406616, -1.026623249053955, 0.742989182472229, 0.3997129499912262, 0.2914811968803406, 1.83213210105896, -0.63081294298172, -0.8882407546043396, 1.0788248777389526, 2.034320116043091, 0.7266926765441895, 1.6663254499435425, 0.6160179972648621, -0.24106931686401367, -0.9554409980773926, 0.21519654989242554, 0.5777988433837891, 0.04223969951272011, -0.6935786604881287, 1.1022306680679321, -0.3321020007133484, -0.2408609837293625, 1.8060699701309204, 1.5637942552566528, -0.5755643248558044, -0.26277196407318115, -0.05071025714278221, 1.4034485816955566, 1.5615715980529785, -1.5304670333862305, -0.9507081508636475, 1.380118489265442, 0.7578765749931335, 0.47117143869400024, 0.1305588036775589, 1.1654022932052612, -0.8656641840934753, -0.2724311947822571, -1.2210360765457153, -0.31385067105293274, -0.010278807953000069, -0.26178544759750366, -0.8289656639099121, -1.5239589214324951, 0.4293633699417114, 0.765615701675415, 1.355747103691101, 0.10085185617208481, -0.40352097153663635, 0.010616997256875038, -0.004912496544420719, 0.7932244539260864, -1.133595585823059, -0.9489314556121826, 2.0375471115112305, 1.4418153762817383, 0.9118267297744751, -1.1138395071029663, -0.2837304472923279, -0.19644656777381897, -0.37621644139289856, -1.6651016473770142, -1.9688012599945068, -2.3726308345794678, 0.038293059915304184, -1.9230142831802368, 0.7771998643875122, -0.5824187994003296, -0.45262250304222107, 1.761103868484497, -0.1211153194308281, -0.812664270401001, 0.34805479645729065, -1.4467687606811523, 0.7267592549324036, -0.4076341390609741, -0.2004997432231903]]]

nike
[[[-1.1368184089660645, -1.0651715993881226, 0.08393604308366776, 0.7313427329063416, -0.3439348042011261, 0.194893017411232, -0.5077042579650879, -1.3989259004592896, -0.510717511177063, 2.1168127059936523, 0.12565243244171143, -1.8547660112380981, 0.3356417715549469, -1.105405569076538, 1.1462839841842651, -0.8223690390586853, -0.8912208676338196, 0.7133840918540955, 0.1815173327922821, -2.0481374263763428, -0.2337752878665924, 0.42790868878364563, -1.8811110258102417, 1.0804623365402222, 0.1322130262851715, -1.3949427604675293, 0.7229808568954468, -1.4590833187103271, -0.20675601065158844, -1.1146299839019775, -1.2447128295898438, -1.2986812591552734, 0.4978649914264679, 0.6254236102104187, 0.31490224599838257, 0.668259859085083, -0.23993009328842163, 0.9780279994010925, -0.7178366780281067, 0.11855434626340866, -0.08212549239397049, -1.3879156112670898, -1.213882327079773, -0.01230902411043644, 0.05858278274536133, -1.015970230102539, 0.2756589353084564, -1.0375638008117676, 0.8107130527496338, 0.5696306228637695, -0.29135143756866455, -1.6208730936050415, -0.2244473099708557, 0.36898019909858704, 0.5137975215911865, 0.764765739440918, 0.17442810535430908, 1.172886848449707, -0.9523640275001526, 1.7220172882080078, 0.9357605576515198, 0.372030645608902, 1.6516963243484497, 0.30376195907592773, -0.5944811701774597, -1.278234839439392, -0.012435287237167358, 1.2781084775924683, 0.8983241319656372, 0.9857198596000671, 0.31553012132644653, 0.025658277794718742, -0.04742078483104706, 0.8351925611495972, 1.9520903825759888, -0.04110480472445488, 0.02342461235821247, -0.09540972858667374, 2.2279114723205566, 1.0940947532653809, -1.0256630182266235, -0.79631507396698, 1.3800106048583984, -0.2028222680091858, 0.07084717601537704, -0.35793522000312805, 1.807181477546692, 0.48035624623298645, -0.5587666630744934, -1.3272719383239746, 1.2793906927108765, 1.2879762649536133, 0.6870211362838745, 0.3744553327560425, -1.2780747413635254, -0.34936073422431946, 1.283969759941101, 1.3415453433990479, 0.600548505783081, -1.0725959539413452, 0.6040278077125549, -0.9722798466682434, -0.5882221460342407, -1.6471320390701294, -0.5145837664604187, 2.203892230987549, 1.1479319334030151, 1.33272385597229, -1.3953187465667725, -0.26821184158325195, 0.0051261684857308865, -0.550546407699585, -0.7043614983558655, -1.5011870861053467, -1.5682634115219116, 0.18658533692359924, -1.5944066047668457, -0.16319459676742554, -0.6491947770118713, -1.1754372119903564, 1.5885601043701172, 0.40929654240608215, -0.3251419961452484, 1.070694088935852, -0.7578926086425781, 1.8258156776428223, 0.8156141042709351, 0.41830235719680786]]]

adidas
[[[0.05792355537414551, -0.6311241984367371, 0.11998322606086731, 1.2178077697753906, -0.5782065987586975, -0.14212073385715485, -1.5503435134887695, -1.6283047199249268, -0.29782870411872864, 1.5391669273376465, -0.05302128195762634, -1.1904135942459106, 1.5029150247573853, -1.2354549169540405, 1.153451681137085, -0.7004468441009521, -1.0289162397384644, 1.2839329242706299, 0.4940532445907593, -2.1730804443359375, 0.019314542412757874, 0.5773108601570129, -1.0782719850540161, 0.5249171853065491, -0.2658001780509949, -1.5184297561645508, 0.5764389634132385, -1.1166419982910156, 0.10874536633491516, -1.3948365449905396, -0.04642949625849724, -1.438300609588623, -0.027844969183206558, 1.32978093624115, 0.9680237770080566, -0.37718912959098816, -0.6857988238334656, 0.25242099165916443, -0.5892266035079956, -0.1209835633635521, 0.08978638052940369, -1.7275755405426025, -1.7473584413528442, -0.11933860182762146, -0.22130143642425537, -0.6876521110534668, 0.0022497945465147495, -1.1910651922225952, 0.9451582431793213, 0.3159901201725006, -1.0725277662277222, -1.6199898719787598, 0.17280471324920654, -0.12737475335597992, -0.5053289532661438, 0.5433194637298584, 1.045209288597107, 1.0540951490402222, -0.5922216773033142, 1.1446764469146729, 1.9448885917663574, 0.38796567916870117, 2.3623993396759033, 0.04605134576559067, -0.31495025753974915, -1.399373173713684, 0.11360146105289459, 0.6918169260025024, 0.41430625319480896, 0.29530754685401917, 0.6735667586326599, 0.04166751727461815, 0.013749712146818638, 1.2731624841690063, 1.7250241041183472, -0.40368106961250305, 0.4709940254688263, 1.23599374294281, 1.8001704216003418, 1.2659547328948975, -0.8262732028961182, -1.1263340711593628, 1.402780294418335, -0.03710823506116867, 0.3914753198623657, -0.1628456711769104, 1.6104423999786377, 0.6092215776443481, 0.13121291995048523, -1.2421945333480835, 0.5132928490638733, 1.148932695388794, 0.5734357833862305, 0.38216322660446167, -0.7977449297904968, -0.27131393551826477, 0.7487633228302002, 1.5640512704849243, 1.0993794202804565, -1.5781090259552002, 0.1910274624824524, -0.9142410159111023, -0.5229125022888184, -1.443727731704712, -0.5406988859176636, 2.044797658920288, 1.588674545288086, 0.7924847602844238, -1.2699053287506104, 0.6350579261779785, 0.20943693816661835, -0.9088432788848877, -0.9067875742912292, -1.9930408000946045, -1.9515712261199951, 0.7378188967704773, -1.4353638887405396, 0.7340512871742249, -0.4581782817840576, -0.883756697177887, 0.9518719911575317, -0.18605542182922363, -0.3567221760749817, 0.5220819711685181, -0.8815408945083618, 1.2838096618652344, 0.0694492906332016, 0.5622117519378662]]]

nike
[[[-1.1368184089660645, -1.0651715993881226, 0.08393604308366776, 0.7313427329063416, -0.3439348042011261, 0.194893017411232, -0.5077042579650879, -1.3989259004592896, -0.510717511177063, 2.1168127059936523, 0.12565243244171143, -1.8547660112380981, 0.3356417715549469, -1.105405569076538, 1.1462839841842651, -0.8223690390586853, -0.8912208676338196, 0.7133840918540955, 0.1815173327922821, -2.0481374263763428, -0.2337752878665924, 0.42790868878364563, -1.8811110258102417, 1.0804623365402222, 0.1322130262851715, -1.3949427604675293, 0.7229808568954468, -1.4590833187103271, -0.20675601065158844, -1.1146299839019775, -1.2447128295898438, -1.2986812591552734, 0.4978649914264679, 0.6254236102104187, 0.31490224599838257, 0.668259859085083, -0.23993009328842163, 0.9780279994010925, -0.7178366780281067, 0.11855434626340866, -0.08212549239397049, -1.3879156112670898, -1.213882327079773, -0.01230902411043644, 0.05858278274536133, -1.015970230102539, 0.2756589353084564, -1.0375638008117676, 0.8107130527496338, 0.5696306228637695, -0.29135143756866455, -1.6208730936050415, -0.2244473099708557, 0.36898019909858704, 0.5137975215911865, 0.764765739440918, 0.17442810535430908, 1.172886848449707, -0.9523640275001526, 1.7220172882080078, 0.9357605576515198, 0.372030645608902, 1.6516963243484497, 0.30376195907592773, -0.5944811701774597, -1.278234839439392, -0.012435287237167358, 1.2781084775924683, 0.8983241319656372, 0.9857198596000671, 0.31553012132644653, 0.025658277794718742, -0.04742078483104706, 0.8351925611495972, 1.9520903825759888, -0.04110480472445488, 0.02342461235821247, -0.09540972858667374, 2.2279114723205566, 1.0940947532653809, -1.0256630182266235, -0.79631507396698, 1.3800106048583984, -0.2028222680091858, 0.07084717601537704, -0.35793522000312805, 1.807181477546692, 0.48035624623298645, -0.5587666630744934, -1.3272719383239746, 1.2793906927108765, 1.2879762649536133, 0.6870211362838745, 0.3744553327560425, -1.2780747413635254, -0.34936073422431946, 1.283969759941101, 1.3415453433990479, 0.600548505783081, -1.0725959539413452, 0.6040278077125549, -0.9722798466682434, -0.5882221460342407, -1.6471320390701294, -0.5145837664604187, 2.203892230987549, 1.1479319334030151, 1.33272385597229, -1.3953187465667725, -0.26821184158325195, 0.0051261684857308865, -0.550546407699585, -0.7043614983558655, -1.5011870861053467, -1.5682634115219116, 0.18658533692359924, -1.5944066047668457, -0.16319459676742554, -0.6491947770118713, -1.1754372119903564, 1.5885601043701172, 0.40929654240608215, -0.3251419961452484, 1.070694088935852, -0.7578926086425781, 1.8258156776428223, 0.8156141042709351, 0.41830235719680786]]]

nike
[[[-1.1368184089660645, -1.0651715993881226, 0.08393604308366776, 0.7313427329063416, -0.3439348042011261, 0.194893017411232, -0.5077042579650879, -1.3989259004592896, -0.510717511177063, 2.1168127059936523, 0.12565243244171143, -1.8547660112380981, 0.3356417715549469, -1.105405569076538, 1.1462839841842651, -0.8223690390586853, -0.8912208676338196, 0.7133840918540955, 0.1815173327922821, -2.0481374263763428, -0.2337752878665924, 0.42790868878364563, -1.8811110258102417, 1.0804623365402222, 0.1322130262851715, -1.3949427604675293, 0.7229808568954468, -1.4590833187103271, -0.20675601065158844, -1.1146299839019775, -1.2447128295898438, -1.2986812591552734, 0.4978649914264679, 0.6254236102104187, 0.31490224599838257, 0.668259859085083, -0.23993009328842163, 0.9780279994010925, -0.7178366780281067, 0.11855434626340866, -0.08212549239397049, -1.3879156112670898, -1.213882327079773, -0.01230902411043644, 0.05858278274536133, -1.015970230102539, 0.2756589353084564, -1.0375638008117676, 0.8107130527496338, 0.5696306228637695, -0.29135143756866455, -1.6208730936050415, -0.2244473099708557, 0.36898019909858704, 0.5137975215911865, 0.764765739440918, 0.17442810535430908, 1.172886848449707, -0.9523640275001526, 1.7220172882080078, 0.9357605576515198, 0.372030645608902, 1.6516963243484497, 0.30376195907592773, -0.5944811701774597, -1.278234839439392, -0.012435287237167358, 1.2781084775924683, 0.8983241319656372, 0.9857198596000671, 0.31553012132644653, 0.025658277794718742, -0.04742078483104706, 0.8351925611495972, 1.9520903825759888, -0.04110480472445488, 0.02342461235821247, -0.09540972858667374, 2.2279114723205566, 1.0940947532653809, -1.0256630182266235, -0.79631507396698, 1.3800106048583984, -0.2028222680091858, 0.07084717601537704, -0.35793522000312805, 1.807181477546692, 0.48035624623298645, -0.5587666630744934, -1.3272719383239746, 1.2793906927108765, 1.2879762649536133, 0.6870211362838745, 0.3744553327560425, -1.2780747413635254, -0.34936073422431946, 1.283969759941101, 1.3415453433990479, 0.600548505783081, -1.0725959539413452, 0.6040278077125549, -0.9722798466682434, -0.5882221460342407, -1.6471320390701294, -0.5145837664604187, 2.203892230987549, 1.1479319334030151, 1.33272385597229, -1.3953187465667725, -0.26821184158325195, 0.0051261684857308865, -0.550546407699585, -0.7043614983558655, -1.5011870861053467, -1.5682634115219116, 0.18658533692359924, -1.5944066047668457, -0.16319459676742554, -0.6491947770118713, -1.1754372119903564, 1.5885601043701172, 0.40929654240608215, -0.3251419961452484, 1.070694088935852, -0.7578926086425781, 1.8258156776428223, 0.8156141042709351, 0.41830235719680786]]]

nike
[[[-1.1368184089660645, -1.0651715993881226, 0.08393604308366776, 0.7313427329063416, -0.3439348042011261, 0.194893017411232, -0.5077042579650879, -1.3989259004592896, -0.510717511177063, 2.1168127059936523, 0.12565243244171143, -1.8547660112380981, 0.3356417715549469, -1.105405569076538, 1.1462839841842651, -0.8223690390586853, -0.8912208676338196, 0.7133840918540955, 0.1815173327922821, -2.0481374263763428, -0.2337752878665924, 0.42790868878364563, -1.8811110258102417, 1.0804623365402222, 0.1322130262851715, -1.3949427604675293, 0.7229808568954468, -1.4590833187103271, -0.20675601065158844, -1.1146299839019775, -1.2447128295898438, -1.2986812591552734, 0.4978649914264679, 0.6254236102104187, 0.31490224599838257, 0.668259859085083, -0.23993009328842163, 0.9780279994010925, -0.7178366780281067, 0.11855434626340866, -0.08212549239397049, -1.3879156112670898, -1.213882327079773, -0.01230902411043644, 0.05858278274536133, -1.015970230102539, 0.2756589353084564, -1.0375638008117676, 0.8107130527496338, 0.5696306228637695, -0.29135143756866455, -1.6208730936050415, -0.2244473099708557, 0.36898019909858704, 0.5137975215911865, 0.764765739440918, 0.17442810535430908, 1.172886848449707, -0.9523640275001526, 1.7220172882080078, 0.9357605576515198, 0.372030645608902, 1.6516963243484497, 0.30376195907592773, -0.5944811701774597, -1.278234839439392, -0.012435287237167358, 1.2781084775924683, 0.8983241319656372, 0.9857198596000671, 0.31553012132644653, 0.025658277794718742, -0.04742078483104706, 0.8351925611495972, 1.9520903825759888, -0.04110480472445488, 0.02342461235821247, -0.09540972858667374, 2.2279114723205566, 1.0940947532653809, -1.0256630182266235, -0.79631507396698, 1.3800106048583984, -0.2028222680091858, 0.07084717601537704, -0.35793522000312805, 1.807181477546692, 0.48035624623298645, -0.5587666630744934, -1.3272719383239746, 1.2793906927108765, 1.2879762649536133, 0.6870211362838745, 0.3744553327560425, -1.2780747413635254, -0.34936073422431946, 1.283969759941101, 1.3415453433990479, 0.600548505783081, -1.0725959539413452, 0.6040278077125549, -0.9722798466682434, -0.5882221460342407, -1.6471320390701294, -0.5145837664604187, 2.203892230987549, 1.1479319334030151, 1.33272385597229, -1.3953187465667725, -0.26821184158325195, 0.0051261684857308865, -0.550546407699585, -0.7043614983558655, -1.5011870861053467, -1.5682634115219116, 0.18658533692359924, -1.5944066047668457, -0.16319459676742554, -0.6491947770118713, -1.1754372119903564, 1.5885601043701172, 0.40929654240608215, -0.3251419961452484, 1.070694088935852, -0.7578926086425781, 1.8258156776428223, 0.8156141042709351, 0.41830235719680786]]]

Nike
[[[-1.2856793403625488, -1.1603429317474365, -0.24096770584583282, 1.5812188386917114, -0.2847035527229309, -0.3043964207172394, -0.5657222867012024, -0.8787294626235962, -0.7955127954483032, 1.752902626991272, -0.006247010547667742, -1.9265673160552979, 0.8527858853340149, -0.9782480597496033, 1.2450189590454102, -0.6577615737915039, -0.6049313545227051, 0.8864771723747253, 0.26042282581329346, -1.3554115295410156, -0.08298974484205246, 1.028542160987854, -1.5602607727050781, 0.781375527381897, 0.4137803614139557, -1.2262884378433228, 0.6446294784545898, -1.5402237176895142, -0.26321351528167725, -1.2390891313552856, -1.0570350885391235, -1.440423846244812, 0.21145747601985931, 1.1021137237548828, 0.15902675688266754, 0.5562177896499634, -0.2568172216415405, 0.7577203512191772, -1.246712327003479, 0.1753682941198349, -0.24205701053142548, -0.8589834570884705, -1.354756474494934, -0.5894144773483276, -0.37956494092941284, -0.9278476238250732, 0.6854291558265686, -1.0453307628631592, 0.6651583313941956, 1.4964604377746582, -0.25268828868865967, -1.4121114015579224, -0.1849329173564911, 0.18630048632621765, -0.09102647006511688, 0.6330364942550659, 0.09550179541110992, 0.6751811504364014, -1.2878193855285645, 1.0499821901321411, 1.1186258792877197, 0.4857414960861206, 2.074936628341675, 0.6393783092498779, -0.6021699905395508, -1.544638991355896, 0.638742983341217, 1.3862929344177246, 0.596919596195221, 0.5800737142562866, -0.048679839819669724, 0.17272789776325226, -0.5132709741592407, 1.0484577417373657, 1.7057682275772095, -0.2334308922290802, 0.30400294065475464, -0.2840754985809326, 1.5965520143508911, 0.6058187484741211, -0.27008166909217834, -0.7278105616569519, 1.2087299823760986, -0.4324325919151306, 0.20710839331150055, 0.45433226227760315, 1.0080254077911377, 0.3304365873336792, -0.6129608750343323, -0.7963960766792297, 1.223755121231079, 0.942788302898407, 0.4079928398132324, 0.6625174880027771, -2.1079671382904053, -0.42369556427001953, 1.0389822721481323, 1.7433550357818604, 0.8795129656791687, -0.778780996799469, 1.3738207817077637, -1.223414659500122, -0.652664065361023, -1.194814682006836, -0.5355564951896667, 2.3751699924468994, 1.9699450731277466, 0.8156817555427551, -1.749487042427063, -1.464086890220642, -0.11646761000156403, -0.8225257992744446, -0.41032153367996216, -1.1809380054473877, -1.122015118598938, 0.43880730867385864, -1.7687479257583618, 0.04720213636755943, -0.643344521522522, -1.5159273147583008, 1.0441985130310059, 0.8515873551368713, 0.1424567848443985, 1.3071914911270142, -0.743951141834259, 1.693841576576233, 1.1174051761627197, -0.029528554528951645]]]

Nike
[[[-1.2856793403625488, -1.1603429317474365, -0.24096770584583282, 1.5812188386917114, -0.2847035527229309, -0.3043964207172394, -0.5657222867012024, -0.8787294626235962, -0.7955127954483032, 1.752902626991272, -0.006247010547667742, -1.9265673160552979, 0.8527858853340149, -0.9782480597496033, 1.2450189590454102, -0.6577615737915039, -0.6049313545227051, 0.8864771723747253, 0.26042282581329346, -1.3554115295410156, -0.08298974484205246, 1.028542160987854, -1.5602607727050781, 0.781375527381897, 0.4137803614139557, -1.2262884378433228, 0.6446294784545898, -1.5402237176895142, -0.26321351528167725, -1.2390891313552856, -1.0570350885391235, -1.440423846244812, 0.21145747601985931, 1.1021137237548828, 0.15902675688266754, 0.5562177896499634, -0.2568172216415405, 0.7577203512191772, -1.246712327003479, 0.1753682941198349, -0.24205701053142548, -0.8589834570884705, -1.354756474494934, -0.5894144773483276, -0.37956494092941284, -0.9278476238250732, 0.6854291558265686, -1.0453307628631592, 0.6651583313941956, 1.4964604377746582, -0.25268828868865967, -1.4121114015579224, -0.1849329173564911, 0.18630048632621765, -0.09102647006511688, 0.6330364942550659, 0.09550179541110992, 0.6751811504364014, -1.2878193855285645, 1.0499821901321411, 1.1186258792877197, 0.4857414960861206, 2.074936628341675, 0.6393783092498779, -0.6021699905395508, -1.544638991355896, 0.638742983341217, 1.3862929344177246, 0.596919596195221, 0.5800737142562866, -0.048679839819669724, 0.17272789776325226, -0.5132709741592407, 1.0484577417373657, 1.7057682275772095, -0.2334308922290802, 0.30400294065475464, -0.2840754985809326, 1.5965520143508911, 0.6058187484741211, -0.27008166909217834, -0.7278105616569519, 1.2087299823760986, -0.4324325919151306, 0.20710839331150055, 0.45433226227760315, 1.0080254077911377, 0.3304365873336792, -0.6129608750343323, -0.7963960766792297, 1.223755121231079, 0.942788302898407, 0.4079928398132324, 0.6625174880027771, -2.1079671382904053, -0.42369556427001953, 1.0389822721481323, 1.7433550357818604, 0.8795129656791687, -0.778780996799469, 1.3738207817077637, -1.223414659500122, -0.652664065361023, -1.194814682006836, -0.5355564951896667, 2.3751699924468994, 1.9699450731277466, 0.8156817555427551, -1.749487042427063, -1.464086890220642, -0.11646761000156403, -0.8225257992744446, -0.41032153367996216, -1.1809380054473877, -1.122015118598938, 0.43880730867385864, -1.7687479257583618, 0.04720213636755943, -0.643344521522522, -1.5159273147583008, 1.0441985130310059, 0.8515873551368713, 0.1424567848443985, 1.3071914911270142, -0.743951141834259, 1.693841576576233, 1.1174051761627197, -0.029528554528951645]]]

puma
[[[-1.4674334526062012, -0.7809737324714661, 0.08017846196889877, 0.6354738473892212, -0.32949110865592957, 0.44099366664886475, -1.3201029300689697, -1.190610408782959, -0.3699338734149933, 1.8138169050216675, 0.392068475484848, -1.6501870155334473, 0.5798393487930298, -0.6786975264549255, 1.0641982555389404, -1.1482694149017334, -0.7347855567932129, 1.4214106798171997, 0.4578733444213867, -2.0398383140563965, 0.34951677918434143, 0.17898772656917572, -1.3955975770950317, 1.465177297592163, 0.1999090611934662, -1.0040879249572754, 0.9880607724189758, -1.2861311435699463, -0.0469229519367218, -0.7368195056915283, -0.5976060628890991, -1.1673517227172852, 0.13141287863254547, 1.258864402770996, -0.10088113695383072, -0.21936669945716858, 0.35054636001586914, 0.10052967816591263, -0.9189608693122864, 0.25179624557495117, 0.016500147059559822, -1.337777853012085, -0.8246110677719116, 0.0059854863211512566, -0.8096455931663513, -0.7760637998580933, 0.37603020668029785, -1.1648491621017456, 0.8462813496589661, 1.2323905229568481, -1.3165851831436157, -1.2128762006759644, -0.7694755792617798, -0.38582995533943176, 0.4172057807445526, 1.0279300212860107, 0.2987557351589203, 0.747108519077301, -0.7743865847587585, 0.8910886645317078, 1.0350396633148193, 0.7744805812835693, 1.6221790313720703, -0.14848856627941132, -0.640694260597229, -1.7261563539505005, -0.0750163346529007, 0.8702747225761414, 1.2942036390304565, 0.3348468244075775, 0.32296040654182434, 0.3199313282966614, -0.6887364983558655, 1.327083706855774, 2.371708393096924, -0.4587600827217102, -0.36228105425834656, 0.6834318041801453, 2.1441519260406494, 0.5111517310142517, -0.6732954978942871, -1.1863477230072021, 1.3222202062606812, -0.2858094573020935, -0.6401156187057495, -0.5318369269371033, 1.2109448909759521, 0.6201530694961548, 0.024997668340802193, -1.199491262435913, 1.3777531385421753, 0.8751251697540283, 0.974349319934845, 0.4375636577606201, -1.4545506238937378, 0.06684228032827377, 0.7281932234764099, 1.9193270206451416, 0.8153311014175415, -0.5559496283531189, 1.0056917667388916, -0.8808194398880005, -0.32136809825897217, -0.699479341506958, -0.42417606711387634, 2.4520792961120605, 1.5911017656326294, 1.2237292528152466, -1.3237237930297852, -0.5845476984977722, -0.18978598713874817, -1.1140671968460083, -0.10814948379993439, -1.4998500347137451, -1.3244311809539795, -0.05613581836223602, -1.847511649131775, 0.1155954971909523, -0.7776800394058228, -1.4440068006515503, 1.5679861307144165, -0.109284408390522, -0.1374567151069641, 0.9691511988639832, -1.0728377103805542, 1.8973151445388794, 0.4451870620250702, -0.17302468419075012]]]

Nike
[[[-1.2856793403625488, -1.1603429317474365, -0.24096770584583282, 1.5812188386917114, -0.2847035527229309, -0.3043964207172394, -0.5657222867012024, -0.8787294626235962, -0.7955127954483032, 1.752902626991272, -0.006247010547667742, -1.9265673160552979, 0.8527858853340149, -0.9782480597496033, 1.2450189590454102, -0.6577615737915039, -0.6049313545227051, 0.8864771723747253, 0.26042282581329346, -1.3554115295410156, -0.08298974484205246, 1.028542160987854, -1.5602607727050781, 0.781375527381897, 0.4137803614139557, -1.2262884378433228, 0.6446294784545898, -1.5402237176895142, -0.26321351528167725, -1.2390891313552856, -1.0570350885391235, -1.440423846244812, 0.21145747601985931, 1.1021137237548828, 0.15902675688266754, 0.5562177896499634, -0.2568172216415405, 0.7577203512191772, -1.246712327003479, 0.1753682941198349, -0.24205701053142548, -0.8589834570884705, -1.354756474494934, -0.5894144773483276, -0.37956494092941284, -0.9278476238250732, 0.6854291558265686, -1.0453307628631592, 0.6651583313941956, 1.4964604377746582, -0.25268828868865967, -1.4121114015579224, -0.1849329173564911, 0.18630048632621765, -0.09102647006511688, 0.6330364942550659, 0.09550179541110992, 0.6751811504364014, -1.2878193855285645, 1.0499821901321411, 1.1186258792877197, 0.4857414960861206, 2.074936628341675, 0.6393783092498779, -0.6021699905395508, -1.544638991355896, 0.638742983341217, 1.3862929344177246, 0.596919596195221, 0.5800737142562866, -0.048679839819669724, 0.17272789776325226, -0.5132709741592407, 1.0484577417373657, 1.7057682275772095, -0.2334308922290802, 0.30400294065475464, -0.2840754985809326, 1.5965520143508911, 0.6058187484741211, -0.27008166909217834, -0.7278105616569519, 1.2087299823760986, -0.4324325919151306, 0.20710839331150055, 0.45433226227760315, 1.0080254077911377, 0.3304365873336792, -0.6129608750343323, -0.7963960766792297, 1.223755121231079, 0.942788302898407, 0.4079928398132324, 0.6625174880027771, -2.1079671382904053, -0.42369556427001953, 1.0389822721481323, 1.7433550357818604, 0.8795129656791687, -0.778780996799469, 1.3738207817077637, -1.223414659500122, -0.652664065361023, -1.194814682006836, -0.5355564951896667, 2.3751699924468994, 1.9699450731277466, 0.8156817555427551, -1.749487042427063, -1.464086890220642, -0.11646761000156403, -0.8225257992744446, -0.41032153367996216, -1.1809380054473877, -1.122015118598938, 0.43880730867385864, -1.7687479257583618, 0.04720213636755943, -0.643344521522522, -1.5159273147583008, 1.0441985130310059, 0.8515873551368713, 0.1424567848443985, 1.3071914911270142, -0.743951141834259, 1.693841576576233, 1.1174051761627197, -0.029528554528951645]]]

keds
[[[-1.1822923421859741, -0.9216126203536987, 0.5414665937423706, 1.2034342288970947, -0.18072250485420227, 0.7207528352737427, -1.7166858911514282, -0.051756467670202255, -0.5839070081710815, 1.7658735513687134, 0.20183761417865753, -1.2636886835098267, -0.3214450478553772, -0.7204424738883972, 0.7808449864387512, -0.9276077151298523, -1.1731237173080444, 0.784986138343811, 0.07434999197721481, -1.3122968673706055, 0.32015228271484375, 0.8440281748771667, -1.1404565572738647, 1.3737369775772095, 0.9337721467018127, -1.0380321741104126, 1.1892237663269043, -1.5211193561553955, -0.020421402528882027, -0.260312557220459, -1.6011526584625244, -1.3927853107452393, 0.5139039158821106, 0.9700085520744324, 0.20345672965049744, -0.022998088970780373, -0.41560468077659607, -0.4267039895057678, -0.21264278888702393, 0.11429142951965332, -0.27889329195022583, -1.6430007219314575, -1.641375184059143, -0.8992558717727661, -0.4796741008758545, -0.630028247833252, 0.2393648624420166, -1.7701325416564941, 1.013055682182312, 0.7202484011650085, -0.30948156118392944, -1.9811564683914185, -0.7655411958694458, -0.03471862152218819, 0.17621034383773804, 0.4582357406616211, 0.1554311364889145, 0.323344886302948, -1.2320700883865356, 1.449324607849121, 1.0204724073410034, 0.9879195690155029, 1.3128763437271118, -0.1609165370464325, -0.7110357284545898, -1.304428219795227, 0.3159957826137543, 0.9283741116523743, 0.882754385471344, 0.8549320697784424, 0.27787357568740845, 0.5644611120223999, -0.5707082152366638, 1.020778775215149, 2.209897756576538, 0.18268698453903198, 0.056467413902282715, 0.046572376042604446, 1.9686359167099, 1.0562002658843994, -1.5428991317749023, -0.7998608946800232, 1.2590656280517578, -0.4317740797996521, -0.637654185295105, 0.19514037668704987, 1.4869716167449951, 0.2808629870414734, 0.48942649364471436, 0.11837184429168701, 1.1756343841552734, 0.4839191138744354, 1.0512527227401733, -0.13015589118003845, -1.209036946296692, -0.15431459248065948, 0.4063941240310669, 1.9023364782333374, 0.9571284055709839, 0.029912177473306656, 0.3263510763645172, -1.4771251678466797, -1.3378325700759888, -1.2197178602218628, -0.05908124893903732, 1.72832453250885, 1.6984323263168335, 1.5707052946090698, -1.3446311950683594, -0.6454892158508301, 0.336800754070282, -0.8709564805030823, -0.37499889731407166, -1.1991485357284546, -1.784766674041748, 0.054048649966716766, -1.7490586042404175, -1.059808373451233, 0.12215255945920944, -1.0475469827651978, 2.22151517868042, 0.6690557599067688, 0.07384444028139114, 0.6429449915885925, -0.5877850651741028, 1.4010448455810547, 1.1900566816329956, -0.14605548977851868]]]

connor
[[[-0.8692309856414795, -0.7295278906822205, 0.09018953144550323, 0.43557626008987427, -0.8852025866508484, 0.5848910808563232, -1.0157442092895508, -0.9884532690048218, -0.11064707487821579, 2.0774495601654053, -0.3894549012184143, -1.9022539854049683, 0.3441143035888672, -0.8793085813522339, 0.3284929692745209, -1.0077694654464722, -0.5196677446365356, 1.119043231010437, 0.7090997695922852, -2.1706299781799316, 0.5081275105476379, 0.14053396880626678, -1.019304633140564, 0.9581329822540283, -0.08202741295099258, -1.755700707435608, 1.2525728940963745, -1.0899161100387573, 0.3867820203304291, -0.715601921081543, -0.4011023938655853, -0.7941876649856567, -0.269285649061203, 1.2272489070892334, 0.6142736077308655, -0.6344300508499146, -0.3505825400352478, 0.18125222623348236, -1.0277127027511597, -0.5085825324058533, 0.10394035279750824, -2.1328487396240234, -1.2011302709579468, -0.8084642291069031, 0.32908716797828674, -0.3492176830768585, -0.2091929018497467, -1.264586329460144, 1.2044298648834229, 1.1734784841537476, -0.49086618423461914, -1.0483577251434326, -0.22847788035869598, -0.04501403495669365, 0.6814664006233215, 0.5939265489578247, 0.4223785400390625, 0.9538791179656982, -0.6462775468826294, 1.3617724180221558, 1.3329905271530151, 0.3761487901210785, 1.069878101348877, 0.0959264263510704, -0.0063780429773032665, -0.8756279945373535, 0.1943991333246231, 0.9358068108558655, 1.5480585098266602, 0.8195246458053589, 0.6038618087768555, 0.5890492796897888, 0.28456172347068787, 1.4851109981536865, 2.5596764087677, -0.08636250346899033, 0.6332222819328308, 0.3591565191745758, 2.160646438598633, 1.3001394271850586, -0.9376087188720703, -1.2889504432678223, 1.2139078378677368, -0.034074895083904266, -0.0473393052816391, -0.7379035949707031, 1.4648669958114624, 0.5997583270072937, -0.2815215587615967, -0.3055706322193146, 1.1239222288131714, 1.5700753927230835, 1.3451889753341675, -0.20316354930400848, -1.2950786352157593, -0.21935662627220154, 0.2591780722141266, 1.6052050590515137, 0.3985317349433899, -1.1363095045089722, -0.3722659647464752, -0.7664885520935059, -0.9392544031143188, -1.7060256004333496, -1.672156572341919, 1.575053334236145, 1.1995980739593506, 0.46948689222335815, -2.148833990097046, 0.5977953672409058, 0.8729272484779358, -0.17166687548160553, -0.27227744460105896, -1.9405261278152466, -2.076800584793091, -0.274576872587204, -1.2209126949310303, -0.5303083062171936, -0.07893825322389603, -0.9001848101615906, 1.5582271814346313, 0.6173515915870667, -0.727213442325592, 0.7733152508735657, -0.7570108771324158, 0.8509575128555298, 0.17486923933029175, 0.15093110501766205]]]

connie
[[[-1.6192681789398193, -0.7262886166572571, 0.7907184362411499, 0.049234695732593536, -0.5129216909408569, 0.396073579788208, -0.47005996108055115, -1.3650555610656738, -0.17780525982379913, 2.226072311401367, -0.3061275780200958, -1.9437556266784668, 0.5887566208839417, -0.3384254276752472, 0.023051932454109192, -1.030935287475586, -0.9451919198036194, 0.3697015941143036, 0.7909236550331116, -2.132948637008667, 0.2389490306377411, 0.6008573770523071, -1.7416929006576538, 1.3432027101516724, 0.867638111114502, -1.3443577289581299, 1.3577163219451904, -1.42462956905365, 0.5139689445495605, 0.20787657797336578, -0.7624824643135071, -1.0160866975784302, -0.06219751387834549, 0.7808338403701782, 0.07140320539474487, 0.1640186905860901, -0.44745221734046936, 0.012808125466108322, -1.4301419258117676, 0.006906590890139341, -0.15622179210186005, -1.4916993379592896, -0.534936785697937, -0.6642231941223145, -0.2599918842315674, -0.0010395538993179798, 0.6441363096237183, -1.6635421514511108, 1.1657999753952026, 1.0458472967147827, 0.13578225672245026, -1.775705337524414, -1.0086270570755005, 0.20625968277454376, 0.5619264841079712, 0.3286289572715759, 0.46448540687561035, 0.4649120569229126, -0.4417060613632202, 1.1323188543319702, 0.5771071314811707, 1.2036173343658447, 1.0180039405822754, 0.5464447140693665, 0.2401403784751892, -1.3207755088806152, 0.3254176080226898, 1.4258720874786377, 1.2095993757247925, 0.8857794404029846, 1.0535424947738647, 0.2449699193239212, -0.3220432996749878, 1.1648883819580078, 2.497943162918091, -0.0824754387140274, -0.1992335468530655, -0.707544207572937, 2.6861603260040283, 1.4205589294433594, -1.0895485877990723, -0.4407510757446289, 1.1381735801696777, -0.08289337903261185, -0.5360981822013855, -0.6768923997879028, 1.6681655645370483, 0.3765241503715515, -0.11654844135046005, -0.9469375610351562, 0.8344261050224304, 0.8249481916427612, 0.5849106311798096, -0.6534444689750671, -1.2000378370285034, -0.009728564880788326, 0.46725770831108093, 1.3943650722503662, 0.44956836104393005, -0.35866406559944153, 0.233109250664711, -0.9212120771408081, -0.7691928148269653, -1.681643009185791, -0.3559594750404358, 1.8635051250457764, 1.1158841848373413, 1.1388907432556152, -1.759132742881775, -0.250263512134552, 0.8872889876365662, -0.6849274039268494, -0.7320894598960876, -1.4450105428695679, -1.8154760599136353, -0.20460890233516693, -1.4179524183273315, -0.6837598085403442, 0.3670956492424011, -1.0739330053329468, 1.8399250507354736, 0.8949910402297974, -0.39400213956832886, 1.092045783996582, -0.9116171598434448, 0.8865286707878113, 0.09068030118942261, -0.5592247843742371]]]

dick
[[[-0.8705121278762817, -0.6050004363059998, 0.4451547861099243, 1.1223102807998657, -0.2301671952009201, 0.29736873507499695, -1.014015793800354, -0.7688233256340027, 0.44384467601776123, 1.170030951499939, 0.4787656366825104, -1.7484536170959473, 0.4399442672729492, -0.8743079304695129, 1.243673324584961, -1.2171777486801147, -1.2693380117416382, 0.8170827627182007, -0.23054829239845276, -1.7399951219558716, 0.6396934986114502, -0.16840416193008423, -1.3424824476242065, 0.9015178084373474, 0.6527230143547058, -0.9149418473243713, 0.3691374659538269, -1.3746075630187988, 0.1024680957198143, -0.2574063837528229, -0.662083625793457, -2.016554117202759, 0.1819797307252884, 0.3115854561328888, 0.528435230255127, -0.45892634987831116, 0.2547668218612671, 0.7339803576469421, -1.0389997959136963, -0.3453875780105591, 0.26821309328079224, -1.0717428922653198, -1.3407899141311646, 0.019196877256035805, 0.07144710421562195, -0.7777765989303589, 0.4807071387767792, -1.6228736639022827, 0.7477615475654602, 0.3490860164165497, -0.3885209560394287, -1.5133402347564697, -0.36748796701431274, 0.7715260982513428, -0.5561695694923401, 0.5945945978164673, 0.7866275906562805, 1.3757861852645874, -1.0261274576187134, 1.5573601722717285, 1.7240066528320312, 0.9022184610366821, 1.6086113452911377, 0.2504989802837372, -0.32241806387901306, -1.2116947174072266, -1.223260521888733, 0.4268049895763397, 1.210770845413208, 0.8028167486190796, 0.03952917829155922, -0.2950372099876404, -0.1578693836927414, 0.851810872554779, 1.9222832918167114, -0.44539812207221985, -0.2618946433067322, 0.4455236494541168, 1.9043399095535278, 0.9549227952957153, -1.0911530256271362, -1.1268004179000854, 1.8341656923294067, 0.25454336404800415, 0.18754099309444427, 1.057775616645813, 0.9360222816467285, 0.6062653064727783, -0.3775411546230316, -0.768323540687561, 0.688096821308136, 1.4892035722732544, 0.2829020321369171, 0.5904305577278137, -1.315455675125122, -0.7183433175086975, 0.30657315254211426, 1.9137638807296753, 0.8732386827468872, -1.0668792724609375, 0.3377736508846283, -1.0252180099487305, -0.8682972192764282, -0.8372831344604492, -0.7353182435035706, 1.0784965753555298, 1.6266238689422607, 1.808832049369812, -1.9474804401397705, -0.6033719182014465, 0.46322765946388245, -0.4538927674293518, -0.37421372532844543, -1.5724663734436035, -1.80715012550354, 0.6540125012397766, -2.0526390075683594, -0.7023766040802002, -1.1801890134811401, -1.4004746675491333, 1.6137462854385376, 0.6577455401420593, 0.07681093364953995, 1.2663620710372925, -0.8459827303886414, 1.0943713188171387, 1.3676230907440186, 0.3343292474746704]]]

richard
[[[-1.1819331645965576, -1.0195515155792236, 0.6383659243583679, 0.9078227281570435, -1.0268183946609497, -0.788790762424469, -1.264586091041565, -0.9531555771827698, -0.1992580145597458, 0.6671112179756165, -0.481953501701355, -1.6977150440216064, 0.706527590751648, -1.1017807722091675, 0.7876349091529846, -0.8640428185462952, -0.9160593152046204, 0.6694127321243286, 0.2339330017566681, -2.004542827606201, 1.0881686210632324, 0.7546542882919312, -0.4750001132488251, 0.981698215007782, 0.623283863067627, -2.0154874324798584, 1.3611295223236084, -0.7538155317306519, -0.2475348711013794, -0.9170697331428528, -0.5072075128555298, -1.7056940793991089, 0.6443592309951782, 0.11525105684995651, 0.7444054484367371, -0.5114290118217468, 0.03695809468626976, 0.13544149696826935, -1.2958332300186157, -0.07821361720561981, 0.6656736731529236, -0.92628014087677, -0.5271868705749512, -0.43991702795028687, 0.232884019613266, -0.346225768327713, 0.02809773199260235, -1.5408023595809937, 0.5677812099456787, 1.6537399291992188, -0.10254767537117004, -0.9386608004570007, -0.8096956014633179, 0.12757840752601624, -0.4085761606693268, 0.7220874428749084, 1.1423261165618896, 0.15558284521102905, -1.0180526971817017, 1.6089738607406616, 1.8396586179733276, 0.970940351486206, 0.8735212683677673, 0.5050628781318665, 0.2865816056728363, -1.0449304580688477, 0.09388109296560287, 0.638762354850769, 1.3928940296173096, 0.9050385355949402, 0.43292704224586487, 0.07007449120283127, 0.09725949168205261, 1.4304498434066772, 1.5067589282989502, -1.1042792797088623, -0.13447554409503937, 0.5128585696220398, 1.8050514459609985, 1.3990334272384644, -0.7584051489830017, -1.22215735912323, 0.7306810021400452, 0.25277623534202576, -0.6833735108375549, -0.2290440797805786, 1.0297496318817139, 0.8694533705711365, -0.40249815583229065, -1.3334636688232422, 1.2945430278778076, 1.9029978513717651, 1.135717511177063, 0.6708225607872009, -1.2745075225830078, 0.050219517201185226, 0.9850059151649475, 2.131343126296997, 0.3661765456199646, -1.1717627048492432, 0.3697230815887451, -0.8524972796440125, -0.7226052284240723, -0.8956751227378845, -1.2859094142913818, 2.1053900718688965, 1.4600114822387695, 1.066115379333496, -1.705342411994934, -0.2955107092857361, 0.3190065324306488, -0.3152533769607544, -0.8027604818344116, -1.81541109085083, -2.138897180557251, 0.22151575982570648, -1.4317150115966797, 0.05724141746759415, -0.6178885698318481, -1.9647973775863647, 1.1211328506469727, 0.8899675607681274, -0.1831110268831253, -0.031752243638038635, 0.11026892066001892, 1.1545910835266113, 0.27867743372917175, 0.14867690205574036]]]

old greek
[[[-1.0699516534805298, 0.22181262075901031, 0.5018277168273926, 0.8458456993103027, 0.15745747089385986, 0.5399867296218872, -1.423632264137268, -0.5175093412399292, -0.5293537974357605, 1.3287830352783203, -0.33020490407943726, -1.4788818359375, 0.37671998143196106, -1.2902097702026367, 0.5162859559059143, -1.5212184190750122, -0.31179311871528625, 1.5371155738830566, 0.32231569290161133, -2.376647710800171, 0.258858859539032, 0.7956976890563965, -1.4961646795272827, 0.4783610701560974, -0.4706326723098755, -0.805246889591217, 0.11154790222644806, -1.3727996349334717, 0.15862415730953217, -0.33551841974258423, -0.2834791839122772, -1.819164752960205, 0.5786682367324829, -0.14388138055801392, 1.2379140853881836, -0.24538180232048035, 0.04219172149896622, 0.5885058641433716, -0.4231540858745575, -0.5091367959976196, -0.031638212502002716, -1.6983742713928223, -1.8003292083740234, -0.5603963136672974, 0.09574459493160248, 0.145402193069458, 0.679699718952179, -0.775280237197876, 1.1931371688842773, 0.36286091804504395, -1.456629991531372, -0.46591252088546753, -0.18833225965499878, 0.0412365198135376, 0.8561367392539978, -0.1539239138364792, 0.1900997757911682, 0.6336039900779724, -0.9844316244125366, 1.2279952764511108, 2.089233160018921, 1.0655450820922852, 0.7351235151290894, -0.09739408642053604, 0.5246907472610474, -0.6816851496696472, -0.24875079095363617, 1.5941835641860962, 0.8216830492019653, 0.6191626191139221, -0.144631490111351, -0.06594415009021759, -0.7574873566627502, 0.6886058449745178, 2.4987032413482666, 0.3059127628803253, 1.228458285331726, 1.0322847366333008, 2.2372002601623535, 2.081880569458008, -1.1020212173461914, -1.6264575719833374, 2.1216511726379395, -0.36566486954689026, -0.3719727694988251, 0.04579107463359833, 1.6740386486053467, 0.570530116558075, 0.5761122703552246, -0.05394057556986809, 0.48490771651268005, 0.23117665946483612, 1.1332473754882812, -0.04596228525042534, -0.8711682558059692, -0.23686151206493378, 1.1629644632339478, 1.0606451034545898, -0.20415975153446198, -1.052699327468872, 0.09771674871444702, -1.1158076524734497, -1.1284455060958862, -0.4117036759853363, -0.3093758523464203, 1.1553339958190918, 1.378708004951477, 1.0515077114105225, -1.1258182525634766, -0.38954415917396545, -0.43856489658355713, -0.038673583418130875, -1.6337597370147705, -1.5957231521606445, -2.3076212406158447, 0.18624654412269592, -1.3515241146087646, -0.7968433499336243, -1.0478761196136475, -0.2418116182088852, 1.8532557487487793, -0.5728709697723389, 0.3068423271179199, -0.05199086666107178, -1.331555724143982, 1.468385100364685, 0.010105221532285213, 0.5692535638809204]]]

conor
[[[-1.3181418180465698, -0.7142242193222046, 0.8909364938735962, 1.3198893070220947, -0.2654484510421753, 0.5149523019790649, -1.4032915830612183, -0.8936817646026611, 0.17651204764842987, 1.6340086460113525, -0.02952808327972889, -1.5782945156097412, 0.3801560401916504, -0.2413342148065567, 0.12970958650112152, -1.6166002750396729, -0.1791916787624359, 1.3530653715133667, 0.8268797993659973, -2.5622475147247314, 0.6640142798423767, -0.38765591382980347, -0.8158996105194092, 1.098150372505188, 0.4166643023490906, -1.495771884918213, 1.0337293148040771, -1.3142762184143066, 0.42193323373794556, 0.15335914492607117, -0.6724447011947632, -0.9935388565063477, -0.3815537393093109, 0.793715238571167, 0.5554519891738892, -0.5519504547119141, -0.3701654076576233, -0.2484641820192337, -1.2286899089813232, -1.0788297653198242, -0.0976434275507927, -1.3092761039733887, -0.41518983244895935, -0.6138606667518616, 0.30409952998161316, 0.18294492363929749, 0.05327335372567177, -1.5127558708190918, 0.7208076119422913, 0.6100021004676819, -0.8159410953521729, -1.1578015089035034, -0.5903764367103577, -0.009870839305222034, 0.14188407361507416, 0.6918385028839111, 0.33708515763282776, 0.9491564631462097, -0.5766937136650085, 1.0660053491592407, 1.7680970430374146, 0.9540449380874634, 0.8875675797462463, 0.41958707571029663, 0.16094841063022614, -1.4029887914657593, 0.24348151683807373, 1.0403393507003784, 1.3670071363449097, -0.008838075213134289, 0.4579877555370331, -0.5220979452133179, -0.10626459121704102, 1.7950658798217773, 2.43388295173645, 0.0623101145029068, 0.15845204889774323, 0.6285802721977234, 2.6966450214385986, 1.4452691078186035, -1.0505943298339844, -1.1173349618911743, 1.012225866317749, 0.5950510501861572, -0.5262659192085266, -0.5545393824577332, 1.7395867109298706, 0.7195698618888855, 0.15296809375286102, -0.8518251180648804, 0.619290292263031, 1.2159523963928223, 0.774791955947876, 0.24778810143470764, -1.5332281589508057, -0.014906102791428566, 0.31842517852783203, 1.6196181774139404, 0.6327884793281555, -0.615633487701416, -0.10871748626232147, -0.8306348919868469, -0.7073105573654175, -0.7463496327400208, -0.9903191924095154, 1.550459861755371, 1.4591213464736938, 0.6556042432785034, -1.8892593383789062, -0.46311110258102417, 0.16122010350227356, -0.049723707139492035, -0.7806280851364136, -2.157688617706299, -1.8039699792861938, -0.5309484004974365, -1.3233444690704346, -0.10196534544229507, -0.1054275631904602, -1.1910738945007324, 1.8895319700241089, 0.8642448782920837, -0.5612070560455322, 0.3217514455318451, -1.5541777610778809, 1.117805004119873, 0.29272323846817017, -0.2590012550354004]]]

conrad
[[[-0.7333729863166809, -0.7462721467018127, 0.3279411196708679, 0.7559059262275696, -1.1996386051177979, 0.5727360248565674, -1.4643923044204712, -1.229025959968567, -0.17878518998622894, 2.3685903549194336, -0.005725854076445103, -1.5121922492980957, 1.2020971775054932, -0.27038466930389404, -0.03259006142616272, -1.1325740814208984, -0.9188978672027588, 0.7856910228729248, 0.7445460557937622, -1.744873046875, 0.2668991684913635, 0.418201208114624, -1.579819917678833, 1.0685935020446777, 0.07406480610370636, -1.5173918008804321, 1.1599657535552979, -1.4693690538406372, -0.1582154482603073, -0.603512704372406, -0.11130575835704803, -1.2686892747879028, -0.300508052110672, 1.2693265676498413, 0.8287505507469177, -1.0780787467956543, -0.43372225761413574, 0.22445224225521088, -1.018375039100647, -0.24737627804279327, 0.2351355254650116, -1.6505872011184692, -0.876718282699585, -0.7786961197853088, -0.04114982485771179, -0.2556719183921814, 0.04400522634387016, -1.2708323001861572, 0.9705755710601807, 0.9564037322998047, -0.2151385396718979, -1.5625128746032715, -0.07345014810562134, 0.04450060427188873, 0.40564021468162537, 0.3981098532676697, 0.3678458631038666, 1.08131742477417, -0.7492858171463013, 0.839371919631958, 1.1780617237091064, 0.5293092727661133, 1.2042042016983032, 0.0640554428100586, -0.12432195246219635, -1.038071632385254, 0.3402180075645447, 0.8815654516220093, 1.2339377403259277, 1.349085807800293, 0.7593172192573547, 0.24073022603988647, -0.06241460144519806, 1.7515795230865479, 2.874232292175293, -0.16299556195735931, 0.13058948516845703, 0.4939005672931671, 2.5888564586639404, 1.3960962295532227, -1.2123116254806519, -0.8444717526435852, 1.3054132461547852, 0.23688437044620514, -0.13736197352409363, -0.4379492402076721, 1.3568731546401978, 0.5939423441886902, -0.17619739472866058, -1.0063151121139526, 0.34917721152305603, 1.2982550859451294, 1.042896032333374, 0.052522871643304825, -1.0860368013381958, -0.016858695074915886, -0.01686064712703228, 1.6491262912750244, 0.8380856513977051, -1.026265025138855, -0.32464396953582764, -0.9450278282165527, -1.1150143146514893, -1.3001015186309814, -0.9128831624984741, 1.5908763408660889, 1.503452181816101, 0.6717918515205383, -1.853374719619751, 0.35282883048057556, 1.2614061832427979, -0.7045696377754211, -0.40974605083465576, -1.5965192317962646, -2.028885841369629, 0.1601850539445877, -1.219339370727539, -0.045299336314201355, -0.3483428955078125, -0.903923511505127, 1.2878901958465576, 0.35164275765419006, -0.7508558034896851, 0.9515777826309204, -1.188711404800415, 0.4664759933948517, 0.11180689930915833, -0.4347167909145355]]]

conor o'connor
[[[-1.9702650308609009, -0.3347504138946533, 0.7080861926078796, 0.7694758772850037, -0.07864418625831604, 1.8804993629455566, -1.1401536464691162, -0.5814334154129028, 0.9426319599151611, 0.9312098622322083, -0.37699076533317566, -1.6424394845962524, -0.5622807741165161, 0.8355119228363037, -0.1092943549156189, -1.7187600135803223, 0.46163809299468994, 0.15272162854671478, 0.3159717619419098, -1.6903817653656006, -0.580337643623352, -0.9716945886611938, -1.2430740594863892, 1.5009558200836182, -0.2980758547782898, -1.0408267974853516, 2.204439163208008, -0.9325091242790222, 0.5523771643638611, 1.184018850326538, -1.2732657194137573, -0.5273226499557495, 0.06466936320066452, 0.47364142537117004, 1.5440117120742798, -0.18978512287139893, -0.8788488507270813, -0.6608120799064636, -1.5067663192749023, -0.6770034432411194, -0.03706839308142662, -1.0184293985366821, 0.04436841607093811, -0.7077033519744873, 0.7692432999610901, 1.923183798789978, 0.02906499058008194, -0.646673858165741, 0.5552401542663574, 0.6928449273109436, -0.43260303139686584, 0.9675253629684448, -0.1823531985282898, -0.06389307975769043, -0.2039622664451599, -0.7324544191360474, 0.3288523852825165, -0.34410327672958374, 0.4518868327140808, 0.5775523781776428, 1.7053033113479614, 0.37216833233833313, 1.3581342697143555, 0.9758700132369995, 0.7678065896034241, -0.3620506823062897, -0.03309744596481323, 0.06562035530805588, 1.349363088607788, -0.7560387849807739, 1.0762566328048706, 0.06171358376741409, -0.9737592339515686, 0.3653198480606079, 1.9704145193099976, -0.4517926275730133, 0.7988076210021973, 0.5402974486351013, 2.1664211750030518, 1.9128388166427612, -2.2870075702667236, -0.2937324047088623, 0.7347782850265503, 0.0862528532743454, -0.5882476568222046, 0.5333523154258728, 1.5646939277648926, 0.059691064059734344, 0.14693626761436462, -1.0988926887512207, 0.44618135690689087, 0.019629905000329018, -0.21281036734580994, -0.2241855263710022, -1.2822731733322144, 0.2631644010543823, -1.3185609579086304, 0.610049843788147, 0.7767186164855957, -0.2367379367351532, 0.32082584500312805, 0.0043076155707240105, -0.4007571041584015, 0.3501794934272766, -0.7624909281730652, 1.0402753353118896, 1.874670386314392, 1.118058204650879, -1.372650146484375, -0.30443111062049866, 0.4218541979789734, 1.1898564100265503, -1.2978547811508179, -1.031752109527588, -1.7496803998947144, -0.9683761596679688, -1.9185545444488525, -0.9552127122879028, -0.7695673704147339, -0.07785850763320923, 1.6544477939605713, 0.013898294419050217, -0.9120398163795471, 0.051017891615629196, -2.472325325012207, 0.6111051440238953, 1.1867088079452515, -0.958914577960968]]]

clive
[[[-1.3543915748596191, -1.2096079587936401, -0.04728056490421295, 1.083817481994629, -0.021837057545781136, -0.031214071437716484, -1.1550861597061157, -0.41753336787223816, -0.23609444499015808, 1.9617732763290405, -0.33777931332588196, -1.0801821947097778, 0.538766622543335, -1.045986294746399, 0.28064867854118347, -0.7651481628417969, -0.8295063376426697, 1.086719274520874, 0.476910263299942, -1.460392713546753, -0.286750465631485, 0.9047443270683289, -1.115674614906311, 0.35469338297843933, -0.14704827964305878, -1.5919133424758911, 1.3792469501495361, -1.1735079288482666, 0.14228355884552002, -0.6354032158851624, -0.984214186668396, -1.1332277059555054, 0.2955009341239929, 0.6399730443954468, 0.9267440438270569, -0.3199794590473175, -1.0509228706359863, 0.28195643424987793, -0.969002366065979, -0.18683256208896637, 0.0631638616323471, -1.5125997066497803, -1.6373276710510254, -0.5326216220855713, -0.10590934753417969, -0.8081161379814148, 0.09542576223611832, -2.0038161277770996, 1.3102593421936035, 0.9051029086112976, -0.7296782732009888, -1.3724721670150757, -0.27016982436180115, -0.031859882175922394, 0.6517335772514343, 0.5703803300857544, 0.8407118916511536, 0.5664475560188293, -1.1098557710647583, 1.5596505403518677, 1.812315583229065, 0.6544218063354492, 1.8892475366592407, 0.004638392943888903, 0.08801323920488358, -1.1262438297271729, 0.35429245233535767, 1.2303050756454468, 1.185817003250122, 0.9789082407951355, 0.35638126730918884, 0.14790114760398865, -0.0846400335431099, 1.4258921146392822, 2.25057315826416, 0.19211144745349884, -0.09126900881528854, 0.12918096780776978, 1.9828521013259888, 0.6966303586959839, -1.325516700744629, -0.6868263483047485, 1.7447246313095093, -0.2684730887413025, -0.4297550618648529, -0.6965391635894775, 1.5601853132247925, 0.3310820162296295, -0.537011981010437, -0.7506176829338074, 0.6720568537712097, 1.528732419013977, 0.7747701406478882, 0.16895921528339386, -0.9358857870101929, 0.1451503187417984, 0.8825278282165527, 1.8083571195602417, 0.7761906385421753, -0.5678006410598755, 0.4985065162181854, -1.1059198379516602, -0.9136009216308594, -1.473921775817871, -0.9678043723106384, 2.2284562587738037, 0.7668197154998779, 0.8402239680290222, -1.6979106664657593, -0.6095381379127502, 0.17495940625667572, -0.5494312047958374, -0.4867844879627228, -2.0389037132263184, -1.6728407144546509, -0.02081621065735817, -1.5184290409088135, -0.4872344732284546, 0.23337556421756744, -1.2031692266464233, 1.2999908924102783, 0.3978758752346039, -0.021543709561228752, 0.940119743347168, -0.779954195022583, 1.450564980506897, 0.7529522776603699, 0.4766065776348114]]]

connery
[[[-0.667854905128479, -0.49831128120422363, 0.7055128216743469, 1.2232401371002197, -1.1027857065200806, 0.4695991277694702, -1.6623443365097046, -1.1248992681503296, 0.33401814103126526, 1.393043875694275, -0.3237423002719879, -2.1153066158294678, -0.5287947654724121, -0.5690400004386902, 1.307822585105896, -1.0070427656173706, -0.5003262162208557, 1.4326212406158447, -0.10533640533685684, -2.318873882293701, 0.17637039721012115, -0.14817099273204803, -1.005878210067749, 0.5265904068946838, -0.09780853241682053, -1.837332844734192, 0.6140417456626892, -1.941277265548706, 0.7097303867340088, -0.5990410447120667, -0.8872754573822021, -0.9842913150787354, -0.25801122188568115, 0.5735125541687012, 0.387543648481369, -0.5741538405418396, -0.6114813685417175, 0.44175177812576294, -0.7968981862068176, -0.8182383179664612, 0.5002897381782532, -1.7242752313613892, -0.7820994853973389, -0.18245746195316315, 0.33079051971435547, -0.634937047958374, -0.23649299144744873, -0.6534479856491089, 0.9634250402450562, 0.26826897263526917, -0.40651190280914307, -0.3350948989391327, 0.026152029633522034, -0.5718023180961609, 0.05250859260559082, 0.008121956139802933, 0.6510324478149414, 1.1310198307037354, -0.38964077830314636, 1.0033427476882935, 2.201785087585449, 1.2270716428756714, 0.735726535320282, -0.1315276324748993, 0.04845477640628815, -1.1212838888168335, -0.17710737884044647, 1.4324222803115845, 1.6612377166748047, 0.18623098731040955, 0.8828927874565125, -0.14869599044322968, 0.024662049487233162, 1.9887844324111938, 2.12605881690979, 0.7891553044319153, 0.6316676735877991, 0.7485826015472412, 2.4971485137939453, 1.9360657930374146, -1.7492599487304688, -1.4614300727844238, 0.771459698677063, 0.10431966185569763, -0.7442883849143982, -0.2914869487285614, 1.3372454643249512, 0.7138915061950684, 0.24154959619045258, -0.48759371042251587, 1.6080689430236816, 1.2440714836120605, 1.379140853881836, -0.10285815596580505, -0.44445496797561646, 0.14645257592201233, 0.31783801317214966, 0.7313129305839539, 0.5019294023513794, -1.3565768003463745, 0.08170345425605774, -0.7041693925857544, -0.5036563873291016, -1.1527146100997925, -1.16200590133667, 1.6896326541900635, 0.8025911450386047, 0.41545987129211426, -1.7306816577911377, 1.003482699394226, -0.02124238759279251, 0.5174282193183899, -0.8405436873435974, -1.811781883239746, -1.6410406827926636, -0.08754988014698029, -1.3649001121520996, -0.44016599655151367, -0.18965396285057068, -1.3965325355529785, 1.7355941534042358, 0.7156856060028076, -0.34729740023612976, 0.4260501563549042, -0.672555685043335, 0.545006513595581, -0.08413086831569672, -0.009751459583640099]]]

